Player,Season,Age,Team,Assist,G+A,Penalty_kicks_made,Expected_assisted_goals,xG+xAssisted_G,Expected_assists,Goals_per_shot,Goals_perShot_onTarget,Shots_onTarget,Passes_completed,Passes_attempted,Progressive_passes,Carries/90,Carries_into_final_third,Carries_into18yard_box,Miscontrols,Dispossesd,Goal_creating_actions,PassLive_lead_goal,Shot_creating_actions,Touches/90,Touches_Att_3rd,Touches_Att_Pen,Aerials_Won%,Yellow_cards,Fouls_committed,Fouls_drawn,Lost_challange_drib_player,Offsides,Penalty_kicks_won,Recov_loose_balls,Passes_behind_defenders,Swing_passes,Crosses,Corner_kikcs,Succ_Takes_on%,Role,Tier_league
Aaron Leya Iseka,2020-2021,22,Metz,0,0.4,0.2,0.1,0.5,0,1.5,0.12,0.33,35.3,12.6,0,66.7,1.2,1.1,0.9,3.1,4.6,0.1,0,26.2,10.6,2.9,41.4,0.4,2.3,1.1,0.4,0.3,0,1.9,0.1,0.1,0.2,0,57.9,CF,0
Aaron Leya Iseka,2018-2019,20,Toulouse,0,0.2,0,0,0.3,0,1.7,0.14,0.36,39.3,13,0,44.4,0.9,0.9,0.6,2.9,5.9,0.1,0.1,25.1,12.2,3.1,39.7,0.1,1.4,0.9,0.2,0.4,0,1.6,0.1,0,0.1,0,35,CF,0
Aaron Leya Iseka,2019-2020,21,Toulouse,0,0.2,0.1,0,0.6,0,2.8,0.04,0.11,37.5,15.4,0,50,1.3,0.9,1,2.8,5.9,0.2,0,31.6,13.9,4.3,41.5,0.2,2.3,1.2,0.3,0.7,0.1,1.7,0.1,0.1,0.2,0,56.3,CF,0
Abdul Majeed Waris,2018-2019,26,Nantes,0.1,0.3,0,0.1,0.3,0.1,0.1,0.31,0.5,17.3,24.3,2.2,27.1,1.9,1.4,3.1,2.4,0.4,0.2,3.1,35.8,19.5,3.6,27.1,0.1,0.7,2.9,0.8,0.4,0.1,4.3,0.2,0,1.6,0.6,39.7,SS,1
Adama Niane,2017-2018,24,Troyes,0.1,0.4,0.1,0.1,0.5,0,3,0.08,0.25,33.8,15.8,0.1,56,1,0.8,0.4,3.6,5.5,0.1,0,36.1,15.6,4.3,28.1,0.2,1.5,1.2,0.8,1.3,0.1,3.2,0,0.1,0.5,0,43.3,CF,0
Ado Onaiwu,2022-2023,26,Toulouse,0.1,0.2,0,0.1,0.2,0.1,1.6,0.11,0.5,21.1,21,0.1,66.7,0.9,0.9,0.5,2,7.2,0.1,0.1,36.4,16.5,2.9,49.3,0,1.2,1.2,0.7,0.2,0,2.9,0.2,0.2,0.4,0,40,CF,0
Adrian Grbić,2020-2021,23,Lorient,0,0.4,0.3,0,0.7,0,2.9,0.03,0.09,35.5,11.8,0,18.2,1.2,0.7,0.6,2.3,5,0.4,0,30,14.4,3.7,40.6,0.2,2.2,1.7,0.6,0.1,0.2,3,0,0.1,0.5,0,18.2,CF,0
Adrien Hunou,2019-2020,25,Rennes,0.1,0.7,0.1,0.2,0.8,0.1,2,0.26,0.5,51.9,17.5,0.2,46.2,1.5,1,0.4,3.1,6.1,0.4,0.2,36.5,15.7,3.4,32.1,0.1,1.3,2.5,1.3,0.3,0.1,3.6,0,0,0.7,0,35.7,CF,0
Adrien Hunou,2018-2019,24,Rennes,0.1,0.6,0,0,0.6,0,1.9,0.27,0.5,53.8,16.9,0,28.6,1.3,0.7,0.5,2,5.7,0.1,0.1,31.9,15,3.3,31.4,0.1,1,1.7,0.5,0.9,0,2.8,0,0.1,0.4,0,20,CF,0
Adrien Hunou,2017-2018,23,Rennes,0.1,0.4,0,0,0.3,0,1.5,0.2,0.5,40,25.2,0,39.3,1.1,0.9,0.3,2.3,7.7,0.2,0.1,42.2,18.8,2.5,26.2,0.1,1.2,1.9,1.9,1.2,0.1,4.8,0.1,0.2,0.6,0.1,40,CF,0
Adrien Hunou,2017-2018,23,Rennes,0.1,0.4,0,0,0.3,0,0.2,0.5,0.6,25.2,32.1,2,22.8,0.9,0.3,2.3,1.2,0.2,0.1,2.1,42.2,18.8,2.5,26.2,0.1,1.2,1.9,1.9,1.2,0.1,4.8,0.1,0.2,0.6,0.1,40,CF,0
Adrien Hunou,2018-2019,24,Rennes,0.1,0.6,0,0,0.6,0,0.27,0.5,1,16.9,22.4,1.2,17.1,0.7,0.5,2,0.4,0.1,0.1,1.5,31.9,15,3.3,31.4,0.1,1,1.7,0.5,0.9,0,2.8,0,0.1,0.4,0,20,CF,0
Adrien Hunou,2019-2020,25,Rennes,0.1,0.7,0.1,0.2,0.8,0.1,0.26,0.5,1,17.5,23.4,2,23,1,0.4,3.1,1.6,0.4,0.2,2.6,36.5,15.7,3.4,32.1,0.1,1.3,2.5,1.3,0.3,0.1,3.6,0,0,0.7,0,35.7,CF,0
Alassane Pléa,2017-2018,24,Nice,0.1,0.6,0,0.1,0.5,0.1,3.1,0.14,0.36,39.6,24.2,0,66.7,2.8,1.7,1.2,1.9,8.7,0.6,0.3,40.7,18.7,4.4,27.6,0.2,1.3,1.8,0.8,0.4,0,2.5,0.3,0.4,0.4,0,66.7,CF,1
Alexandre Mendy,2017-2018,23,Bordeaux,0,0.5,0,0.1,0.5,0.1,3.3,0.14,0.5,27.6,14.4,0,57.1,1,0,0.6,2.6,7.2,0.2,0,28.8,14.7,5.9,40.5,0.2,1.9,0.8,0.6,1.6,0,3.2,0.1,0.1,0.2,0,66.7,CF,0
Alexandre Mendy,2018-2019,24,Guingamp,0,0.4,0,0.1,0.5,0,2.6,0.14,0.43,31.8,9.9,0.1,50,0.6,0.8,0.2,2.9,4.3,0,0,23.5,11.3,4.3,36.2,0.2,1.6,1.1,0.6,1.2,0,1.6,0,0.1,0.4,0,44.4,CF,0
Alexandre Mendy,2019-2020,25,Brest,0.1,0.4,0,0,0.4,0,2.8,0.11,0.33,32.1,11.5,0.1,62.5,0.9,0.3,0.5,2,4.5,0.3,0.2,25,11.8,4.8,48.7,0.3,2.2,1,0.3,0.3,0,2.4,0.1,0.1,0.3,0,72.7,CF,0
Amine Gouiri,2020-2021,20,Nice,0.2,0.6,0.1,0.2,0.7,0.2,0.11,0.28,1,28.5,38,2.6,29.9,2.4,1.4,2.7,1.8,0.5,0.2,4.4,49.8,26.8,5.4,40.8,0.2,1.5,1.2,1,0.3,0,3.4,0.2,0.3,2.9,2.1,50.5,CF,1
Amine Gouiri,2021-2022,21,Nice,0.3,0.6,0.1,0.2,0.6,0.2,0.1,0.21,1.1,25.7,34.1,3.4,31.1,2.7,1.3,2.2,1.8,0.6,0.5,4.3,45.6,23.6,4.4,33.3,0.1,1,1,0.7,0.2,0,2.9,0.2,0.2,3.2,2.1,51.2,CF,1
Andreas Cornelius,2018-2019,25,Bordeaux,0.1,0.5,0,0.1,0.3,0.1,2.5,0.14,0.33,40.9,17.6,0,72.7,0.7,0.8,0.2,3.3,6.6,0.5,0.5,38.9,17.5,4.8,59.7,0.5,4.4,1.9,0.3,0.9,0,2.5,0.1,0.2,0.5,0,62.5,CF,0
Andy Delort,2020-2021,28,Montpellier,0.3,0.9,0,0.2,0.7,0.2,3.3,0.17,0.43,38.9,19.2,0.9,56.3,1.8,1,0.9,2.7,7.6,0.5,0.4,44.7,23.8,5.2,55.1,0.1,2,1.5,0.4,0.7,0,2.1,0.1,0.4,3.8,0.3,50,CF,0
Andy Delort,2018-2019,26,Montpellier,0.2,0.6,0.1,0.2,0.7,0.2,3.4,0.09,0.33,28.4,20.7,0.5,49.7,2.3,1,1,3.6,10,0.3,0.3,47.9,26.3,4.6,44.4,0.1,2.7,1.5,0.8,0.7,0,2.7,0.2,0.6,4,0.3,57.4,CF,0
Andy Delort,2019-2020,27,Montpellier,0.1,0.5,0,0.2,0.6,0.2,3.2,0.11,0.32,34.1,17.8,0.6,47,2,1.1,1.1,3.2,9.7,0.4,0.1,43.5,24.8,4.7,51.4,0.2,2.7,1.5,0.8,0.8,0,2.4,0.2,0.5,3.7,0.3,43.1,CF,0
Andy Delort,2017-2018,25,Toulouse,0.2,0.4,0,0.2,0.5,0.2,2.6,0.06,0.22,26.5,18.2,0.4,32.1,1.1,0.9,0.6,3.2,9.3,0.3,0.2,43,24.5,4,49.5,0.2,2.7,1.2,0.6,1.1,0,2.3,0,0.2,4.3,0.7,46.3,CF,0
Arkadiusz Milik,2020-2021,26,Marseille,0.1,0.7,0.2,0.1,0.6,0,3.2,0.14,0.33,41.9,16.8,0.1,50,1.1,0.6,0.6,2.4,5.5,0.3,0.2,33,16.2,4.6,46.4,0.1,1.1,1.5,0.7,0.4,0,1.5,0,0.1,0.5,0.1,50,CF,1
Arkadiusz Milik,2021-2022,27,Marseille,0.1,0.6,0.1,0.1,0.6,0.1,3.4,0.11,0.32,35.8,19,0,68.4,1,0.5,0.8,2.3,7.1,0.3,0.3,34.1,18,5.7,43.8,0.1,1.2,0.5,0.9,0.5,0,1.4,0.1,0.1,0.3,0,22.2,CF,1
Arnaud Kalimuendo,2021-2022,19,2 Teams,0,0.5,0.1,0.1,0.4,0.1,2.5,0.17,0.34,48.3,17.1,0.1,64.7,2,1.5,0.6,3.3,8,0.3,0.1,30.6,17.5,4,13.3,0,0.5,1.4,0.2,0.6,0,2.2,0.1,0,0.7,0,44.3,CF,0
Arnaud Kalimuendo,2020-2021,18,2 Teams,0.2,0.7,0,0.2,0.6,0.1,2.4,0.21,0.39,52.9,16.7,0.3,63.6,2.9,1.8,1.3,3.6,9.2,0.7,0.3,32.9,19.2,3.8,17.4,0,1.2,2,0.4,0.1,0.1,2.1,0,0.1,1.5,0,53.1,CF,0
Bamba Dieng,2021-2022,21,Marseille,0.1,0.7,0.1,0.2,0.9,0.1,3.3,0.17,0.33,50,13.3,0.1,50,2.2,0.9,1.6,2.3,7.6,0.5,0.1,29.3,16.2,6.3,39.4,0,1.3,1.2,0.9,0.4,0.2,3.8,0.3,0.1,0.3,0,29.4,CF,0
Baptiste Guillaume,2018-2019,23,Nîmes,0.1,0.2,0,0.1,0.3,0,1.3,0.12,0.22,52.9,13.3,0.1,66.7,0.7,1,0.2,2.8,4.6,0.1,0.1,29.4,12.4,2.3,54.2,0.3,1.8,1.6,0.5,0.2,0.1,2,0,0.1,0.2,0,71.4,CF,0
Benjamin Jeannot,2017-2018,25,Dijon,0.1,0.3,0,0.1,0.3,0.1,1.7,0.15,0.44,33.3,16,0,44,0.7,0.9,0.3,2.3,5.2,0.3,0.1,31.9,12.2,3.1,37.8,0.3,1.5,1.1,0.8,0.9,0,2.5,0.2,0.2,0.3,0,61.5,CF,0
Benjamin Jeannot,2018-2019,26,Dijon,0,0.1,0,0,0.2,0.1,2.8,0.04,0.17,26.7,19.4,0.1,58.5,0.4,0.4,0.1,2.3,5.5,0,0,38.4,15.7,3.4,43.7,0.2,2.1,1.4,0.8,0.4,0,4.4,0,0.2,0.7,0,66.7,CF,0
Boubakary Soumaré,2019-2020,20,Lille,0,0,0,0,0,0,0,,0,50.2,56.2,5.5,40.4,1.2,0.1,1.3,1.1,0.1,0,1.9,64,8.4,0.3,52.6,0.1,1.2,0.7,0.7,0,0,6.3,0,0.4,0.2,0,87,CF,1
Boubakary Soumaré,2020-2021,21,Lille,0,0,0,0,0.1,0.1,0,0,0.1,63.3,73,8.5,52.7,1.3,0,1,1,0.2,0.2,1.6,80.9,9.3,0.2,62.5,0.1,1.1,0.8,0.7,0,0,6.9,0,1,0,0,85.3,CF,1
Boulaye Dia,2018-2019,21,Reims,0,0.4,0,0.1,0.5,0,2.4,0.15,0.33,45,12.8,0,37.5,2.4,1.4,2,3.4,7.6,0.4,0,33,14.9,5.2,41.7,0.2,1.1,1.6,0.7,0.2,0.1,4.1,0,0,0.1,0,53.1,CF,1
Boulaye Dia,2019-2020,22,Reims,0,0.4,0,0.1,0.4,0.1,1.9,0.16,0.35,44.7,11.7,0,66.7,1.6,1.4,1,2.9,5.7,0.2,0.1,27.3,12.9,4.2,25,0,1.2,1.2,0.3,0.6,0,2.8,0,0,0.2,0,45.8,CF,1
Boulaye Dia,2020-2021,23,Reims,0,0.5,0.2,0.1,0.4,0,0.16,0.41,0.7,15,19.1,1.7,17,1.2,1.1,2.7,1.6,0.3,0,2.3,29.8,13.7,4,25.2,0.1,1,1.1,0.6,0.4,0,3.3,0,0.2,0.4,0,55.4,CF,1
Casimir Ninga,2017-2018,24,Montpellier,0.1,0.1,0,0.1,0.3,0.1,0.03,0.13,0.6,13.3,19.5,1.1,18.8,2,0.7,4.2,2,0.2,0.2,2.4,33.2,18.8,4.3,30.4,0.1,2.2,0.7,0.6,1.1,0,2.7,0.1,0.1,1.5,0,39,CF,0
Casimir Ninga,2018-2019,25,Caen,0.1,0.3,0,0.1,0.3,0.1,0.1,0.29,0.6,14,19.8,1,23.7,3.5,0.8,4.6,3.1,0.1,0.1,2,37,17.6,2.9,30.6,0.3,2.3,1.3,1.1,0.6,0,5.3,0.1,0.1,1.9,0,41.3,CF,0
Casimir Ninga,2019-2020,26,Angers,0.1,0.5,0,0.1,0.6,0.1,0.1,0.43,0.9,20.6,27.4,2.8,28.9,3.8,1.4,4,3.7,0.4,0.1,4.6,42.2,21.2,6.1,44.8,0.3,1.8,1.3,0.5,0.3,0,5.1,0.1,0.3,1.1,0,45,CF,0
Charles Abi,2020-2021,20,Saint-Étienne,0.2,0.5,0,0,0.2,0,0.16,0.75,0.4,12.6,19.9,2.1,16.4,1.5,0.2,3.3,2,0.3,0.2,1.4,31.6,14.4,3.6,38.5,0.1,1.8,0.7,0.9,0.7,0,2.6,0,0.1,0.3,0,50,CF,0
Christian Kouakou,2017-2018,26,Caen,0.1,0.2,0,0,0.4,0.1,0.04,0.17,0.6,11.3,16.7,0.9,17.2,1.4,1.3,2.7,1.7,0.1,0.1,2.8,29.6,14.1,3.9,52.9,0,1.9,2.3,1.5,1.5,0,4.7,0,0,2,0,37.5,CF,0
Christopher Nkunku,2017-2018,19,Paris S-G,0,0.6,0,0.1,0.4,0.1,0.2,0.31,1.9,46.5,51.5,4.4,44.8,2.3,0.4,2.6,2.7,0.1,0.1,2.9,62.6,20.1,3.9,50,0,1.7,1.3,1.6,0.3,0,4.4,0.1,0.3,1.4,1,68.4,CF,1
Christopher Nkunku,2018-2019,20,Paris S-G,0.2,0.4,0,0.2,0.4,0.2,0.13,0.6,0.4,44.5,50.2,4.7,41.5,3.3,0.9,2.3,1.6,0.5,0.3,2.9,61.4,26.1,3.1,42.3,0,1.6,2.3,0.7,0,0,4.4,0.4,0.2,1.2,0.3,59,CF,1
Corentin Jean,2017-2018,22,Toulouse,0.1,0.2,0,0.1,0.3,0.2,0.04,0.13,0.4,18.3,27.9,2.2,23.7,1.6,0.5,1.1,1.2,0.3,0.1,3,34.8,17.5,1.7,31.9,0.2,0.8,2.1,0.9,0.3,0.1,4.2,0.1,0.3,4.3,1.3,64.7,CF,0
Corentin Jean,2018-2019,23,Toulouse,0,0,0,0.2,0.4,0.1,0,0,0.9,20.6,29.2,1.7,23,1.1,1.6,3.1,2.6,0.3,0,2.1,41.9,22.3,3.7,32.5,0.1,1.1,2.1,0.9,0.7,0.1,5,0,0.1,3.9,1.1,38.5,CF,0
Diafra Sakho,2017-2018,27,Rennes,0,0.2,0,0,0.5,0,2.3,0.1,0.33,30,10.8,0.1,57.1,0.5,0.5,0,4.7,5,0,0,28.7,14.8,4.4,30.9,0.1,1.9,1.2,0.8,1,0,1.7,0.2,0,0.5,0,41.7,CF,0
Efthimis Koulouris,2019-2020,23,Toulouse,0.1,0.4,0,0.1,0.3,0.1,2.2,0.11,0.31,34.2,21,0.1,47.8,1,0.5,0.3,2.3,6.3,0.2,0.2,39.5,17.6,3.5,32,0.1,0.9,0.8,0.6,0.3,0,3.4,0,0.1,0.8,0,38.1,CF,0
El Bilal Touré,2020-2021,18,Reims,0.1,0.4,0,0.1,0.3,0,1.4,0.21,0.44,47.4,14.8,0,37.5,0.9,0.9,0.1,3.1,4.7,0.1,0.1,31.5,11.9,3.1,43.4,0.3,3,0.9,0.7,0.8,0,2.7,0,0,0.1,0,45.5,CF,0
El Bilal Touré,2021-2022,19,Reims,0.3,0.5,0.1,0.1,0.4,0.1,2.4,0.03,0.1,31.3,18.2,0.1,55.6,1.7,0.8,0.5,2.3,5.9,0.5,0.4,36.9,14.5,3.5,50.4,0.2,1.5,1.1,0.4,0.5,0,2.8,0,0.2,0.3,0,42.1,CF,0
Elye Wahi,2021-2022,18,Montpellier,0.1,0.6,0,0,0.4,0,2.2,0.23,0.5,46.5,8,0.1,30.8,1.2,0.6,0.7,2.7,5,0.3,0.2,21.5,11.9,4,17.8,0.1,0.9,1.3,0.5,1.1,0.1,2.3,0,0,0.6,0,37.5,CF,1
Emmanuel Rivière,2017-2018,27,Metz,0.1,0.3,0.1,0.1,0.6,0,3,0.04,0.14,31.3,19,0,58.1,0.9,1.1,0.5,3.2,8.1,0.2,0.1,37.6,19.2,4.9,37.4,0,1.9,0.7,0.5,0.4,0,2.5,0.1,0,0.1,0,59.1,CF,0
Enzo Crivelli,2018-2019,23,Caen,0,0.3,0,0,0.2,0,0.8,0.29,0.6,47.6,13.9,0.1,45.7,0.7,0.6,0.2,3,4.9,0.1,0,31,10.3,2.3,46.1,0.3,1.8,1.8,0.2,0.2,0,2.3,0.1,0,0.2,0,40,CF,0
Enzo Crivelli,2017-2018,22,2 Teams,0.1,0.2,0,0,0.2,0,1.1,0.14,0.5,28.6,12.7,0.1,38.5,0.4,0.4,0.2,2.9,5.3,0.1,0.1,29,12.4,3.1,45,0.4,2,1.6,0.4,0.5,0.1,1.7,0.1,0.1,0.3,0,55.6,CF,0
Ezequiel Ponce,2017-2018,20,Lille,0.1,0.2,0,0.2,0.4,0.1,1.7,0.1,0.4,23.8,17.1,0,72.2,0.7,0.7,0.3,3,5.3,0.1,0.1,30.9,12.5,3.4,32.9,0.2,3,0.9,0.6,0.9,0,2,0.1,0.6,0.2,0,85.7,CF,0
Gaëtan Laborde,2020-2021,26,Montpellier,0.2,0.7,0,0.1,0.4,0.1,2.7,0.16,0.4,40.4,15.9,0.2,38.9,2.2,1.6,0.9,2.9,6.6,0.5,0.4,36.6,17.1,5.7,51.3,0.1,1.7,0.8,1.2,0.2,0,3.3,0,0.1,1.5,0,47.1,CF,0
Gaëtan Laborde,2021-2022,27,2 Teams,0.2,0.7,0.1,0.2,0.6,0.1,2.9,0.13,0.36,36.7,14.1,0.3,66.7,1.3,0.8,0.4,2.9,6.9,0.6,0.4,33.4,16.5,5.3,44.3,0.1,1,0.7,0.6,0.6,0,2.8,0.1,0.1,1.1,0,28.9,CF,0
Gaëtan Laborde,2018-2019,24,2 Teams,0.1,0.5,0,0.2,0.5,0.1,2.6,0.13,0.41,31.4,18.1,0.1,48.4,3.1,1.9,0.8,2.8,7.4,0.3,0.2,41.3,20,4.2,46.5,0,1.1,1.1,0.5,0.2,0,4.3,0.1,0.1,1.6,0,42.2,CF,0
Gaëtan Laborde,2017-2018,23,Bordeaux,0,0.3,0.1,0,0.4,0,2.8,0.07,0.17,40,14.9,0.1,50,2.1,1.5,1,3.9,6.8,0.2,0.1,37.4,18.8,5.3,42.3,0.1,1.9,1.5,0.5,0.6,0,3.9,0,0,1.1,0,48.4,CF,0
Gaëtan Laborde,2019-2020,25,Montpellier,0.2,0.4,0,0.2,0.5,0.1,2.6,0.09,0.27,34.4,17.2,0.1,38.2,2.8,2.3,0.8,3.8,8.7,0.2,0.2,40.9,21.9,4.7,52.3,0,1.7,1.2,1.2,0.3,0,4.3,0.1,0.1,1.4,0,41.3,CF,0
Gerson Rodrigues,2021-2022,26,Troyes,0.1,0.2,0,0,0.4,0,2.4,0.04,0.14,30.4,16.7,0.1,56.3,2.7,2.4,0.6,4.9,6.4,0.2,0.1,39.1,16.5,2.7,47.1,0.6,3,1.7,1.7,0.6,0,2.9,0.1,0.1,1.1,0.4,26.7,CF,0
Giovanni Sio,2017-2018,28,Montpellier,0.1,0.5,0,0.1,0.6,0.1,3.4,0.12,0.26,47.6,17.3,0.2,51.5,1.5,1,0.8,2.5,9.1,0.2,0.2,36.7,18.9,4.6,54.4,0.2,2.4,1.7,0.8,1.1,0,2.8,0.1,0.2,1.2,0,48.8,CF,0
Habib Diallo,2021-2022,26,Strasbourg,0.1,0.7,0.1,0.2,0.7,0.1,2.9,0.18,0.43,42.9,14.5,0.1,73.3,1.1,0.8,0.9,4,7.7,0.5,0.2,33.6,16.6,5.1,47.8,0.1,1,1.2,0.5,0.9,0,2.8,0.2,0.1,0.5,0,51.5,CF,0
Habib Diallo,2019-2020,24,Metz,0.1,0.6,0,0.1,0.5,0.1,3,0.15,0.39,38.4,12.3,0,55.6,1.4,1.1,0.9,3.6,5.3,0.4,0.2,30.9,13.9,4,41.9,0.1,1.4,0.9,0.2,0.7,0,2.3,0,0.1,0.2,0,50,CF,0
Habib Diallo,2020-2021,25,2 Teams,0.1,0.4,0,0.1,0.4,0.1,2,0.15,0.4,37,14.2,0.1,68.5,0.8,0.7,0.4,3.4,6.2,0.3,0.1,32.2,15,4,47.2,0.1,0.9,1,0.4,0.5,0,2.8,0,0.3,0.6,0,50,CF,0
Hugo Ekitike,2021-2022,19,Reims,0.2,0.9,0.1,0.1,0.6,0.1,2.1,0.31,0.56,55.2,19.6,0.1,50,2.5,2,1.3,4.7,6.2,0.6,0.3,42.6,19.3,4.7,44.1,0.1,1.3,2.2,0.5,0.8,0.1,4.7,0.1,0.1,0.3,0,48.9,CF,1
Ibrahima Koné,2021-2022,22,Lorient,0.1,0.7,0,0.2,0.6,0.1,1.8,0.33,0.63,53.3,11.2,0.1,14.3,1.4,0.6,0.6,3.2,6.3,0.4,0.2,26.6,12.7,3.3,31.4,0.2,1.6,1.2,0.1,0.6,0,2.5,0.1,0,0.5,0,66.7,CF,0
Ibrahima Niane,2020-2021,21,Metz,0,0.8,0.1,0,0.5,0,3,0.23,0.63,36.4,14.4,0,72.7,1.2,1.1,0.4,5,6,0.3,0,33,16.7,4.3,43.4,0,1.5,1.6,0.1,0.4,0.1,1.9,0,0.1,0.4,0,46.2,CF,0
Ibrahima Niane,2019-2020,20,Metz,0,0.3,0.1,0,0.3,0,2.7,0.07,0.18,37.9,18.5,0.1,41.4,1.8,2.5,0.4,3.5,6.8,0,0,41.1,18.4,1.9,28.6,0,0.9,2.8,1,0.2,0.1,4.4,0,0,2.3,1.3,45.5,CF,0
Ibrahima Niane,2017-2018,18,Metz,0.1,0.3,0,0.1,0.4,0.1,4.1,0.05,0.14,35.9,20.2,0.3,42.9,2.4,1.8,0.3,3.9,7.7,0.3,0.2,43.1,21.4,3.9,43.8,0.1,1.5,3,0.6,0.2,0,4.7,0,0.2,1.6,0,45.9,CF,0
Ibrahima Niane,2021-2022,22,Metz,0.1,0.2,0.1,0.1,0.3,0.1,2.4,0.05,0.22,21.4,17.1,0.1,66.7,0.8,1.5,0.5,3.6,5.1,0.3,0.2,34.5,14.8,3.3,45.1,0.1,0.8,1.4,0.3,0.6,0,2.8,0.1,0.1,0.4,0.1,42.9,CF,0
Idriss Saadi,2017-2018,25,Strasbourg,0,0.4,0,0.1,0.4,0.1,3.2,0.12,0.44,27.3,13,0.4,44.4,1.1,0.8,0.5,3.3,6.2,0.1,0,30.6,14.2,3.7,26.5,0.1,1,0.5,0.9,0.6,0,2.7,0.1,0,1.8,0.1,33.3,CF,0
Ignatius Ganago,2020-2021,21,Lens,0,0.5,0,0.1,0.6,0.1,2.8,0.18,0.39,45,13.3,0,41.7,1.9,0.7,1.1,3.2,7.4,0.6,0.1,30,17.3,5.2,41.2,0,1,3.2,0.6,0.8,0.2,2.6,0.1,0.1,1,0,53.5,CF,0
Ignatius Ganago,2021-2022,22,Lens,0.1,0.5,0,0.1,0.5,0,2.7,0.16,0.5,32.3,12.5,0,55.6,1,0.7,0.6,3.8,6.8,0.1,0.1,28.3,15.2,4.4,38.8,0.2,0.8,0.9,0.4,0.9,0,2.4,0.2,0.1,0.3,0,55,CF,0
Ignatius Ganago,2019-2020,20,Nice,0.1,0.3,0,0.1,0.2,0.1,1.2,0.18,0.6,29.4,19.9,0.1,73.3,2.4,1.5,1.4,2.9,10.9,0.4,0.1,36.5,16.1,2.9,38.2,0,1.1,1.9,1.1,0.2,0.1,3.1,0.1,0.1,1.3,0,56.4,CF,0
Ignatius Ganago,2018-2019,19,Nice,0,0.2,0,0.1,0.3,0.1,2.3,0.07,0.2,37,15,0,40,1.8,0.6,1.5,2.3,6.4,0.2,0.1,28.1,12.7,5.3,52.3,0.1,0.8,1,0.6,0.2,0.1,2.2,0.2,0,0.3,0,68,CF,0
Ihsan Sacko,2017-2018,20,2 Teams,0.1,0.1,0,0.1,0.2,0.1,1.2,0,0,7.7,19.3,0,40,2.1,1.8,0.8,2.7,5.5,0.2,0.2,36.2,14.4,3.4,34.1,0.2,1.2,2.2,0.8,0.3,0,4.9,0.2,0.1,0.7,0,45,CF,0
Ike Ugbo,2021-2022,22,Troyes,0,0.6,0.1,0,0.4,0,1.7,0.27,0.67,40,11.5,0,33.3,0.1,0.3,0.2,2.1,3.4,0.1,0,23.7,8.8,2.9,27,0,1.1,1.8,0.1,0.2,0.1,2.5,0,0.1,0.1,0,37.5,CF,0
Irvin Cardona,2019-2020,21,Brest,0.2,0.6,0,0.1,0.5,0.1,3.1,0.12,0.43,28,17,0.1,45.8,2.3,1.6,0.7,3.2,8.3,0.3,0.2,38.5,19.6,4.7,55,0.2,1.6,0.8,1.4,0.2,0.1,3.2,0.1,0.4,1.8,0.1,48.3,CF,0
Irvin Cardona,2020-2021,22,Brest,0,0.4,0,0,0.4,0.1,2.4,0.15,0.44,32.7,14.2,0.2,51,2,1.2,1,3.1,7.3,0.1,0.1,31.9,17.3,5,45.1,0.1,0.7,0.7,0.8,0.7,0,2.4,0.1,0.2,1.4,0,38.5,CF,0
Irvin Cardona,2021-2022,23,Brest,0.1,0.4,0,0.1,0.3,0.1,1.8,0.15,0.33,46.2,14.1,0.1,31.1,1.9,1.6,0.7,3,6.5,0.3,0.1,33.4,14.8,4.1,40.6,0.1,1.1,0.9,0.9,0.7,0,3.7,0,0.2,1.4,0,36.4,CF,0
Ivan Santini,2017-2018,28,Caen,0,0.4,0.2,0,0.5,0,2.7,0.07,0.2,36.6,14.6,0,63,0.3,0.3,0.1,3.2,6.6,0.1,0,33.5,15.8,4.3,40.4,0.1,2.6,1.7,0.8,0.6,0.1,2.3,0.1,0,0.1,0,72.2,CF,0
Jérémy Le Douaron,2021-2022,23,Brest,0.2,0.5,0,0.2,0.4,0.1,2.2,0.14,0.31,45.7,12.1,0.2,33.3,2.4,1.2,0.6,4.3,7.9,0.3,0.2,32.8,17.4,3.4,41.8,0,1.1,1.7,1,0.1,0,3.6,0,0,2.7,0.1,25,CF,0
Jérémy Le Douaron,2020-2021,22,Brest,0.2,0.3,0,0.1,0.3,0.1,1.4,0.08,0.14,53.8,13.8,0.1,50,2.4,1.4,0.8,3.9,7.5,0.6,0.3,37.3,18.5,3.1,51.9,0,2,1.9,1.5,0.1,0.1,4,0,0,1.3,0,32.1,CF,0
Júlio Tavares,2017-2018,28,Dijon,0.1,0.6,0.1,0.1,0.5,0.1,2.1,0.18,0.41,44.9,14.2,0.1,47.8,0.8,0.6,0.4,2.3,6.1,0.2,0.1,32.6,15.4,4.8,53.2,0.1,1.2,1.2,0.4,0.6,0,1.9,0,0,0.6,0,71.4,CF,0
Jhonder Cádiz,2019-2020,24,Dijon,0.2,0.5,0,0.1,0.5,0.1,3.5,0.06,0.15,41.9,12.6,0,42.1,2.8,2.3,1.8,2.9,7.2,0.3,0.1,36.2,18.1,6.5,53.6,0.3,1.6,2.4,0.5,0.6,0,1.7,0.3,0.1,0.8,0,51.4,CF,0
Jonathan David,2020-2021,20,Lille,0.1,0.6,0,0.1,0.4,0.1,2.1,0.24,0.39,60,17,0,54.5,1.8,1.4,1.2,3.2,6.6,0.5,0.3,32,18.7,4.4,18.3,0,1.3,1.6,0.6,0.2,0.1,2.8,0,0,0.3,0,51.1,CF,1
Jonathan David,2021-2022,21,Lille,0,0.5,0.1,0.1,0.6,0.1,2.2,0.19,0.43,44.8,16.2,0.1,63.3,1.4,0.9,0.8,3,5.8,0.1,0.1,31.2,14.6,4.5,28.6,0.1,0.8,1.5,0.7,0.2,0,3.3,0.1,0,0.2,0,48.1,CF,1
Josh Maja,2019-2020,20,Bordeaux,0.2,1,0,0.2,0.6,0.1,2.2,0.33,0.5,66.7,20.9,0,80,1.1,1.2,0.6,2.6,7.1,0.5,0.2,35.9,14.3,2.8,16.7,0,2.1,1.3,1.1,0.5,0,4.7,0.2,0,0,0,64.7,CF,0
Josh Maja,2020-2021,21,Bordeaux,0,0.2,0,0,0.3,0,2.1,0.11,0.22,47.4,18,0,57.1,0.8,0.4,0.8,2.1,6.4,0,0,30.9,11.1,3.6,42.4,0.2,0.8,1.3,1.2,0.2,0,3.5,0,0,0,0,66.7,CF,0
Kévin Zohi,2018-2019,21,Strasbourg,0.1,0.3,0,0.1,0.2,0.1,2.4,0.06,0.2,29.4,20.4,0.3,68.8,3.3,2.4,1.1,2.7,9.8,0.3,0.3,45.4,24.5,3.2,36,0,1,1.4,0.6,0.3,0,4.7,0.1,0,1.9,0,40,CF,0
Kaj Sierhuis,2020-2021,22,Reims,0.1,0.1,0,0.1,0.2,0.1,1.9,0,0,21.4,13.9,0.1,60,0.6,0.4,0.1,2.9,5.2,0.1,0.1,33.3,16.7,4,41.9,0.3,2.3,0.6,1,0.1,0,3.5,0,0.1,0.8,0,66.7,CF,0
Kalifa Coulibaly,2018-2019,26,Nantes,0.1,0.5,0.1,0.1,0.6,0.1,2.8,0.13,0.41,30.9,11.9,0.1,30,1.6,1,0.9,3.9,6.8,0.2,0.1,35.7,18.2,5.7,58,0.3,2.8,1.1,0.4,1.1,0.1,2.1,0.1,0.1,0.7,0.1,55.9,CF,0
Kalifa Coulibaly,2020-2021,28,Nantes,0.1,0.4,0.1,0.1,0.3,0.1,1.7,0.11,0.5,22.2,14.2,0,66.7,0.6,0.7,0.5,2.5,6.6,0.3,0.3,34.2,20.2,4.8,52.6,0.2,1.1,0.6,0.6,1,0,1.7,0,0.1,0.2,0,50,CF,0
Kalifa Coulibaly,2019-2020,27,Nantes,0,0.2,0,0,0.4,0.1,2.7,0.08,0.21,39.6,10.3,0.1,46.2,1.3,0.7,0.9,3.5,6.9,0.1,0.1,31.7,17.4,4.9,51.9,0.1,1.9,0.7,0.1,1.3,0,1.6,0.1,0,0.5,0,29.6,CF,0
Karl Toko Ekambi,2017-2018,24,Angers,0.2,0.7,0.1,0.2,0.7,0.1,2.9,0.14,0.33,43.4,21.3,0.1,76.9,4.1,2.3,1.6,3.1,10.4,0.4,0.3,40,21.8,5,26.4,0.1,0.9,1,0.7,0.8,0.1,2.6,0.2,0.3,1.2,0,50.4,CF,1
Karl Toko Ekambi,2021-2022,28,Lyon,0.2,0.7,0.1,0.2,0.7,0.2,2.9,0.14,0.28,48.6,28.7,0.5,58,3.5,1.8,1.4,2.5,10.5,0.5,0.4,48.6,24.7,5.7,61.1,0.1,0.6,0.6,0.7,0.4,0,3.8,0.2,0.4,2,0,52.4,CF,0
Karl Toko Ekambi,2020-2021,27,Lyon,0.2,0.6,0,0.2,0.8,0.2,2.9,0.16,0.36,43.3,24,0.2,60,3.8,2.5,1.7,2.3,9,0.5,0.3,42.2,21.1,5.8,44.3,0.1,0.9,0.9,0.8,0.5,0.1,3.4,0.2,0.1,1.7,0,57.5,CF,0
Kasper Dolberg,2019-2020,21,Nice,0.1,0.7,0,0.1,0.5,0,2,0.26,0.44,59.5,10.5,0,75,1,0.9,0.4,3,4.3,0.2,0.1,25.1,11,3.2,47.5,0.1,1.2,1.7,0.6,0.3,0,1.5,0,0,0.1,0,37.1,CF,0
Kasper Dolberg,2021-2022,23,Nice,0.1,0.5,0.1,0.1,0.5,0,2.3,0.11,0.31,34.2,10.4,0.2,77.8,0.9,0.7,0.5,3.2,5.4,0.2,0.1,25.7,12.5,3.5,45.7,0,1.8,1.7,0.4,0.2,0,2.3,0.1,0.1,0.3,0,52.4,CF,1
Kasper Dolberg,2020-2021,22,Nice,0.1,0.4,0.1,0.1,0.4,0,1.6,0.11,0.25,45.7,11.7,0,66.7,0.7,0.6,0.3,3.4,4.3,0.2,0.1,24,9,2.8,52.5,0.1,1,2.3,0.4,0.2,0,2,0,0,0.1,0,34.4,CF,0
Kylian Mbappé,2018-2019,19,Paris S-G,0.3,1.5,0,0.2,1.3,0.2,4.7,0.26,0.47,55.3,24.3,0.2,70.2,4.4,2.5,2.2,2.3,11.9,0.9,0.6,43.1,27.8,8.1,12.5,0.2,0.7,1.7,0.2,1.2,0.2,1.7,0.3,0.3,1,0.2,55.1,CF,1
Kylian Mbappé,2019-2020,20,Paris S-G,0.3,1.4,0,0.6,1.5,0.5,5.2,0.21,0.37,56.3,29.8,0.3,64.7,6.8,3.5,3.9,2.8,15.5,0.7,0.5,54.1,34.9,10.8,50,0,0.7,1.3,0.4,1.1,0.1,2,0.2,0.2,2.9,0.8,51.4,CF,1
Kylian Mbappé,2020-2021,21,Paris S-G,0.3,1.3,0.2,0.2,1,0.2,3.7,0.21,0.45,48,29.8,0.2,40.8,6.2,3.8,3.2,3.1,13,1,0.5,52.7,35.6,9.2,26.3,0.2,0.9,1.4,0.3,0.6,0.2,2.2,0,0.2,2,0.6,49.7,CF,1
Kylian Mbappé,2021-2022,22,Paris S-G,0.5,1.3,0.1,0.4,1.1,0.3,4.3,0.17,0.41,41.3,33.9,0.3,59.4,6.3,3.6,3.1,3.3,13.4,1.2,0.6,56.6,37.1,8.9,28.6,0.3,0.8,1.6,0.2,1.2,0.1,1.9,0.2,0.5,2,1.4,54.6,CF,1
Kylian Mbappé,2017-2018,18,2 Teams,0.3,0.9,0,0.3,0.9,0.3,3.4,0.16,0.38,42,24.7,0.2,62.5,4.3,2.9,2.4,2.7,12.2,0.7,0.4,42.3,25.8,8.3,33.3,0.1,0.4,1.6,0.5,1,0,2.8,0.4,0.2,1.7,0.2,57.7,CF,1
Lacina Traoré,2017-2018,27,Amiens,0.2,0.2,0,0.1,0.2,0.1,1.3,0,0,18.2,13.2,0,60,0.2,1,0.2,3.9,7.5,0.3,0.1,36.4,15.9,3.9,59.3,0.1,2.9,1.7,0.5,1,0.1,2,0,0,0.1,0,50,CF,0
Lebo Mothiba,2018-2019,22,2 Teams,0.1,0.5,0,0.1,0.4,0.1,1.6,0.26,0.5,51.4,16.5,0,73.7,1.3,0.6,0.6,2.4,7.7,0.2,0.1,28.7,14.5,3.2,31.7,0.1,2.6,1.2,0.4,0.5,0.1,1.8,0,0,0.4,0,61.9,CF,0
Lebo Mothiba,2017-2018,21,Lille,0,0.4,0,0.1,0.4,0,1.7,0.23,0.45,50,19.3,0,75,0.6,0.8,0.4,2.8,7.9,0.1,0.1,32.1,16.3,3.3,35.1,0.1,1.7,1.4,0.5,0.7,0,1.4,0.2,0,0.2,0,71.4,CF,0
Lebo Mothiba,2019-2020,23,Strasbourg,0.3,0.5,0,0.1,0.5,0.1,2.3,0.11,0.3,37,16.5,0,54.5,2,0.9,0.9,3.1,8.7,0.3,0.3,29.1,17.1,4,44.6,0,2.1,0.6,0.4,0.5,0,1.6,0.1,0.2,0.9,0,68.8,CF,0
Lois Diony,2018-2019,25,Saint-Étienne,0.1,0.3,0,0.1,0.6,0.1,2.2,0.13,0.28,46.2,11,0.2,27.8,1.9,0.9,1.1,2,8.9,0.2,0.2,27.8,16.3,5.1,32.9,0.2,1.6,1.6,0.3,0.3,0,2.9,0.1,0,1.6,0,48.4,CF,0
Lois Diony,2019-2020,26,Saint-Étienne,0,0.3,0,0,0.2,0,2,0.13,0.29,46.7,8.8,0,50,2,0.7,0.8,2.6,6.1,0,0,23.9,14.1,3.5,28.6,0.1,1.5,1.1,0.5,0.5,0,2,0,0,0.9,0,16.7,CF,0
Lois Diony,2020-2021,27,Angers,0.1,0.3,0.1,0.1,0.3,0.1,1.4,0.14,0.31,46.4,12.1,0.2,50,2.3,0.9,1,2.6,8.2,0.1,0.1,30.5,16.8,3.2,37.4,0.1,1.1,1.8,0.7,0.3,0.1,1.7,0.1,0.1,2,0,27.1,CF,0
Lois Diony,2017-2018,24,Saint-Étienne,0,0,0,0,0.2,0,1.5,0,0,31.3,10.8,0,30,1.1,0.7,0.7,2.4,7.8,0.3,0,24.1,13.7,3.6,27.9,0,1.1,1.6,0.3,0.6,0.3,2.4,0,0,0.7,0,61.5,CF,0
Ludovic Ajorque,2018-2019,24,Strasbourg,0.1,0.6,0,0.1,0.4,0.1,2.7,0.2,0.53,37,19.9,0.1,77.8,0.6,0.8,0.2,2.4,7.4,0.2,0.2,36.4,15,4.1,63.4,0.3,2.6,0.9,0.3,0.1,0.1,1.9,0.1,0.3,0.3,0,55.6,CF,0
Ludovic Ajorque,2020-2021,26,Strasbourg,0.1,0.6,0.1,0.1,0.6,0.1,2,0.18,0.4,45.5,18.8,0.1,65.4,1,0.8,0.5,2.2,6.8,0.2,0.1,37.9,16.3,4.8,55.5,0.2,1.2,1.4,0.7,0.4,0.1,2,0,0.8,0.8,0,43.5,CF,0
Ludovic Ajorque,2021-2022,27,Strasbourg,0.3,0.7,0.1,0.2,0.6,0.1,1.8,0.16,0.38,42.9,21.5,0.1,70.5,0.7,0.7,0.3,2.3,7.1,0.3,0.2,40.5,16.2,4.5,55.5,0.2,1.3,1.2,1.1,0.5,0.1,2.8,0.2,0.3,0.6,0,51.9,CF,1
Ludovic Ajorque,2019-2020,25,Strasbourg,0.2,0.5,0,0.1,0.4,0.1,2.1,0.14,0.33,42.9,15.5,0.1,63.2,0.9,0.7,0.3,2.3,6,0.5,0.3,31.1,12.7,4.2,59.4,0.1,1.7,0.9,0.5,0.2,0,1.9,0.2,0.2,0.6,0,36.8,CF,0
Mama Samba Baldé,2019-2020,23,Dijon,0.1,0.4,0,0.2,0.5,0.1,2.7,0.12,0.38,32,12.9,0.3,46.2,2.4,1,1.1,3.8,7.9,0.6,0.4,34.5,15.3,4.2,33.7,0.1,1.5,1.2,1.2,0.3,0,4.7,0.1,0.1,1.2,0.1,50,CF,0
Mama Samba Baldé,2020-2021,24,Dijon,0,0.3,0,0,0.4,0,2.4,0.12,0.37,32.8,13.6,0,59.3,0.9,0.8,0.9,3.8,6.7,0.2,0,32.9,15.3,4.3,33.1,0.2,1.6,1.7,0.5,0.7,0,3.1,0,0,0.3,0,38,CF,0
Mama Samba Baldé,2021-2022,25,Troyes,0.1,0.3,0,0.1,0.4,0,2.5,0.06,0.18,36.2,15.1,0.1,59.3,2.3,1.7,0.7,4.7,7.4,0.3,0.1,39.1,17.9,4.1,38.5,0.1,2.1,1.4,0.9,0.2,0.1,3.9,0.1,0.1,0.8,0,43.6,CF,0
Marcus Thuram,2018-2019,20,Guingamp,0,0.4,0.1,0.1,0.5,0.1,2,0.09,0.28,31.6,20.5,0.2,37.8,4.7,3.2,1.9,3.3,7.7,0.2,0.1,43.4,20.9,5.1,54.2,0.1,1.5,1.6,0.8,0.2,0.1,4.7,0.1,0,1.5,0,69.2,CF,1
Marcus Thuram,2017-2018,19,Guingamp,0,0.2,0,0.1,0.4,0.1,2.4,0.06,0.15,39.2,16.2,0,56.3,3.1,1.8,1.6,3.4,8.1,0.4,0.1,34.9,18.3,4.4,49.6,0.1,2.1,1.8,0.9,0.8,0.1,2.5,0.1,0,0.9,0,75,CF,1
Mariano,2017-2018,23,Lyon,0.1,0.8,0,0.1,0.6,0.1,3.5,0.18,0.43,41.2,12.4,0,53.8,1.8,1.8,0.7,2.2,4.6,0.4,0.2,27,14.5,4,37.4,0.2,1.2,0.4,0.8,0.8,0,1.8,0.2,0.1,0.2,0,53.7,CF,1
Mario Balotelli,2017-2018,26,Nice,0,0.8,0.2,0.1,0.7,0.1,4,0.12,0.27,44.6,23.4,0,65.8,1.8,1.8,0.8,2.1,6.9,0.3,0.1,41.8,16.5,3.9,53.4,0.4,2.4,2.9,0.2,0.9,0,1.7,0.4,0.6,0.7,0,62.5,CF,0
Mario Balotelli,2018-2019,27,2 Teams,0.1,0.5,0,0.1,0.6,0,4.1,0.11,0.33,31.6,16.9,0,59.5,1.4,1.6,0.4,2.1,5.2,0.3,0.3,36.4,15.6,3.2,43.6,0.5,2.3,2.1,0.4,0.4,0,2.2,0.2,0.8,0.2,0,40.6,CF,0
Martin Braithwaite,2017-2018,26,Bordeaux,0.3,0.7,0,0.2,0.6,0.2,2.3,0.17,0.44,39.1,14.9,0.1,81.8,1.1,1,0.2,2.5,5.5,0.6,0.6,29.7,13.6,3.1,42.6,0.3,1.3,0.7,0.5,0.4,0,2.5,0,0.1,0.9,0,50,CF,1
Martin Satriano,2021-2022,20,Brest,0,0.4,0,0,0.3,0,2.3,0.17,0.4,41.7,12,0,60,0.6,0.5,0.2,2.5,5,0,0,26.4,11.4,3.3,24.6,0.5,1.4,1.3,0.5,0.2,0,2.7,0,0.1,0.5,0,52.9,CF,0
Mauro Icardi,2019-2020,26,Paris S-G,0.1,1,0,0.1,1,0.1,2.6,0.33,0.6,55.6,10.4,0,83.3,0.6,0.2,0.6,1.1,4.5,0.6,0.3,19.3,10.1,5.2,41.7,0,0.9,0.6,0.6,0.9,0.1,2,0.1,0,0.4,0,50,CF,1
Mauro Icardi,2020-2021,27,Paris S-G,0.3,0.8,0.1,0.2,0.9,0.2,3.2,0.16,0.46,34.2,11.8,0,83.3,0.3,0.3,0.1,1.1,3.8,0.5,0.3,21.9,11.4,5.5,57.7,0.1,0.8,0.9,0.8,0.5,0.2,1.7,0,0.1,0.3,0.1,60,CF,1
Mauro Icardi,2021-2022,28,Paris S-G,0,0.4,0,0.1,0.5,0,2.5,0.14,0.44,32.1,10.5,0,66.7,0.5,0.2,0.1,1.2,4.6,0.4,0.1,21.1,12.3,4.9,35.7,0.1,1.2,0.6,0.4,0.8,0,1.7,0.1,0,0.2,0,22.2,CF,1
M'Baye Niang,2018-2019,23,Rennes,0.2,0.8,0.1,0.1,0.5,0.1,3.1,0.15,0.39,37.1,14.6,0.2,61,3.2,1.9,1.1,3.4,5.8,0.4,0.2,34.7,16.4,4.7,54.6,0.3,2.2,2.3,0.5,0.6,0.1,4,0,0.4,1.2,0,34.6,CF,0
M'Baye Niang,2019-2020,24,Rennes,0,0.4,0,0,0.4,0,2.7,0.16,0.36,43.8,14.1,0,63.2,0.9,0.6,0.8,3.5,4.8,0.2,0,33.7,12.7,4.2,48.5,0.1,2,2.3,0.6,0.7,0.1,2.2,0,0.6,0.5,0,32.7,CF,0
M'Baye Niang,2021-2022,26,Bordeaux,0.1,0.5,0,0.2,0.6,0.1,3,0.12,0.27,42.3,12.3,0,66.7,0.9,0.5,0.5,4.4,7.3,0.2,0.2,34.1,15.6,5,43.8,0.3,2.7,2.2,0.5,0.9,0,2.1,0.1,0.1,0.3,0,33.3,CF,0
Memphis,2019-2020,25,Lyon,0.2,1,0.1,0.2,0.6,0.2,4.2,0.17,0.4,42.6,31.7,0.1,46.7,3.4,2.6,1.5,3.1,8.9,0.4,0.2,54.9,26.8,4.4,20,0,0.7,1.6,0.4,0.3,0.1,3.7,0.6,0.5,3.4,2.7,55.3,CF,1
Memphis,2017-2018,23,Lyon,0.5,1.1,0.1,0.3,0.7,0.2,3.7,0.16,0.4,40.4,33.7,0.3,46.1,4.3,3.4,1.3,3.2,9.4,0.6,0.3,57.9,29.7,3.9,23.5,0.1,1.3,1.8,0.9,0.4,0,4.5,0.4,0.4,5.5,3.3,53.7,CF,1
Memphis,2020-2021,26,Lyon,0.4,1,0.2,0.4,0.9,0.4,3.1,0.12,0.27,43.1,27.7,0.5,49.7,2.9,2,1.5,3.7,10.1,0.8,0.5,52.1,29.9,6,34.1,0.1,1,1.6,0.6,0.4,0.1,2.7,0.2,0.4,5.1,3.3,51.4,CF,1
Memphis,2018-2019,24,Lyon,0.3,0.7,0,0.4,0.8,0.3,3.6,0.09,0.26,35.2,36,0.5,49.6,3.6,3.2,1.2,2.7,9.2,0.4,0.3,59.9,33.9,4.2,42.9,0.2,1.2,1.1,0.5,0.3,0,3.6,0.6,0.5,6.6,4.8,57.7,CF,1
Mohamed Lamine Bayo,2021-2022,23,Clermont Foot,0.2,0.7,0.1,0.2,0.7,0.1,2.3,0.19,0.46,41.3,14.5,0,70.8,1,0.5,0.5,2.2,5.5,0.3,0.2,29.2,13.4,4.1,46.3,0,0.7,0.2,0.8,0.5,0,1.9,0.1,0.1,0.5,0,52.7,CF,0
Moise Kean,2020-2021,20,Paris S-G,0,0.7,0,0,0.6,0,2.8,0.25,0.54,46.2,12.9,0,81.3,1.6,0.9,0.6,2.3,5.5,0.1,0.1,26.3,13.6,4.3,50,0.2,1.7,0.3,0.5,0.3,0,2.4,0,0.2,0.4,0,54,CF,1
Moussa Dembélé,2021-2022,25,Lyon,0.2,1,0.2,0.2,0.9,0.1,3.4,0.19,0.43,44.6,11.9,0,27.8,1,0.7,0.7,3.8,6.4,0.6,0.3,30.9,16.5,6.1,50.4,0.2,1.2,0.8,0.4,0.4,0.1,1.8,0.2,0.1,0.1,0,59.5,CF,0
Moussa Dembélé,2018-2019,22,Lyon,0.2,0.8,0,0.1,0.9,0.1,3.9,0.16,0.38,42,13.7,0.2,58.8,2,0.9,1.3,2.9,7.3,0.4,0.2,30.8,16.8,6.3,49.5,0,1.6,0.6,0.4,0.8,0.1,1.6,0.1,0,0.4,0,62.8,CF,0
Moussa Dembélé,2019-2020,23,Lyon,0.1,0.7,0.2,0.1,0.5,0.1,2.1,0.24,0.57,41.2,12.5,0,70.8,1.6,0.9,0.9,3.9,5.5,0.2,0.2,30.9,15.4,4.6,47.6,0.1,1.8,1,0.4,0.5,0.1,1.9,0.2,0,0.2,0,40,CF,0
Moussa Dembélé,2020-2021,24,Lyon,0,0.1,0,0.1,0.8,0.1,4,0.03,0.11,30,12.8,0,80,1.2,0.8,0.9,2.3,6,0.1,0.1,31.9,18.3,6.5,50,0.4,2.3,0.8,0.5,0.8,0,2.7,0,0.1,0.1,0,39.1,CF,0
Moussa Koné,2020-2021,23,Nîmes,0,0.5,0,0.1,0.4,0,1.6,0.29,0.56,51.6,11.5,0,70.8,1.1,0.7,0.7,3.3,4.4,0.1,0,25.2,9.5,3.4,18,0.1,1,2.1,0.4,0.8,0,2.2,0,0.2,0.2,0,56.3,CF,0
Moussa Konaté,2017-2018,24,Amiens,0,0.5,0.1,0.1,0.4,0.1,2.4,0.17,0.46,36.4,12.9,0.1,42.9,1.7,1.3,0.5,3.3,6.3,0.2,0.1,29.4,13.8,3.5,39.7,0.3,1.9,1.9,0.7,1.1,0,2,0,0.1,0.8,0,44.4,CF,0
Moussa Konaté,2020-2021,27,Dijon,0.1,0.5,0.1,0,0.4,0,2.5,0.12,0.5,24.2,14.9,0,75,0.8,0.8,0.5,2.7,5.4,0.3,0.1,30.3,12.8,3.5,31.1,0.3,1.7,1.8,0.7,0.9,0,1.4,0,0.1,0.4,0,50,CF,0
Moussa Konaté,2018-2019,25,Amiens,0.1,0.4,0.1,0.1,0.5,0.1,2.2,0.11,0.36,31.1,12.3,0,62.5,1.2,0.5,0.8,3.2,6.4,0.4,0.1,28.6,14,3.7,37.5,0.1,2.1,1.8,0.5,1.2,0,2.1,0.1,0.1,0.3,0,62.5,CF,0
Moussa Sylla,2018-2019,18,Monaco,0,0,0,0.1,0.3,0.1,1.9,0,0,25,12.6,0,33.3,2.2,0.7,0.8,3.5,8.7,0.2,0.1,31.8,17,5.5,31.4,0.1,0.9,1.5,0.5,0.1,0.1,2.6,0.1,0.2,0.9,0,44.4,CF,0
Myron Boadu,2021-2022,20,Monaco,0.1,0.5,0,0.1,0.7,0.1,2,0.19,0.5,38.1,12,0,66.7,0.7,0.6,0.7,4.3,6.4,0.5,0.3,26.1,14.4,5.9,34.1,0,1.6,1,0.4,1.1,0,1.9,0,0,0,0.1,50,CF,1
Ndombe Mubele,2017-2018,23,2 Teams,0.1,0.5,0,0.1,0.5,0.1,2.2,0.15,0.46,33.3,15.5,0.3,43.2,3.8,1.5,1.6,5,8.2,0.5,0.1,40.1,24.1,4.5,33.3,0.1,1.2,2.9,0.8,0.3,0.1,4.1,0.1,0.3,2.4,0.2,49.4,CF,0
Neymar,2017-2018,25,Paris S-G,0.7,1.6,0.2,0.6,1.3,0.5,4.3,0.17,0.42,41.9,55.7,0.2,47.2,7.7,7.1,2.9,3.4,11.4,1.7,1,88.2,45.3,7.2,37.5,0.3,1.2,5.2,1.7,0.5,0.1,4,2.9,0.6,4.2,3.6,67,SS,1
Neymar,2018-2019,26,Paris S-G,0.4,1.4,0.3,0.4,1.1,0.4,3.1,0.2,0.5,40.8,51.5,0.1,54.5,7.8,5.4,2,4.3,8.6,1.5,0.9,83.1,39.7,6.8,72.7,0.1,0.8,3.6,1.1,0.4,0.1,3.7,2.6,0.4,3.5,3.9,60.5,SS,1
Neymar,2019-2020,27,Paris S-G,0.4,1.3,0.3,0.4,1.4,0.4,4.5,0.14,0.28,48.5,50.1,0.3,57.1,7.5,6.1,1.6,5,10.9,1.2,1,84.3,41.3,6.7,20,0.3,1,4.2,1.2,0.1,0.1,3.9,1.4,0.9,3.8,3.3,60.8,SS,1
Neymar,2020-2021,28,Paris S-G,0.3,0.9,0.3,0.5,1.3,0.3,4.1,0.06,0.25,25,48.5,0.2,55.1,6.6,6.2,2,4.6,10.4,1,0.6,83.1,45.9,7.2,29.4,0.4,2.1,4.3,1.8,0.2,0.1,3.8,0.8,0.7,3.7,3.1,56.1,SS,1
Nicolas de Préville,2019-2020,28,Bordeaux,0.2,0.5,0,0.2,0.4,0.2,2,0.11,0.26,42.2,31,0.3,45.4,3.6,2.9,0.8,3.7,7.2,0.5,0.3,58.3,23.3,2.4,47.7,0.2,2.1,3,1.7,0.1,0,4.4,0.1,0.4,5.9,3.6,41.9,CF,0
Nicolas de Préville,2017-2018,26,2 Teams,0.2,0.4,0,0.1,0.4,0.1,2.7,0.08,0.33,22.7,22.1,0.1,59.3,3.6,2,1.3,3.5,7.5,0.4,0.2,46.3,21.7,4.1,34.4,0.2,2.5,1.7,1.1,0.3,0,5,0.3,0.4,2.6,1,47.8,CF,0
Nicolas de Préville,2018-2019,27,Bordeaux,0.2,0.4,0,0.3,0.4,0.2,2.3,0.09,0.27,34.4,23.5,0.1,40.4,4.1,2.6,0.8,4,8.1,0.3,0.1,53.4,22.7,3,44.8,0.4,3,2.5,1.5,0.3,0,5.1,0.1,0.6,5.2,2.1,37.9,CF,0
Nuno da Costa,2018-2019,27,Strasbourg,0.2,0.6,0,0.1,0.4,0.1,2,0.16,0.41,37.8,14.9,0,73.1,1.4,1.4,0.9,3.6,7.9,0.6,0.4,35.7,16.9,3.9,43.7,0.1,1.8,1.8,1.2,0.4,0,2.5,0.2,0.1,0.7,0,47.1,CF,0
Nuno da Costa,2017-2018,26,Strasbourg,0.1,0.4,0,0,0.2,0.1,1.6,0.16,0.56,29,12,0.2,47.5,2.4,1.5,0.9,4.3,7,0.6,0.2,34.7,15.4,4.1,43.3,0.2,1.6,1.8,1.5,0.4,0.1,4.7,0.4,0.2,1.1,0,58.1,CF,0
Opa Nguette,2019-2020,25,Metz,0.1,0.3,0,0.1,0.2,0,1.3,0.19,0.5,37,20.5,0,57.1,3.3,2.2,0.9,3,7,0.3,0.1,40.5,17.2,2.8,33.3,0,0.9,1.9,1.4,0,0,4.7,0,0,0.6,0,56.3,SS,0
Opa Nguette,2020-2021,26,Metz,0.1,0.3,0,0.1,0.3,0,1.4,0.18,0.43,41.2,16.1,0.1,36.4,2.6,1.6,1.5,4.4,6.8,0.2,0.1,36.7,18.8,3.5,42.4,0,1.4,1.8,0.6,0.5,0.1,4.2,0.1,0,0.4,0,49.1,SS,0
Opa Nguette,2021-2022,27,Metz,0.2,0.3,0,0,0.2,0,2,0.09,0.29,30.4,15.8,0,25,2.7,1.8,1,4.8,6.5,0.5,0.3,38.3,16.3,3,45.7,0.1,1,2.1,0.8,0.3,0,4,0,0,0.4,0,52.1,SS,0
Opa Nguette,2017-2018,23,Metz,0,0,0,0.1,0.4,0.1,2.4,0,0,40.7,16.7,0,60,4.1,2.6,1.9,4,7.7,0,0,41.3,18.8,3.5,52.8,0.3,1.8,1.8,1.4,0.2,0.1,5.7,0.2,0.3,1.1,0,52.1,SS,0
Pierre-Yves Hamel,2020-2021,26,Lorient,0.2,0.6,0.1,0.1,0.4,0,2.4,0.13,0.33,39.1,12.8,0,27.3,0.6,0.5,0.1,2.4,2.8,0.2,0.1,32.9,12.3,2.9,44.9,0.5,2.3,0.8,0.5,0.3,0,2.1,0,0.1,0.3,0,50,CF,0
Rachid Alioui,2018-2019,26,Nîmes,0,0.4,0,0.1,0.5,0.1,3.7,0.1,0.25,38.5,19.1,0.2,40.7,1.7,1.8,0.3,1.2,5.7,0.1,0.1,37.7,20.1,3.1,38.5,0.1,0.8,0.8,0.4,0.4,0,2.9,0.1,0.2,1.4,0,58.3,CF,0
Rachid Alioui,2019-2020,27,Angers,0.1,0.4,0,0.1,0.4,0.1,3.3,0.1,0.27,37.9,19.9,0.1,56,1.4,1,0.7,2.3,6.2,0.1,0.1,36.3,17.6,3.9,40.6,0.1,1.4,2,0.6,0.3,0,2.3,0,0.1,0.9,0.1,72.7,CF,0
Rafael Leão,2018-2019,19,Lille,0.2,0.8,0,0.1,0.4,0.1,2.6,0.22,0.4,54.1,12.4,0.1,73.3,1.2,1.1,0.7,1.7,5.3,0.4,0.3,26.2,12.6,3.6,32.5,0.2,1.7,1.2,0.9,0.2,0.1,1.7,0.1,0.1,0.7,0,52.9,SS,1
Randal Kolo Muani,2021-2022,22,Nantes,0.1,0.5,0,0.1,0.5,0.1,1.6,0.22,0.46,48.1,11.2,0.2,47.6,2.5,1.7,1.3,3.4,6.3,0.4,0.2,29,15.4,4.7,37.5,0.1,1.8,2.2,0.5,0.5,0,3.3,0,0,0.9,0,50,CF,1
Randal Kolo Muani,2020-2021,21,Nantes,0.1,0.4,0,0.2,0.5,0.1,1.8,0.15,0.36,41.7,11.8,0.1,61.9,2.6,1.4,1.7,3.4,6.1,0.5,0.2,30.4,15.3,4.7,36.3,0.1,1.9,2.2,0.6,0.7,0.1,3.4,0.1,0.1,0.5,0,48.5,CF,1
Robert Berić,2018-2019,27,Saint-Étienne,0.1,0.8,0,0.1,0.7,0,2.8,0.24,0.47,51.4,10.4,0,33.3,0.5,0.4,0.5,2.5,4,0.2,0.1,26.3,10.7,4.7,38.8,0,2.5,1.8,0.8,0.3,0,1.8,0,0,0.2,0,33.3,CF,0
Robert Berić,2017-2018,26,Saint-Étienne,0.1,0.7,0.1,0.1,0.6,0.1,2,0.26,0.5,52.2,10.9,0,80,1.2,0.4,0.7,1.2,4.1,0.2,0.1,23.1,10.2,3.1,31.4,0,2.3,1.8,1.3,1.3,0.1,2.1,0,0.1,0.3,0,33.3,CF,0
Roger Assalé,2020-2021,26,Dijon,0.1,0.2,0,0,0.2,0,1.2,0.09,0.33,27.3,12.8,0,78.6,2.4,1.5,1,3.3,6.3,0.3,0.1,29.8,13.2,2.9,23.8,0,1.3,2.9,0.9,0.7,0.1,2.6,0,0.2,0.7,0,43.5,CF,0
Sekou Mara,2021-2022,19,Bordeaux,0,0.6,0.1,0.1,0.6,0,3.7,0.14,0.31,43.2,12.8,0.1,66.7,0.7,0.5,0.4,3.5,4.7,0.4,0.2,34.4,16.1,4.6,46.9,0.2,2.1,2.4,0.7,0.2,0.1,3.4,0.1,0,0.4,0,32.3,CF,0
Serhou Guirassy,2021-2022,25,Rennes,0,0.8,0,0,0.8,0.1,4.1,0.2,0.53,37,20.8,0,86.4,0.7,0.6,0.2,3.2,7.6,0.1,0.1,38.6,19,6.1,52.1,0.1,1.9,3.1,0.5,0.4,0,2.7,0.1,0.3,0.1,0,43.8,CF,1
Serhou Guirassy,2020-2021,24,Rennes,0.1,0.6,0.1,0.1,0.6,0.1,2.6,0.18,0.38,47.1,18.9,0,78.8,0.9,0.7,0.4,3.4,7.7,0.3,0.1,36.2,15.6,4.9,55.2,0.2,1.9,2.8,0.1,0.3,0.1,1.9,0,0.4,0.2,0,63.2,CF,1
Serhou Guirassy,2019-2020,23,Amiens,0.1,0.5,0.1,0,0.5,0.1,1.9,0.15,0.4,36.6,20.6,0,65.6,1.4,1.5,0.5,3.6,8.3,0.3,0.1,40.7,15.2,3.4,48.9,0.3,1.9,3,0.2,0.7,0.2,2.9,0,0.2,0.4,0,46.9,CF,0
Serhou Guirassy,2018-2019,22,Amiens,0.1,0.3,0,0.1,0.4,0.1,2.2,0.11,0.33,33.3,16.9,0.1,60,1.3,1.2,0.3,3.7,7.5,0.3,0.2,40.3,17.5,3.2,60.7,0,1.3,3.2,0.3,0.6,0,3.1,0,0.2,0.8,0,37.5,CF,0
Simon Banza,2020-2021,23,Lens,0.1,0.5,0.1,0.1,0.5,0.1,2.2,0.12,0.33,35.3,15,0.1,61.9,1.1,0.9,0.3,3.4,7.5,0.3,0.3,33.5,16.3,4.3,47.5,0.4,1.9,2.2,0.9,0.6,0.1,2.7,0,0.1,0.7,0,39.1,CF,0
Stéphane Bahoken,2018-2019,26,Angers,0,0.4,0.1,0.1,0.4,0.1,2.3,0.14,0.3,46.9,12.2,0.1,62.5,1.1,0.8,0.6,3.7,6.3,0.1,0.1,28.6,14,3.8,32.8,0.1,2,1.3,0.7,1.1,0,1.6,0.1,0,1.1,0,35.3,CF,0
Stéphane Bahoken,2019-2020,27,Angers,0,0.4,0.1,0.1,0.4,0.1,1.8,0.17,0.38,44.4,14.2,0.2,35.7,1.6,0.6,0.8,3.7,7.3,0.2,0.2,28.8,14.1,4.2,23.4,0.3,2.4,1.2,0.6,0.6,0,2.1,0,0,1.5,0,45.5,CF,0
Stéphane Bahoken,2017-2018,25,Strasbourg,0.1,0.4,0,0.1,0.5,0.1,2,0.19,0.47,40.5,12.7,0.4,47.6,1.7,0.7,0.6,2.9,6.7,0.1,0.1,28.1,14.3,3.2,34.1,0.3,2.5,1.1,1,1.1,0,2.6,0,0,2.3,0.1,36.8,CF,0
Stéphane Bahoken,2020-2021,28,Angers,0.1,0.4,0,0.1,0.5,0,3.3,0.1,0.26,39,13,0.1,73.3,1.9,1,0.8,3.9,6.1,0.2,0.1,31.1,15.4,4,32.1,0.2,1.7,1.6,0.4,0.9,0,2.2,0.1,0,1.1,0,58.3,CF,0
Stevan Jovetić,2017-2018,27,Monaco,0.1,1.1,0,0.1,0.7,0.1,4.2,0.23,0.53,42.9,20.6,0,52.9,2.3,2.7,0.4,3.1,7.4,0.7,0.4,42.2,20.4,4.5,45.6,0.1,1.8,1.3,1.1,0.8,0,4.3,0.4,0.2,0.5,0,54.5,SS,0
Steve Mounié,2021-2022,26,Brest,0.1,0.4,0.1,0,0.5,0,2.8,0.1,0.3,31.9,16.7,0,56,1.1,1.1,0.2,3.5,4.1,0.4,0.2,39.7,15.4,4.5,65,0.1,1.7,1.1,0.9,0.4,0,2.5,0.1,0.2,0.4,0,32,CF,0
Steve Mounié,2020-2021,25,Brest,0.1,0.4,0,0.1,0.5,0.1,2.6,0.1,0.24,42.3,14.4,0.1,61.8,0.9,0.6,0.2,2.3,4.7,0.3,0.2,35.6,16,5.2,71,0.2,2.3,0.9,0.8,0.7,0,2.6,0,0.1,0.4,0,48.1,CF,0
Suk Hyun-jun,2017-2018,26,Troyes,0,0.5,0,0.1,0.5,0,2.3,0.2,0.6,33.3,12.8,0.1,50,1.9,0.9,0.8,3.5,6.3,0.1,0,35,16.9,4.7,52.4,0.4,3.3,2.6,0.6,0.3,0,2.2,0,0.1,1.1,0,26.9,CF,0
Suk Hyun-jun,2018-2019,27,Reims,0,0.3,0,0.1,0.4,0,2.4,0.14,0.43,33.3,9.9,0.3,23.1,1.2,0.3,0.6,3.6,5.2,0.1,0,30.9,15.5,4.3,54.8,0.3,2.7,1.8,0.9,1.5,0,1.2,0,0,1.4,0,54.5,CF,0
Terem Moffi,2020-2021,21,Lorient,0.1,0.7,0,0.1,0.6,0.1,2.4,0.24,0.54,43.6,11.5,0,60.9,1.5,1.5,0.8,4.1,5.7,0.3,0.1,28.9,15.2,4.3,32.8,0.1,1.3,0.8,0.7,0.5,0,2.5,0,0,0.2,0,41.4,CF,0
Terem Moffi,2021-2022,22,Lorient,0.1,0.4,0.1,0.1,0.5,0.1,1.9,0.1,0.3,34.5,13.7,0.1,66.7,1.7,1.1,1.1,3.3,5.1,0.3,0.2,29.2,13.1,4.6,34.9,0,0.8,0.6,0.8,0.5,0,2.4,0.2,0.1,0.2,0,52.4,CF,0
Thierry Ambrose,2020-2021,23,Metz,0.1,0.1,0,0.2,0.3,0.1,2.3,0,0,31.6,19.6,0.2,53.3,3.1,2,1.1,3.9,9.2,0.2,0.2,40.2,19.6,4.2,42,0.5,2.6,1.1,1.2,0.4,0,3.9,0.1,0.2,2.3,0.4,58.1,CF,0
Tino Kadewere,2020-2021,24,Lyon,0.1,0.6,0,0.2,0.6,0.1,2.6,0.17,0.43,39,20.3,0.2,52.6,1.6,1.1,0.8,2.4,8.3,0.5,0.4,40.9,20.3,5.4,46.5,0.2,1.6,1.1,1.4,0.4,0,5.2,0.1,0.1,1.5,0,52.7,CF,0
Umut Bozok,2018-2019,21,Nîmes,0.2,0.4,0,0.1,0.5,0.1,2,0.07,0.22,32.1,15.7,0,65,1,0.8,0.4,2.4,5.4,0.4,0.3,31,15.1,3.1,32.1,0.1,1,2.2,0.1,0.8,0,2.9,0.2,0,0.3,0,48,CF,0
Valère Germain,2017-2018,27,Marseille,0.2,0.6,0,0.2,0.6,0.1,2.5,0.15,0.32,47.5,16.4,0.2,51.6,0.8,0.6,0.2,1.2,6.1,0.4,0.2,29.7,15.4,4.1,33.3,0.1,1,0.6,0.6,0.5,0,2.2,0.3,0.1,1.1,0,44.4,CF,0
Valère Germain,2018-2019,28,Marseille,0.1,0.4,0,0.1,0.3,0.1,2.2,0.15,0.42,35.8,19.2,0,56.3,0.4,0.1,0.2,1.8,4.6,0.3,0.2,35.1,13.4,4.2,40.2,0,0.9,0.8,1,0.2,0,2.4,0,0,0.9,0,37.5,CF,0
Victor Osimhen,2019-2020,20,Lille,0.2,0.7,0.1,0.1,0.7,0.1,3.3,0.13,0.34,38.6,8.6,0.1,45,1.4,0.7,0.9,2.9,5.8,0.3,0.2,26.4,15.8,5.6,43.4,0.2,2.2,1.6,0.4,1.3,0.1,2.1,0,0,0.9,0,39.5,CF,1
Wissam Ben Yedder,2019-2020,28,Monaco,0.2,0.9,0.1,0.3,0.9,0.2,2.5,0.25,0.45,54.1,24.6,0.2,43.1,3,1.9,1.2,2.1,8.7,0.4,0.2,43.7,22.9,6,26.1,0,0.4,0.7,0.5,0.3,0,3.2,0.5,0.1,1.3,0,60.7,CF,0
Yaya Sanogo,2017-2018,24,Toulouse,0,0.4,0,0,0.5,0,2.9,0.12,0.27,44.9,10.6,0,56.3,0.6,0.5,0.2,3.2,5.7,0.3,0.1,29.9,16.8,5.4,50.6,0.4,3.2,2.4,0.5,0.7,0.1,2.6,0.1,0.2,0.3,0,51.9,CF,0
Yaya Sanogo,2019-2020,26,Toulouse,0.1,0.4,0.1,0.1,0.4,0.1,2.5,0.08,0.2,40,11.1,0,50,0.4,0.2,0,2.5,4.4,0.2,0.1,29.1,12.9,4.4,43,0.1,2.8,2.2,0.1,0.5,0,2.2,0.1,0,0,0,33.3,CF,0
Yaya Sanogo,2018-2019,25,Toulouse,0,0.2,0.1,0.1,0.6,0.1,3.3,0.04,0.12,37.8,11.9,0,50,0.6,0.3,0.5,2.8,6.5,0.4,0.1,30.3,16.8,6.5,51.6,0.2,3,2,0.1,0.4,0.1,3,0,0.1,0.1,0,26.7,CF,0
Yoane Wissa,2020-2021,23,Lorient,0.1,0.5,0.1,0.1,0.5,0.1,1.8,0.12,0.32,36.5,18.5,0,36.8,2.7,1.8,0.8,2.4,6.2,0.5,0.3,36.6,14.3,3.1,60.3,0.1,1,2.9,0.8,0.3,0.1,4.8,0.2,0.1,1,0,56.1,CF,1
Zinedine Ferhat,2019-2020,26,Nîmes,0.2,0.3,0,0.2,0.4,0.2,0.07,0.23,0.5,23.5,37.6,3.3,28.9,1.7,1.4,2.3,1.7,0.2,0.2,4,49,25.8,3.2,60.2,0,0.7,2.2,1.2,0.3,0,4.6,0.1,0.2,6.6,2.4,48.1,RW,0
Zinedine Ferhat,2020-2021,27,Nîmes,0.3,0.5,0,0.2,0.4,0.2,0.08,0.23,0.7,24.9,37.8,3.7,29.9,2.2,1.1,2.7,1.5,0.6,0.4,3.4,51.3,23.7,3.3,51.4,0.1,0.7,2,0.6,0.3,0.1,4.4,0.2,0.3,3.8,1.2,50,RW,0
Renaud Ripart,2020-2021,27,Nîmes,0,0.3,0.2,0.1,0.4,0.1,0.08,0.26,0.6,23.7,35.2,3.7,25.6,0.9,0.3,2.1,1.5,0.1,0.1,2,49,15.9,2.3,48.3,0.1,0.9,1.9,1.7,0.1,0,4.8,0.1,0.3,1.8,0,38.9,CF,0
Renaud Ripart,2021-2022,28,Troyes,0.1,0.2,0,0.1,0.3,0.1,0.05,0.15,0.6,22.1,32.1,2.9,29.8,1.3,0.3,2.5,1.7,0.1,0.1,2.4,45.1,16.6,2.9,40.2,0.1,1.1,1.9,1.5,0.2,0,4.6,0,0.2,2.3,0,47.9,CF,0
Rui Fonte,2018-2019,28,Lille,0,0.1,0,0,0.1,0,0.08,0.25,0.6,21.2,27.3,2.4,16.5,1.1,0.4,1,2.4,0.1,0.1,1.9,37.8,16.7,2.7,56.1,0.1,3.2,0.6,0.7,0.3,0,3.3,0,0,0.3,0,33.3,CF,0
Wesley Saïd,2017-2018,22,Dijon,0.1,0.5,0,0.1,0.3,0.1,0.18,0.39,1.1,18.4,24.8,2.3,21.7,1.5,0.4,1.7,1.3,0.5,0.2,2.4,33.8,14.1,3.3,34.8,0.2,1.9,0.9,0.9,0.3,0,3.5,0.2,0,0.9,0.1,66.7,CF,0
Wesley Saïd,2018-2019,23,Dijon,0,0.2,0,0.1,0.3,0.1,0.07,0.16,1,17,23.9,3.1,18.9,1.6,1,1.8,1.2,0.3,0.1,2.6,32.4,17.7,3.5,36.5,0.2,2,0.5,0.6,0.3,0,3.4,0.1,0.2,1.4,0.3,67.2,CF,0
Wesley Saïd,2019-2020,24,Toulouse,0.1,0.2,0,0.2,0.4,0.1,0.08,0.2,0.8,25.9,32.4,3.9,26,1.8,0.7,1.9,1.3,0.2,0.2,2.9,43.4,15.3,3.2,46.4,0.2,0.9,0.6,0.9,0.1,0,4.9,0.1,0.1,1.6,0.2,68.3,CF,0
Wesley Saïd,2021-2022,26,Lens,0,0.7,0,0.1,0.7,0.1,0.19,0.5,1.4,22.6,31.9,4.4,27.7,2.3,1,2.5,0.7,0.7,0.3,3.9,42,18.4,5.4,46.2,0.3,2.3,0.8,1.1,0.4,0.1,2.3,0,0.3,1.4,0,76.9,CF,0
Yacine Bammou,2017-2018,25,Nantes,0,0.4,0,0,0.2,0.1,0.14,0.43,0.9,23.7,33.8,2.2,25.4,1.5,0.4,1.7,1.6,0,0,2.1,46.6,19.2,2.9,33.3,0.2,2.4,1,1.2,0.6,0,6.5,0.1,0.5,2.1,0,28.6,CF,0
Yacine Bammou,2018-2019,26,Caen,0,0.2,0.1,0,0.2,0.1,0.06,0.25,0.4,22.9,32.3,1.7,21.8,1.3,0.4,2,1.7,0.1,0.1,1.9,44.1,16.8,2.3,44.4,0.2,0.9,0.9,0.5,0.3,0,4.6,0,0.3,2.4,0,50,CF,0
