Player,Season,Age,Team,Shot_/90,Passes_completed,Passes_attempted,Passes_completition%,Crosses_into18yard_box,TotProgressive_passes,Attempted_long_passes,PrgDist_Carries,Carries_10yards_forward,Carries_into18yard_box,Miscontrols,Dispossesd,Goal_creating_actions,Shot_creating_actions,Aerials_Won%,Yellow_cards,Fouls_committed,Fouls_drawn,Tackles_won,Tackles_on_dribblers,Lost_challange_drib_player,Blocking_ball,Blocking_shots,Blocking_pass,Interceptions,Tackles_+Interc,Clearences,Dead_ball_pass,Passes_freeKick,Passes_behind_defenders,Swing_passes,Crosses,Succ_Takes_on%,Touches_Def__3rd,Touches_Mid__3rd,Touches_Att__3rd,Role,Tier_league
Abdou Diallo,2019-2020,23,Paris S-G,0.4,73.8,80,92.3,0.1,501.6,7.9,197.6,1.6,0.1,1,0.2,0.1,0.8,61.5,0.3,1.8,0.5,0.8,0.6,0.4,0.7,0.4,0.3,0.7,2.2,2.4,4,0.1,0.4,0.3,0.3,84.2,26.8,57.3,4.1,CB,1
Abdou Diallo,2020-2021,24,Paris S-G,0.2,66.4,71.7,92.6,0.1,442.2,6.4,155.3,1.7,0.1,0.9,0.1,0.1,0.4,63.9,0.2,1,0.5,0.7,0.5,0.3,0.9,0.5,0.4,1.5,2.5,2.2,4.2,0,0.2,0.7,0.7,65.4,30,43.4,7.1,CB,0
Abdou Diallo,2021-2022,25,Paris S-G,0.2,63.9,72.2,88.5,0.4,397.3,6.5,144,1.6,0.3,1.3,0.6,0.2,0.6,70,0.1,1.2,0.3,1.4,0.8,0.6,0.6,0.2,0.4,1,3.3,1.9,7,0,0.1,1.8,1.8,73.1,24.5,42.8,15.4,CB,0
Abdoulaye Bamba,2017-2018,27,Angers,0.2,38.6,50.1,76.9,0.1,253.4,5,73.6,1.9,0.1,0.5,0.6,0.1,1.1,56.7,0.1,1.2,1.1,1.3,0.9,0.8,0.5,0.1,0.4,0.6,2.3,3.1,12.1,0,0.1,2.1,2.1,60,18.1,29.7,10.8,CB,0
Abdoulaye Bamba,2018-2019,28,Angers,0.2,33.9,44.8,75.6,0.4,215.9,4.2,70.3,2.1,0.3,0.7,0.5,0.1,1.1,44,0.2,0.7,0.8,1,0.8,0.7,0.7,0.1,0.6,1.3,3.1,3,10.8,0,0,2.4,2.4,57.7,16.8,26.5,10.9,CB,0
Adama Soumaoro,2017-2018,25,Lille,0.09,0,40.8,44.2,0,707,2.3,110.1,0.2,0.1,0.5,0.6,0,0.3,67.9,0.2,0.5,1.1,0.4,0.2,0.1,1.7,1.2,0.5,1.2,1.9,3.8,1.7,1.6,0,0,0,100,31.3,20.8,0.5,CB,1
Adama Soumaoro,2018-2019,26,Lille,0.09,0,45.6,48.4,0.1,913,5.6,103,0.5,0,0.3,0.3,0.1,0.3,60,0.3,1.4,1,0.6,0.2,0.1,1.1,0.9,0.2,1.1,1.8,4.8,2.4,2.4,0,0.2,0,75,29.8,26.8,1,CB,1
Agustín Rogel,2019-2020,21,Toulouse,0.11,0,30.9,36.3,0,553.4,1.7,67.1,0.4,0,0.4,0.1,0.1,0.6,58.5,0,0.5,0.3,0.8,0.7,0.6,1.4,1,0.3,1.2,2.7,3.7,1.7,1.4,0,0.1,0,0,25,19.7,1.3,CB,0
Alexander Djiku,2017-2018,22,Caen,0.6,37.2,46.3,80.3,0,307,8,100.6,0.7,0,0.3,0.2,0,0.6,62.8,0.4,1.5,1.4,1.5,0.9,1,1.2,0.2,1,2,4.4,5.5,1.9,0,0.4,0.2,0.2,85.7,25.1,31.6,2.1,CB,0
Alexander Djiku,2018-2019,23,Caen,0.2,38.4,46.3,82.9,0,309.1,9.1,67.8,0.2,0,0.5,0.4,0.1,0.7,61,0.3,1.6,1.4,1.2,0.8,0.7,1.8,1,0.8,2.7,4.3,6,2.1,0,0.5,0.1,0.1,61.5,34.8,24.5,1.2,CB,0
Alexander Djiku,2019-2020,24,Strasbourg,0.9,46,53.8,85.6,0.1,323.6,9.5,91,0.3,0.1,0.5,0.5,0,0.8,69,0.3,1.6,1,1.4,0.9,0.3,0.6,0.3,0.3,2.4,4.4,3.6,1.4,0,0.8,0.3,0.3,70.6,28.6,34.1,2.7,CB,0
Alexander Djiku,2020-2021,25,Strasbourg,0.6,40,47.6,83.9,0,329.8,9.5,75.5,0.4,0,0.3,0.2,0,0.8,59.6,0.3,1.8,1.3,1.4,1.1,0.7,1,0.4,0.6,3.2,5.3,3.7,1.5,0,0.4,0.3,0.3,83.3,31.2,25.4,2.6,CB,0
Alexander Djiku,2021-2022,26,Strasbourg,0.5,45.3,55.1,82.2,0.2,379,11.3,111.1,0.5,0,0.6,0.2,0.2,1.1,71,0.3,1.5,0.9,1.2,0.6,0.6,1,0.4,0.6,2,3.7,3,2.7,0,1.2,0.5,0.5,43.8,26.2,34.9,4.5,CB,0
Alidu Seidu,2021-2022,21,Clermont Foot,0.06,11.1,35.7,41.4,0.1,610.5,3,89.2,0.6,0.2,0.6,0.8,0,1.1,53.3,0.4,1.1,1.8,1.3,1,0.7,1.6,0.7,0.9,2.2,4.3,3.1,0.9,0.2,0,0.3,0.2,60,26.8,23.9,3.6,CB,0
Almamy Touré,2017-2018,21,Monaco,0.06,14.3,33.5,47.4,0.9,530.9,2.2,82.9,2.3,0.3,1.2,0.9,0.6,2.3,59.3,0.2,2,0.3,2.1,1.3,0.9,1.1,0.1,0.9,1.6,5.3,4.4,10.3,0.6,0.1,0.2,3.3,68.4,16.3,29.2,15.4,CB,1
Andrei Girotto,2019-2020,27,Nantes,0.06,22.7,43.4,51.3,0.2,803.7,3.7,82.4,0.4,0,0.5,0,0,0.5,57,0.2,1.3,0.7,2.2,1.6,1.3,1.3,0.7,0.6,1.4,4.5,4.6,1.7,1.7,0,0.3,0.2,50,32,29.4,2.4,CB,0
Andrei Girotto,2020-2021,28,Nantes,0.05,20.7,39.8,50,0.2,731.7,3.6,82,0.6,0,0.4,0.1,0.2,0.8,62,0.1,1.1,0.8,1.4,1.3,1,1.1,0.5,0.6,2,4.2,3.5,1.9,1.9,0,0.4,0.3,60,26.7,30.7,4,CB,0
Andrei Girotto,2017-2018,25,Nantes,1.8,29,38.6,75.2,0.2,159.2,5.7,59.7,0.9,0.2,0.8,0.5,0.2,2.4,58.2,0.5,2,1.2,2.3,1.2,1.8,1.9,0.4,1.5,0.9,4.3,2.7,0.5,0.5,0.1,0.8,0.5,60,12,29.7,10.4,CB,0
Andrei Girotto,2018-2019,26,Nantes,1.2,38.9,49.2,79.1,0.1,223.9,7.1,65.9,1,0,0.9,0.4,0,1.1,57.9,0.4,2.1,1.4,2.4,1.2,1.5,1.3,0.4,1,1.8,5.2,2.6,1.1,1,0.1,0.7,0.2,50,15.9,40.1,7,CB,0
Andrew Gravillon,2020-2021,22,Lorient,0.11,28.6,35.9,48.2,0.3,675.5,4.2,81.2,0.6,0,0.6,0.2,0.2,0.4,51,0.1,0.7,1.4,0.7,0.5,0.6,1.7,1.2,0.5,2.3,3.4,4.7,1.8,1.7,0,0.6,0.4,87.5,33.3,25.4,2,CB,0
Andrew Gravillon,2021-2022,23,Reims,0.05,25,30.3,40,0.3,599.9,4.1,70.3,0.8,0.1,1.1,0.4,0,0.9,54.2,0.4,1.5,0.9,1,0.7,0.4,1.1,0.6,0.4,1.4,2.7,3.5,4.9,1.7,0,1.1,1,45.5,23.4,22,5.2,CB,0
Andy Pelmard,2019-2020,19,Nice,0.02,0,64,70.6,0,1177.3,3.4,107.3,0.5,0,0.8,0.6,0,0.4,26.7,0.1,0.4,0.8,1.6,1.1,0.2,1.4,0.5,0.9,1.8,4.3,3.3,3.9,2,0,0.2,0,50,46.4,35.7,0.7,CB,0
Andy Pelmard,2020-2021,20,Nice,0.06,50,61.5,67.9,0.1,1020.6,3.3,165.7,1.6,0.1,1.2,0.4,0,0.3,52.6,0.1,1.3,0.4,0.9,0.7,0.2,0.8,0.2,0.6,1.5,2.8,2.6,5.2,1.6,0,0.4,0.2,90.9,29.8,43.9,3.4,CB,0
Anel Ahmedhodžić,2021-2022,22,Bordeaux,0.5,51.1,57.2,89.3,0.1,304.1,8,163.3,1.2,0.2,0.5,0.3,0.1,1.3,58.1,0.4,1.4,0.7,1.7,1.3,0.7,1.1,0.5,0.5,1.5,4,2.9,2.1,0,0.5,0.4,0.4,25,30.6,33,4,CB,0
Anthony Briançon,2018-2019,23,Nîmes,0.6,32.6,40.3,81,0.1,287.9,10,71.3,0.4,0,0.2,0.1,0.1,0.6,55.2,0.3,1,0.7,0.8,0.8,0.7,1.6,1.2,0.4,2.2,3.6,5.7,3.3,0,0.8,0.1,0.1,100,29.5,21.7,1.8,CB,0
Anthony Briançon,2019-2020,24,Nîmes,0.9,37.3,45.6,81.7,0,295.2,10.5,84.6,0.8,0,0.2,0.1,0,0.7,54.9,0,0.5,0.7,1,0.9,0.9,1.1,0.8,0.3,2,3.5,4.1,3.8,0,1.2,0.2,0.2,66.7,29.8,24.4,2.5,CB,0
Anthony Briançon,2020-2021,25,Nîmes,0.4,53,62.4,84.9,0.1,438.5,15.3,120.3,0.7,0,0.2,0,0.1,0.7,53.3,0.3,0.7,0.7,0.5,0.7,0.7,1.4,0.9,0.5,2.4,3.3,4.2,3.7,0,1.3,0.1,0.1,100,43.9,28.1,1,CB,0
Arturo Calabresi,2019-2020,23,Amiens,0.3,34.6,48.5,71.4,0.2,270.2,6.2,59.8,1,0.2,1,0.7,0.1,1.1,45.5,0.2,1.3,1.4,1.6,1.6,2,1.2,0.5,0.6,1.4,3.9,2.9,11.7,0,0.2,1.6,1.6,55,19.7,29.4,11.5,CB,0
Axel Disasi,2019-2020,21,Reims,0.6,47,55.8,84.3,0,340.6,11.3,150,1.6,0,0.4,0.2,0,0.8,58.7,0.1,1.4,0.9,0.8,0.6,0.4,1.1,0.9,0.2,1,2.1,3.6,1.3,0.1,0.6,0.1,0.1,50,36.2,27.1,2.1,CB,1
Axel Disasi,2020-2021,22,Monaco,0.8,59.8,69.7,85.8,0,373.4,10.3,145.5,0.9,0,0.3,0.1,0,0.4,61,0.2,1.3,0.9,0.9,0.9,0.7,0.8,0.5,0.3,1.2,2.5,3,2.8,0,0.8,0.2,0.2,72.7,35.1,40.6,2.7,CB,1
Axel Disasi,2021-2022,23,Monaco,0.7,51,58.6,87,0,402.5,9.4,147.1,0.9,0,0.3,0.2,0,0.4,62.3,0.2,1.4,0.4,0.9,0.8,0.5,1.3,1,0.3,0.9,2.2,2.5,1.2,0.1,0.4,0,0,90,28.3,36.7,1.9,CB,1
Bafodé Diakité,2019-2020,18,Toulouse,0.7,37.4,43.7,85.7,0.1,241.9,5.7,96.4,0.6,0,0.2,0.1,0,0.6,50,0.1,0.3,0.3,1.3,0.5,0.4,1.2,0.6,0.6,1.3,2.8,4.9,2.8,0,0.2,0.4,0.4,66.7,27.8,24,2.8,CB,0
Bakaye Dibassy,2017-2018,27,Amiens,0.4,31.7,41.1,77.2,0.1,241.3,5.1,60.1,1.6,0.2,0.9,1,0.1,0.8,41.9,0.1,1.1,0.7,1.7,0.8,0.8,1.7,0.8,0.8,1.9,4.2,4.8,7.1,0,0,1.2,1.2,90.2,22.6,24.5,8,CB,0
Bakaye Dibassy,2018-2019,28,Amiens,0.3,33.3,43.9,76,0.2,205.1,5.5,64.4,1.1,0.1,0.6,0.5,0,0.6,46.4,0.2,1.1,0.5,0.8,0.6,0.3,1.2,0.6,0.6,1.3,2.5,3.1,5.5,0,0.1,1.5,1.5,59.3,20,25.9,7.6,CB,0
Benjamin Jeannot,2020-2021,26,Dijon,2.8,19.4,27.4,70.7,0.1,63.2,2.6,30,0.4,0.1,2.3,1.1,0,2.1,43.7,0.2,2.1,1.4,0.8,0.4,0.8,0.9,0.2,0.8,0.8,1.8,0.9,1.3,0.1,0,0.2,0.7,66.7,4.5,18.6,15.7,CB,0
Benoît Badiashile,2019-2020,18,Monaco,0.6,51.2,60.1,85,0,374.4,8.9,145.4,1.2,0,0.6,0.2,0,0.6,63.2,0,1.2,0.8,0.8,0.4,0.4,1.3,0.7,0.6,1.7,2.9,3.6,1.9,0.1,1,0.1,0.1,80,28.1,40.1,1.7,CB,1
Benoît Badiashile,2020-2021,19,Monaco,0.8,66.6,76.8,86.7,0,502,12.9,143.2,0.5,0,0.5,0.1,0.1,1,73,0.2,1,0.5,0.5,0.4,0.5,0.7,0.4,0.3,1.8,2.6,3.2,1.4,0,0.9,0.1,0.1,57.1,35.2,48,2.5,CB,1
Benoît Badiashile,2021-2022,20,Monaco,0.7,59.3,67.6,87.8,0,415.7,9.7,117.7,0.8,0,0.3,0.2,0,0.7,77,0.2,1.2,0.4,0.9,0.7,0.4,0.9,0.6,0.3,1.4,3.1,3.3,1.3,0,0.7,0,0,50,31.4,44.2,1.5,CB,1
Björn Engels,2018-2019,23,Reims,0.3,33.4,40,83.5,0,271.3,8.8,104.3,0.6,0,0.3,0.1,0.1,0.8,66.9,0.1,0.6,0.5,0.2,0.2,0.3,0.9,0.7,0.2,1.3,1.7,5.5,1.4,0,0.8,0.1,0.1,60,27.6,20.5,1.4,CB,0
Boubacar Kamara,2018-2019,18,Marseille,0.09,36.4,45.5,53,0.3,795.2,5,131.1,0.7,0,0.3,0.3,0.1,1.2,56,0.2,0.9,1.1,1.5,1.2,0.6,0.9,0.5,0.4,1.7,4.2,3.5,3.2,2.2,0.2,0.5,0.2,66.7,31.4,30,3.1,CB,1
Boubakar Kouyaté,2020-2021,23,Metz,0.16,30.8,32.3,40,0,611.5,2.8,55.9,0,0,0.5,0.2,0,0.3,71.2,0.5,1.8,1.4,1.6,1.5,1.2,2,1.2,0.8,2.7,5.5,6,0.9,0.9,0,0.2,0,66.7,36.2,18.2,1.6,CB,0
Boubakar Kouyaté,2021-2022,24,Metz,0.08,27.3,31.7,39,0.1,645.5,3.9,67.2,0.2,0,1,0.2,0,0.5,67.6,0.3,1.2,0.9,1.7,1.6,1,2.1,1.1,1,2.7,5.5,7.3,0.9,0.8,0,0.2,0,54.5,35.5,20.4,1.7,CB,0
Brendan Chardonnet,2019-2020,24,Brest,0.4,52.8,60.5,87.3,0,396.6,13.8,127.6,0.9,0,0.2,0,0,0.8,63.3,0.4,0.8,0.5,0.7,0.8,0.5,0.9,0.5,0.3,1.6,3,5.5,1.2,0,1,0.2,0.2,100,38.3,31.9,1.2,CB,0
Brendan Chardonnet,2020-2021,25,Brest,0.7,45.8,55.9,81.9,0,408.1,13.3,108.3,1,0.1,0.3,0.1,0.1,0.7,60.8,0.1,1,0.8,1,0.9,0.5,1.8,1.4,0.4,2.1,3.8,5,1.6,0,0.8,0.1,0.1,100,38.4,27.7,2.4,CB,0
Brendan Chardonnet,2021-2022,26,Brest,0.5,35,43.1,81.1,0,338.9,12.5,86.5,0.3,0.1,0.2,0,0.1,0.6,61.4,0.2,0.9,0.8,0.8,1,0.4,1.4,1,0.4,1.8,3.3,4.7,2.2,0,0.8,0.1,0.1,25,30.2,21.9,1.8,CB,0
Cédric Hountondji,2021-2022,27,Clermont Foot,0.07,37.5,37,43.7,0,613.6,2.4,71.5,0.2,0,0.1,0,0,0.3,69.7,0.1,0.5,0.3,0.8,0.7,0.4,1,0.5,0.5,1.5,3,3.4,1.4,1.3,0,0.5,0,0,30,21.5,1,CB,0
Cédric Yamberé,2017-2018,26,Dijon,0.14,55.6,34.5,42.3,0.2,716.9,5.1,122.1,1.1,0,0.4,0.1,0.1,0.7,57,0.2,0.9,1,1.3,0.5,0.6,0.8,0.5,0.3,1.7,3.6,4.4,1.8,1.6,0,1,0.1,78.3,24.7,26,2,CB,0
Cédric Yamberé,2018-2019,27,Dijon,0.1,18.2,32.6,39.3,0.2,719.4,5.7,85.1,0.4,0,0.4,0.1,0.1,0.6,44.9,0.1,1,1.1,1,0.7,0.6,1.4,1,0.4,1.7,3.2,4.4,1.7,1.6,0,0.8,0.1,85.7,25.3,23.4,1.8,CB,0
Castello Lukeba,2021-2022,18,Lyon,0.28,50,64.7,71.9,0.1,1191.1,4.6,128.6,0.5,0,0.7,0.3,0,0.6,53.2,0,0.8,0.6,0.8,0.6,0.3,0.8,0.4,0.4,1.6,3.1,2.7,1.9,1.5,0,0.2,0,92.9,37.6,42.3,1.5,CB,1
Chidozie Awaziem,2017-2018,20,Nantes,0.8,28.8,38.6,74.7,0.1,267.6,9.6,66,0.6,0.1,0.3,0.6,0.1,0.8,52.5,0.1,1.3,0.7,1.8,1.7,0.7,1.1,0.7,0.4,1,3.5,5.8,5.1,0,0.4,0.1,0.1,83.3,26.8,20.7,3.2,CB,0
Christophe Hérelle,2017-2018,24,Troyes,0.13,30.8,32.2,38.7,0.1,738.4,6.8,79.9,0.5,0.1,0.3,0,0.1,0.6,66.7,0.2,0.8,0.8,0.8,0.5,0.4,1.2,0.8,0.3,1.7,2.9,7.3,1.3,1.2,0,0.7,0,20,28,22.1,1.4,CB,0
Christophe Hérelle,2018-2019,25,Nice,0.13,11.8,59.4,67,0.2,1171.3,5.9,114.5,0.5,0.1,0.5,0.2,0.1,0.5,63.9,0.3,1,1.4,1.6,1.2,0.3,1.2,0.5,0.7,1.9,4.1,4.8,2.4,2.1,0,0.5,0.1,57.1,38.2,39.7,1.4,CB,0
Christophe Hérelle,2019-2020,26,Nice,0.21,50,65.6,73.9,0.2,1263.4,5.8,124.4,0.9,0.2,0.2,0.2,0.2,0.7,44.1,0.2,1.4,0.9,0.9,0.2,0.3,1.1,0.7,0.5,1.4,2.5,2.1,5.1,1.6,0,0.2,0.8,37.5,31.3,44.9,6.1,CB,0
Christophe Hérelle,2020-2021,27,Brest,0.15,0,51.6,59.1,0.1,1136.5,9.2,108.4,0.6,0,0.3,0.1,0,0.8,64.3,0.3,1.2,1,0.8,0.7,0.1,0.8,0.6,0.3,2,3.3,2.7,2.2,1.6,0,0.1,0.1,80,34.2,31.4,1.8,CB,0
Christophe Hérelle,2021-2022,28,Brest,0.08,33.3,32.7,38.2,0.1,729.5,6.5,74.4,0.4,0.1,0.3,0.1,0,0.5,50,0.3,0.9,1.1,1.3,0.8,0.4,0.9,0.7,0.2,2,4.3,3.9,1.8,1.7,0,0.2,0,75,25.3,22.4,1.3,CB,0
Christopher Jullien,2017-2018,24,Toulouse,0.12,28,34,43.1,0.2,789.4,7.6,84.4,0.3,0,0.3,0.1,0.2,0.8,75.6,0.2,1.1,0.2,0.9,0.5,0.6,1,0.7,0.3,1.4,2.6,6.3,1.8,1.7,0,1,0.1,0,27.3,25.2,2.5,CB,0
Christopher Jullien,2018-2019,25,Toulouse,0.13,16,36.7,44.3,0.1,763.5,5.9,96,0.3,0,0.4,0.1,0.2,1,74.1,0.2,1.3,0.5,0.7,0.4,0.6,1.2,0.8,0.4,1.2,2.3,6.1,1.6,1.5,0,0.6,0,57.1,28.1,25.6,2.3,CB,0
Christopher Wooh,2021-2022,19,Lens,0.13,25,45.1,51.8,0.1,860.6,3.6,156.4,1.4,0.2,1.1,0.2,0.3,0.9,65.9,0.2,0.8,0.9,0.9,0.9,0.6,1.8,1.2,0.6,1.8,4.3,3.4,1.5,1.5,0,0.2,0.1,73.3,32,32.5,2.1,CB,0
Dénys Bain,2019-2020,26,Brest,0.2,44.8,49.2,91.1,0,298,5,66.4,0.1,0,0.1,0.4,0,0.4,65.5,0.2,0.5,0.4,1,0.6,0,0.9,0.7,0.2,2,3.5,4.7,1.6,0,0.1,0,0,75,41.2,17.9,0.6,CB,0
Danilo Barbosa,2019-2020,23,Nice,0.4,58.2,63.6,91.4,0,317.7,4.5,155.7,1.7,0.2,2,0.6,0.2,1.6,51.4,0.3,1.3,1.6,1.7,1,1.3,1.7,0.5,1.2,1.6,3.9,3,1.5,0.1,0.2,0.1,0.1,76.5,30,42.4,5.8,CB,0
Danilo Pereira,2020-2021,28,Paris S-G,0.09,29.4,68.6,74.6,0.2,1120.3,3.4,133.1,0.6,0,0.8,0.4,0.2,1.1,63.6,0.2,0.9,0.9,0.7,0.4,0.5,0.9,0.4,0.5,1.8,3.1,2.1,1.2,1.1,0.1,0.2,0.1,87.5,24.1,54.5,5.7,CB,1
Diego Carlos,2017-2018,24,Nantes,1,26.8,35.5,75.4,0,257,8.6,61,0.2,0,0.5,0.3,0,0.7,69.4,0.3,1.4,0.7,1.6,1.1,0.4,2,1.1,0.8,1.1,3.9,6.1,1.5,0,0.8,0.2,0.2,80,26.5,20.5,2.9,CB,1
Diego Carlos,2018-2019,25,Nantes,0.9,39.9,48.8,81.9,0.1,340.8,9.6,86.4,0.6,0.1,0.5,0.1,0.1,0.9,55.5,0.2,1.3,0.7,1,0.7,0.2,1.3,0.9,0.4,1.4,3.1,5.3,2.3,0,1.1,0.1,0.1,75,31.2,27.1,2.3,CB,1
Duje Ćaleta-Car,2018-2019,21,Marseille,0.5,40.4,48,84.2,0,287.8,9.8,90.3,0.8,0,0.2,0.1,0,0.7,71.4,0.1,0.8,0.3,0.9,0.8,0.2,0.9,0.5,0.3,1.2,2.4,5,1.2,0,0.7,0.1,0.1,0,31.4,24.8,1.9,CB,1
Duje Ćaleta-Car,2019-2020,22,Marseille,0.7,44.7,51.6,86.7,0,315.1,9.7,137.3,1,0,0,0,0,0.6,70.9,0.3,1.1,0.6,0.7,0.9,0.4,0.8,0.3,0.5,1.2,2.6,4.7,1.9,0,1,0,0,0,30,29.5,2.2,CB,0
Duje Ćaleta-Car,2020-2021,23,Marseille,0.3,52.5,61,86,0,390.1,9.7,98.6,0.4,0,0.2,0.1,0,0.3,68.8,0.3,1,0.5,0.5,0.5,0.4,0.9,0.7,0.2,1.4,2.3,4.2,2.3,0,0.7,0,0,66.7,37.3,31.7,1.3,CB,0
Duje Ćaleta-Car,2021-2022,24,Marseille,0.5,73,79.6,91.6,0,447.3,11.8,170.8,0.6,0,0.4,0,0.1,0.5,76.1,0.3,0.5,0.3,0.4,0.5,0.1,0.5,0.3,0.2,1.1,2,2.4,1.8,0,0.9,0,0,100,34,49.5,2.5,CB,0
Dylan Bronn,2019-2020,24,Metz,0.2,27.6,35,78.7,0,222.2,10.4,43.1,0,0,0.2,0.1,0,0.2,50,0,0.4,0.6,0.6,0.4,0.3,1.2,1,0.2,0.7,1.4,4.7,1.3,0,1.1,0,0,66.7,25.2,18.2,0.7,CB,0
Dylan Bronn,2020-2021,25,Metz,0.4,39.5,47.6,82.9,0,306.5,9.3,106.4,1,0.1,0.3,0.2,0.1,0.9,51.8,0.1,1,0.3,1,0.6,0.5,0.8,0.4,0.4,1.2,2.7,3,2.1,0,0.6,0.1,0.1,78.9,27.6,26.5,2,CB,0
Dylan Bronn,2021-2022,26,Metz,0.5,33.8,41.9,80.6,0,260.5,7.7,90.5,0.5,0,0.3,0.2,0.1,0.5,50,0.4,1.1,0.4,1,0.7,0.4,1.1,0.7,0.5,1.4,3.1,2.8,3.3,0.1,0.4,0.4,0.4,75,25.6,23.1,1.9,CB,0
Edgar Ié,2017-2018,23,Lille,0.07,30.8,44.9,54.3,0.2,763.2,3.3,125.7,1.6,0.1,0.9,0.6,0,0.6,60.4,0.2,0.8,0.5,1.2,0.9,1.1,1.6,0.7,0.9,2.4,4.5,3.9,4.9,1.4,0,0.1,1,80,29.4,31.3,6,CB,0
Edgar Ié,2018-2019,24,2 Teams,0.08,0,32.8,42.6,0.1,526.7,2.4,79.6,1,0.1,1.2,0.5,0.1,0.8,53.1,0.3,1.3,0.8,1.5,1.1,0.8,1.1,0.4,0.7,1.3,3.5,3.5,5.7,1.7,0,0,1,72.7,21.5,25.5,6,CB,0
Enzo Ebosse,2021-2022,22,Angers,0.1,43.4,51.7,83.9,0.1,284,7.1,117.6,1.2,0,1,0.1,0,1.2,50,0,0.7,1,0.7,0.5,0.4,0.9,0.4,0.5,0.7,1.9,2,3.2,0,0.2,0.8,0.8,60,25.5,30.4,4,CB,0
Erik Palmer-Brown,2021-2022,24,Troyes,0.22,0,28.1,33.8,0.2,527.1,2.6,69,0.2,0.1,0.5,0.3,0,0.4,63,0.1,0.9,0.5,1.1,1,0.3,1.3,0.9,0.4,1.8,3.7,4.5,0.8,0.8,0.1,0.2,0,57.1,28.3,16,0.9,CB,0
Félix Eboa Eboa,2017-2018,20,Guingamp,0.5,32.8,42.5,77.3,0.1,242.8,7.9,62.4,0.8,0.1,0.4,0.4,0.1,0.8,66.3,0.1,0.9,0.5,0.6,0.5,0.5,1.2,0.6,0.6,2.3,3.4,7,4.2,0,0.2,0.8,0.8,91.7,24.6,25.7,4.7,CB,0
Félix Eboa Eboa,2018-2019,21,Guingamp,0.4,28.3,37.4,75.9,0.1,221.4,6.5,62.1,0.3,0,0.4,0.1,0,0.3,65.8,0.2,1,0.6,1.2,0.6,0.2,1.4,0.9,0.5,1.4,3.2,5,2.3,0,0.3,0.4,0.4,81.8,22.9,23.7,2.8,CB,0
Facundo Medina,2020-2021,21,Lens,0.13,44.4,60.7,70.9,0.2,1152.1,7.2,175.2,1.1,0,0.9,0.5,0,1.4,46.3,0.5,1.5,0.3,1,1.1,0.6,1.1,0.4,0.7,1.7,3.5,2.3,2.8,2.2,0,1.3,0.2,63.6,33.4,45.2,2.5,CB,0
Facundo Medina,2021-2022,22,Lens,0.15,22.2,70,78.5,0.2,1211,6.4,223.2,1.8,0,0.8,0.5,0.2,1.1,52.1,0.4,1.2,0.4,1.5,1.3,0.8,0.8,0.3,0.6,1.3,3.4,2.7,3.4,2.4,0.1,0.7,0.2,76.2,32.7,51.5,3.9,CB,0
Fali Candé,2021-2022,23,Metz,0.6,32.2,45.1,71.3,0.3,234.3,7.6,67.2,1.2,0.2,1.7,0.8,0.3,1.6,60,0.2,1,1,1.7,1.2,1.7,1,0.2,0.8,0.6,3.3,1.9,10.8,0,0.1,4.2,4.2,31.8,19.2,25.2,13.1,CB,0
Fallou Diagne,2017-2018,27,Metz,0.6,31.9,41,77.9,0,300.7,13.9,47.7,0.3,0.2,0.5,0.1,0.2,1,67.4,0.3,1.2,0.2,0.8,0.3,0.6,1.3,0.7,0.6,1.8,3.2,4.7,1.6,0,1,0.1,0.1,88.9,25.4,24.4,2.1,CB,0
Flavius Daniliuc,2020-2021,19,Nice,0.5,59.8,68.1,87.8,0.1,405,7.7,158.3,1.5,0,0.7,0.2,0,0.9,39,0,0.7,0.5,0.9,0.6,0.7,1,0.4,0.7,0.9,2.3,1.9,3.6,0,0.9,0.1,0.1,100,32.1,39.9,3.7,CB,0
Flavius Daniliuc,2021-2022,20,Nice,0.3,53.7,61,87.9,0.1,345.2,5.4,121.5,0.4,0.1,0.9,0.1,0.1,0.8,46.7,0.3,1.2,0.3,2.2,2.4,0.6,0.9,0.5,0.4,1,4.2,2.4,6.7,0,0.5,0.5,0.5,60,29.8,35.9,5.9,CB,0
Gaëtan Paquiez,2018-2019,24,Nîmes,0.04,100,34,43.8,0.3,474.4,1.2,42.5,0.7,0.2,1.6,0.5,0,2.2,50,0.3,1.2,0.7,2,1.6,1.7,1.6,0.4,1.2,1.5,4.4,3.4,13,0.7,0.1,0.1,0.9,53.8,20.6,25.1,11.5,CB,0
Gaëtan Paquiez,2019-2020,25,Nîmes,0.04,0,31.9,45.8,0.5,506.7,2,58.3,1.2,0.1,1.2,0.4,0.1,0.9,40.5,0.4,1.4,1,1.5,1,1.8,1.1,0.3,0.8,1.9,4.1,2.5,12.6,1.2,0,0.1,1.6,54.5,18.2,26.1,12.8,CB,0
Gaëtan Paquiez,2020-2021,26,Nîmes,0.02,0,30.3,40.1,0.4,484.8,2.1,63.4,1.9,0.2,0.9,0.3,0,0.9,59.4,0.1,1.1,1.5,1,1,1.5,0.9,0.3,0.6,1.4,3.2,2.4,11.5,0.9,0,0.1,1,41.7,15.5,24.6,10.3,CB,0
Gabriel Magalhães,2018-2019,20,Lille,0.08,30,46.8,54.5,0.2,947.1,5.2,130.7,0.4,0,0.3,0.2,0,1.2,71.9,0.1,1.2,1.1,0.9,0.3,0.3,1.2,0.5,0.7,1.6,3.1,5.1,2.9,2.6,0.1,0.3,0,0,29.9,34.7,1.2,CB,1
Gabriel Magalhães,2019-2020,21,Lille,0.08,23.5,53.3,65.1,0.1,1040.3,5.4,143.1,1.1,0,0.4,0.3,0,0.8,64.8,0.1,0.8,1.1,1.3,0.6,0.3,1.2,0.8,0.4,0.9,2.7,3.7,2.7,1.9,0.1,0.6,0.1,100,28.2,45.2,2.3,CB,1
Gen Shoji,2018-2019,25,Toulouse,0.03,0,34.5,40.7,0.2,726.6,5.9,78.1,0.2,0,0.2,0.3,0.1,0.5,48.8,0.1,0.5,0.4,0.7,0.6,0.7,1.2,0.8,0.4,1.2,2.5,3.1,1.5,1.3,0,0.8,0,100,23,25.3,0.6,CB,0
Gerzino Nyamsi,2020-2021,23,Rennes,0.1,20,59.3,67.9,0.1,1156.6,5.9,127.4,0.7,0,0.8,0.5,0,0.6,58.3,0.2,1,0,1,0.4,0.2,0.8,0.5,0.3,1,2.3,3.3,0.2,0.2,0,0.6,0.1,83.3,31.3,43.1,2.3,CB,0
Gerzino Nyamsi,2021-2022,24,Strasbourg,0.08,21.4,36.6,44.1,0.1,762.6,4.6,122.5,0.3,0,0.6,0.2,0.1,0.4,67.2,0.1,1,0.1,0.6,0.6,0.2,0.8,0.5,0.3,0.8,1.8,2.7,1.1,0.9,0,0.2,0.1,85.7,26.4,24.4,1.7,CB,0
Giulian Biancone,2021-2022,21,Troyes,1.1,36.9,50.2,73.4,0.5,261.8,7.2,108.8,2.3,0.3,1.2,0.4,0.1,1.8,58.5,0.4,1.3,1.3,1.6,1.6,1.1,0.9,0.3,0.6,2.1,4.8,2.8,6.6,0.1,0.6,3.4,3.4,44.4,24.9,25.9,12.8,CB,0
Guillermo Maripán,2019-2020,25,Monaco,0.16,33.3,48.7,55.5,0.1,1020.8,6.7,119.1,0.6,0,0.4,0.1,0.1,0.6,56.5,0.1,0.7,0.3,1.3,1.2,0.9,1.5,0.7,0.9,1.3,3.4,3.5,1.6,1.5,0,0.7,0.2,50,29.3,33.8,2.7,CB,1
Guillermo Maripán,2020-2021,26,Monaco,0.15,40,64.7,71.9,0.3,1352.3,7.7,157.7,0.7,0,0.4,0,0.1,0.4,51.3,0.3,0.8,0.3,0.5,0.6,0.5,0.8,0.5,0.3,1.2,2.3,2.8,1.6,1.5,0,0.5,0.1,100,35.4,43,1.6,CB,1
Guillermo Maripán,2021-2022,27,Monaco,0.09,28.6,58.7,66.3,0.1,1187.5,7.1,121.9,0.5,0.1,0.5,0,0,0.7,55.6,0.2,1,0.5,1.2,1,1,1,0.7,0.3,1.2,3,3.2,1.5,1.4,0.1,0.2,0,80,36.8,36.9,2,CB,1
Haitam Aleesami,2019-2020,28,Amiens,0.1,42.6,56.1,75.8,0.2,273.1,4.2,67,1,0.2,1.1,1,0.1,1.4,67.2,0.2,1.5,0.4,0.8,0.8,1.2,1.6,0.5,1.1,1.6,3.3,2.8,11.2,0,0.1,2.1,2.1,68.4,19.4,35.7,12.3,CB,0
Harold Moukoudi,2019-2020,21,Saint-Étienne,0.11,0,46,53.4,0.1,877,3.7,105.8,0.9,0,0.6,0.3,0,0.3,67.3,0.3,1,0.5,1.7,1,0.3,1.5,0.9,0.5,1.5,4,3.8,1.8,0.9,0,0.1,0.1,71.4,34.5,29.4,1,CB,0
Harold Moukoudi,2020-2021,22,Saint-Étienne,0.17,30.8,40.8,46.1,0,811.9,4.6,73.8,0.5,0,0.3,0.4,0.1,0.6,62.7,0.2,0.9,0.6,1.1,1.1,0.4,0.9,0.4,0.6,1.7,3.5,3.1,1.3,1.1,0,0.4,0,73.3,29.3,25.2,1.5,CB,0
Harold Moukoudi,2021-2022,23,Saint-Étienne,0.12,0,44.7,50.3,0.2,939.5,7.4,101.1,0.4,0.1,0.4,0.2,0,0.7,62.2,0.2,0.8,0.3,0.7,0.8,0.6,1.5,0.8,0.7,1.9,3.3,2.6,1.8,1.6,0,0.9,0,81.8,28.5,30.2,1.6,CB,0
Issa Diop,2017-2018,20,Toulouse,0.6,29.1,36.7,79.3,0.1,257,7.3,83.8,0.4,0,0.3,0.1,0,0.7,61.3,0.2,0.9,0.7,1.3,0.6,0.8,1.1,0.7,0.4,2.2,3.9,3.8,2.2,0,0.4,0.1,0.1,73.3,21,24.1,1.5,CB,1
Jérémy Gélin,2017-2018,20,Rennes,0.05,0,45.3,54.1,0.3,1010.4,9,100.6,0.5,0,0.2,0.1,0.1,1.2,55.6,0.1,1.3,0.6,0.7,0.8,1.3,0.9,0.5,0.4,1.4,2.9,3.6,1.6,1.5,0.1,1.3,0.1,60,22.9,38,1.8,CB,0
Jérémy Gélin,2018-2019,21,Rennes,0.12,28.6,48.7,56,0.3,1029.4,8,96.7,0.4,0,0.4,0.1,0.1,1.3,37.1,0.2,1.2,0.6,1.1,1.3,1.1,1,0.4,0.6,1.3,3.5,2,1.3,1.3,0,0.5,0,85.7,21.1,40.4,3,CB,0
Jérémy Gélin,2019-2020,22,Rennes,0.15,0,46.9,53.4,0.1,1008.6,7.8,72.2,0,0.1,0.1,0,0,0.6,54.1,0.1,0.7,0.9,0.5,0.8,0.5,1.4,0.7,0.7,1.5,2.8,3.2,1.4,1.4,0,0.1,0.1,0,32,28.5,2,CB,0
Júnior Alonso,2017-2018,24,Lille,0.5,49.3,61,80.8,0.1,436.3,12.4,130.5,0.6,0.1,0.5,0.4,0.1,0.9,67.9,0.1,1.1,0.3,1,0.9,0.7,0.8,0.5,0.3,1.8,3.7,5,2.7,0.1,0.6,0.2,0.2,83.3,35.9,34.1,2.5,CB,0
Jason Denayer,2018-2019,23,Lyon,0.5,60.4,64.5,93.6,0,408.2,4.3,193.7,1.2,0.1,0.3,0.2,0,0.5,54.5,0.1,0.4,0.3,0.7,0.5,0.3,1.2,1,0.1,0.8,1.9,4,2,0,0.1,0.1,0.1,61.1,29.7,41.9,1.8,CB,0
Jason Denayer,2019-2020,24,Lyon,0.2,63.7,67.8,94,0,419.2,8.1,176,0.6,0,0.3,0.1,0.1,0.5,55.6,0,0.4,0,0.5,0.4,0.2,1.4,1.2,0.1,0.8,1.6,3.5,1.9,0,0.3,0,0,81.8,34.9,39.3,1.3,CB,0
Jason Denayer,2020-2021,25,Lyon,0.2,55,58.3,94.4,0,377.6,6.1,115.3,0.5,0,0.2,0,0,0.5,54.1,0,0.7,0.2,0.6,0.2,0.2,1.2,0.9,0.4,0.9,1.8,3.1,1.2,0,0.2,0.1,0.1,100,30.7,34.4,1.3,CB,0
Jason Denayer,2021-2022,26,Lyon,0.5,62,66.3,93.5,0,425.1,7.6,96.5,0.3,0,0.3,0.1,0.1,0.4,42.1,0.2,0.6,0.4,0.4,0.5,0.1,0.7,0.6,0.1,1.4,2.4,4.7,2.3,0,0.3,0.1,0.1,100,40.6,34.5,0.8,CB,0
Jean-Charles Castelletto,2019-2020,24,Brest,0.1,41.9,49.6,84.5,0,322,7.8,91,0.4,0,0.2,0.2,0,0.5,59.6,0.1,1.3,0.5,0.4,0.4,0.4,1,0.8,0.2,1.6,2.5,4.3,1.1,0,0.5,0.2,0.2,100,34.1,23.5,1.4,CB,0
Jean-Charles Castelletto,2020-2021,25,Nantes,0.4,30.1,37.2,80.9,0,224,5,42.9,0.4,0,0.2,0.1,0,0.4,68.4,0.2,1.5,0.3,0.8,0.8,0.6,1.2,0.9,0.3,1.9,3.4,3.7,2.6,0,0.1,0,0,100,23.3,21.9,1.2,CB,0
Jean-Charles Castelletto,2021-2022,26,Nantes,0.6,37.1,43.3,85.8,0,263.5,6,69.8,0.3,0.1,0.2,0.2,0,0.6,64.4,0.3,1.5,0.4,0.9,0.9,0.4,1.4,1,0.4,1.1,2.7,2.6,2.2,0,0.3,0.3,0.3,87.5,21.1,28.2,2.4,CB,0
Jean-Clair Todibo,2018-2019,18,Toulouse,0.1,100,39,46.1,0,735.6,3.3,119.6,0.6,0,0.9,0.5,0,0.4,58.5,0.3,1.4,0.5,1.9,1.2,0.2,1.5,0.5,1,1.5,3.8,6.7,1.9,1.6,0,0.2,0,83.3,33.9,25,1.1,CB,0
Jean-Clair Todibo,2020-2021,20,Nice,0.1,14.3,67,76.3,0.2,1350.5,8.5,210.5,0.9,0.1,0.9,0.3,0,0.6,53.1,0.3,1.2,0.9,1,1.1,1,0.9,0.5,0.4,1.3,3,3.2,2.8,2.7,0,1.1,0.1,73.9,41.4,43.4,1.9,CB,0
Jean-Clair Todibo,2021-2022,21,Nice,0.15,31.6,61.6,70.7,0.2,1186.6,5.7,169.3,1,0,0.6,0.2,0.1,1,60.9,0.2,0.7,0.3,1.1,1.1,0.6,1.3,0.6,0.7,1.5,3.2,3.8,2.1,1.8,0.1,0.5,0.3,73.7,32.9,46.2,2.4,CB,1
Jean-Claude Billong,2021-2022,27,Clermont Foot,0.5,38.3,45,85.1,0.1,253.9,6.4,79.4,0.4,0.1,0.4,0.1,0,0.4,76.3,0.2,0.6,0.8,0.7,0.7,0.3,0.8,0.1,0.7,0.9,2.5,3.2,1,0,0.4,0.1,0.1,66.7,29.3,22.1,1.7,CB,0
Jean-Kevin Duverne,2019-2020,22,Brest,0.2,55.4,65.9,84,0,372.8,13.7,153.6,1.1,0.2,0.4,0.2,0,0.8,42.9,0,0.8,0.7,0.6,0.2,0.3,1.8,0.6,1.1,1.5,2.4,3.8,1.7,0.2,0.9,0,0,63.6,39.2,35.5,1.9,CB,0
Jean-Kevin Duverne,2020-2021,23,Brest,0.4,50.3,60.4,83.4,0,437.6,13.7,161.4,1.7,0.1,0.5,0.4,0.1,0.6,43.2,0.2,0.9,0.7,0.9,0.7,0.8,1.1,0.7,0.4,1.3,3,3.1,2.7,0,0.6,0.4,0.4,94.7,34.6,31.8,3.1,CB,0
Jean-Kevin Duverne,2021-2022,24,Brest,0.4,39.7,53.3,74.4,0.5,322.3,9.2,110.1,2.3,0.2,1.4,0.6,0.2,1.7,52.1,0,1,0.9,1.3,1.3,1.4,1.2,0.1,1,1.6,3.7,2.8,9.2,0,0.4,2.2,2.2,45.2,20.9,31,12.8,CB,0
Jemerson,2017-2018,24,Monaco,0.11,11.1,37.3,42.9,0,768.9,5.1,94.5,0.3,0.1,0.4,0.1,0,0.3,54,0.2,1.1,0.5,1,0.8,0.2,1.5,1,0.4,1.8,3.3,5.3,1.9,1.9,0,0.3,0,66.7,27.5,25.5,1.5,CB,0
Jemerson,2018-2019,25,Monaco,0.06,0,37.9,43.7,0.1,753.6,4.2,91.4,0.4,0,0.4,0.1,0,0.5,64.3,0.4,1.7,0.8,1.5,1.2,0.7,1.2,0.7,0.5,1,3.2,4.9,1.9,1.9,0,0.6,0,50,26.9,26.1,1.6,CB,0
Jemerson,2019-2020,26,Monaco,0,0,45.9,55.2,0.1,766.3,1.7,114.4,0.9,0,0.6,0.3,0,0.6,52.2,0.2,1.8,0.7,1.4,0.9,0.9,0.7,0.3,0.4,1.4,3.7,2,5,2.2,0.1,0.5,0.5,100,18.4,40,4.4,CB,0
Jemerson,2021-2022,28,Metz,0.13,40,30.7,36.3,0.1,527.4,1.9,63,0.4,0.1,0.7,0.3,0,0.3,40.6,0.2,1.3,0.5,1.9,1.3,0.6,1.7,0.6,1.1,1.9,4.6,2.5,2.7,2.5,0,0.6,0,75,27.5,19.9,0.9,CB,0
Jimmy Giraudon,2017-2018,25,Troyes,0.12,25,33.9,42.8,0.2,752.1,7,110.2,0.3,0.1,0.4,0.1,0,0.3,60.3,0.2,0.6,0.5,0.7,0.4,0.3,1.3,0.9,0.3,1.3,2.5,5.5,2.5,2.4,0,0.5,0,100,28.7,23.2,1.2,CB,0
Joachim Andersen,2019-2020,23,Lyon,0.6,70.2,78.4,89.6,0,440.7,12.3,178.1,0.4,0,0.2,0.1,0,0.9,69.4,0.2,1,0.2,0.5,0.4,0.7,0.9,0.7,0.2,0.6,1.6,4.4,1.6,0.1,1.1,0.1,0.1,100,42.9,42.4,1.9,CB,0
Jonathan Gradit,2018-2019,25,Caen,0.03,0,33.1,41.1,0.5,605.8,3.6,104.5,1.9,0.1,0.8,0.5,0,0.7,37.1,0,0.9,1.7,1.3,1.3,1.1,1.8,0.7,1.1,2,4.3,3.7,4.1,0.6,0,0.2,0.7,70,21.4,27,5.5,CB,0
Jonathan Gradit,2020-2021,27,Lens,0.02,0,48.1,55.5,0.2,971.9,6.5,201.9,2.3,0,0.8,0.4,0.1,0.9,50.5,0.3,1.6,2,1.2,0.7,0.5,1.2,0.6,0.6,1.8,3.7,2.6,2.3,1.8,0.1,1,0.1,70.8,21.9,41.1,3,CB,0
Jonathan Gradit,2021-2022,28,Lens,0.02,0,54,60.8,0.4,984.5,4.9,176.9,1.9,0.1,0.4,0.3,0.1,1.2,47.5,0.2,1.2,1.1,0.8,0.7,0.6,1.1,0.8,0.4,1.9,3.7,3.1,1.6,1.3,0.1,0.8,0.3,76.2,23,44,3.9,CB,0
Jonathan Panzo,2020-2021,19,Dijon,0.06,40,47.5,54.8,0.1,948.3,5.8,117,0.7,0,0.4,0.1,0,0.2,61.9,0.2,1.4,0.4,0.6,0.4,0.1,1.3,0.6,0.7,2.9,3.8,4.5,1.4,1.3,0,0,0,93.3,41.8,24.1,1.3,CB,0
Jonathan Rivierez,2017-2018,28,Metz,0.03,37.5,31.7,42,0.7,618.2,3.6,53.5,0.7,0.2,0.6,0.1,0,1.6,47.7,0.3,1.4,0.6,2.6,1.8,1.7,0.9,0.3,0.6,1.7,5.2,3.2,9.5,0.6,0,0.3,1.1,67.5,19.9,25.4,8.5,CB,0
Jordan Lefort,2018-2019,24,Amiens,0.04,9.1,31.7,45.9,0.3,585.7,3.8,69.7,0.8,0.1,0.8,0.3,0,0.6,67,0.2,0.7,0.7,0.9,0.8,0.4,0.5,0.4,0.1,2.3,3.9,5.3,6.2,0.9,0,0.2,1.1,66.7,25.5,25.8,7.6,CB,0
Jordan Lefort,2019-2020,25,Amiens,0.05,33.3,43.5,53.8,0.1,801.2,5.5,75.1,0.2,0.1,0.7,0.2,0.2,0.7,52,0.2,0.4,0.6,0.2,0.3,0.2,0.4,0.1,0.3,1,1.3,3.1,5.1,1.2,0,1.2,0.7,83.3,29.4,27.9,3.4,CB,0
Joris Gnagnon,2017-2018,20,Rennes,0.09,32.1,36.4,40.1,0,681.5,3,76.1,0.3,0,0.4,0.2,0.1,0.4,66.7,0.1,0.8,0.8,0.9,0.6,0.3,0.7,0.5,0.2,0.9,2.2,4.7,1.4,1.3,0,0.2,0,100,20.4,26.3,2.5,CB,0
Joris Gnagnon,2019-2020,22,Rennes,0.07,11.1,41.3,46.3,0.1,790.8,3.4,120.4,0.7,0,0.1,0.2,0.1,0.4,63.9,0.1,1.1,0.6,0.9,0.7,0.1,1.5,1.2,0.3,1.3,2.4,4.3,1.2,1.1,0,0.1,0.3,100,29.6,24.7,1.8,CB,0
Julien Laporte,2020-2021,26,Lorient,0.1,12.5,42,51,0.2,906.2,6.5,100.8,0.6,0.1,0.1,0.1,0.1,0.8,61.5,0.3,1,0.6,1.3,1.4,1.1,1.2,0.8,0.4,2.2,4.4,4.2,1.7,1.6,0,0.3,0,85.7,35.2,25.8,0.9,CB,0
Julien Laporte,2021-2022,27,Lorient,0.11,17.6,38.1,45.3,0.2,852.9,7.9,84.8,0.4,0,0.2,0.1,0,0.4,59.1,0.2,0.9,0.8,1.4,1,1,1.2,0.7,0.5,1.7,3.6,5.4,1.5,1.4,0,0.7,0.1,71.4,32.1,23.5,1.5,CB,0
Kévin Théophile-Catherine,2017-2018,27,Saint-Étienne,0.13,0,38,46.4,0.3,754.4,5.2,123.3,0.4,0,0.5,0.3,0.1,0.6,58.6,0.2,1,0.5,1.1,0.5,0.5,0.8,0.6,0.2,1.3,2.8,4.7,2,0.8,0,0.7,0.1,85,26.2,28.5,1.5,CB,0
Kelyan Guessoum,2020-2021,21,Nîmes,0.08,16.7,40.3,45.7,0.2,844.4,4.6,104.6,0.3,0,0.2,0.1,0.1,0.3,57.1,0.2,0.5,1,0.6,0.9,0.4,0.6,0.5,0.2,1.9,3,4.1,1.5,1.4,0,0.6,0,100,30.4,23.5,1.1,CB,0
Kevin Danso,2021-2022,22,Lens,0.4,52.1,60.5,86.1,0,410.5,8.1,168.6,0.3,0,0.5,0.1,0.1,0.8,70.6,0.3,1.4,1.2,0.9,0.7,0.4,1.2,0.8,0.4,1.3,2.6,3.6,1.8,0,0.2,0,0,80,32.7,36.6,1.3,CB,1
Koffi Djidji,2017-2018,24,Nantes,0.3,27.7,37.4,74.1,0.2,232.5,7,45.1,0.7,0,0.7,0.3,0.1,0.8,66.1,0.1,0.9,0.3,1.5,0.7,0.4,1.3,0.6,0.7,1.7,3.7,4.7,7.2,0,0.3,0.8,0.8,80,22.5,20.1,5.6,CB,1
Kouadio-Yves Dabila,2017-2018,20,Lille,0,41.2,49.3,83.6,0.1,287.8,8.2,79,0.5,0,0.4,0.4,0,0.7,50,0.1,1.3,0,1,0.6,0.4,1.3,0.6,0.8,1,2.9,4.4,2.9,0.1,0.2,0.9,0.9,100,26.8,27.4,5,CB,0
Kouadio-Yves Dabila,2018-2019,21,Lille,0.2,37.3,43.6,85.5,0,262.6,6.7,61.7,0.1,0,0.2,0.1,0,0.3,40,0.2,0.7,0.3,0.7,0.6,0.1,1.5,1,0.5,0.7,2,5.1,1.6,0,0.7,0,0,100,32.3,21.6,0.3,CB,0
Léo Lacroix,2017-2018,25,Saint-Étienne,0.1,0,35.2,41.2,0,756.9,5.9,77,0.5,0.1,0.5,0.1,0,0.5,60.6,0.3,1.2,0.3,0.9,0.6,0.5,0.7,0.3,0.3,1.3,2.8,6.3,1.2,1.2,0,0.6,0,100,30.1,22.1,1.6,CB,0
Leonardo Balerdi,2020-2021,21,Marseille,0.7,50.7,58.6,86.6,0,324.3,7.1,104.5,0.6,0.1,0.6,0.6,0.1,0.5,45.5,0.3,1.7,1.5,1,0.8,0.9,0.9,0.5,0.4,1.5,3.1,3.6,3.2,0,0.7,0.1,0.1,76.9,34.5,31.9,2.8,CB,0
Leonardo Balerdi,2021-2022,22,Marseille,0.2,71.3,77.6,91.9,0,467.1,10.1,159.3,0.6,0,0.8,0.6,0.2,0.6,56.7,0.4,0.9,0.5,0.6,0.5,0.9,1,0.4,0.7,1.8,2.7,2.8,2.4,0,0.4,0,0,84.6,38.3,47.9,1,CB,1
Lilian Brassier,2020-2021,20,2 Teams,0.6,53.2,64.7,82.2,0.1,400.6,14.5,142.6,0.2,0,1.6,0.1,0.1,0.8,75,0.3,1.8,1.1,0.9,0.7,0.4,1.2,0.6,0.7,2.2,3.9,3.6,2.5,0.1,0.3,0.7,0.7,66.7,37.9,35.7,3.6,CB,0
Lilian Brassier,2021-2022,21,Brest,0.4,40.2,50.6,79.5,0,342.9,11.4,126.6,1.2,0.2,0.8,0.2,0,0.8,68.9,0.2,1,0.7,1,0.4,0.4,1.2,0.8,0.4,1.3,2.9,3.4,3.6,0,1,0.7,0.7,31.3,30.2,27,3.9,CB,0
Loïc Bade,2020-2021,20,Lens,0.4,57.7,67.6,85.3,0.1,411.7,11,203.3,1.4,0.1,0.7,0.4,0,0.8,64.4,0.4,1.5,0.6,1.2,1,0.9,1.5,0.6,0.9,2.6,4.5,4.7,1.1,0,0.5,0.2,0.2,88.5,42.7,36.2,1.9,CB,1
Loïc Bade,2021-2022,21,Rennes,0.6,59.8,66.6,89.8,0.1,398.6,9.5,185,0.7,0,0.4,0.1,0.1,0.5,58.1,0.3,0.5,0.1,0.5,0.3,0.2,1.1,0.9,0.2,1.1,1.6,4.4,0.9,0,0.4,0.2,0.2,80,38.7,35.7,1.7,CB,1
Loïck Landre,2018-2019,26,Nîmes,0.23,42.9,24.7,30.8,0.1,465.7,2.4,57.7,0.3,0,0.6,0.1,0,0.5,45.7,0.3,1.2,0.9,1.2,0.8,0.5,0.9,0.6,0.3,2.1,3.9,4.7,1.1,0.8,0,0.2,0.1,57.1,22.6,18.2,1.2,CB,0
Loïck Landre,2019-2020,27,Nîmes,0.14,33.3,29.8,38.3,0.2,607,3.4,81.8,0.3,0,0.2,0,0.2,0.8,50,0.2,1.2,1.2,0.9,0.7,0.4,1.2,0.9,0.3,1.6,3.2,3.3,1.4,1.4,0,0.7,0,0,23.5,22.8,1.1,CB,0
Loïck Landre,2020-2021,28,Nîmes,0.23,22.2,38.2,44.2,0,772.4,4.5,102.5,0.6,0.1,0.2,0.1,0.1,0.4,43.3,0.1,1.1,0.6,0.4,0.7,0.8,1.2,1.1,0.2,1.7,2.5,2.9,2,1.7,0,0.6,0,80,29.2,22.6,0.8,CB,0
Loris Benito,2019-2020,27,Bordeaux,0.6,52.1,63.3,82.4,0.2,309.3,5.5,117.3,2.4,0.3,1.2,0.5,0.2,1.5,53.3,0.2,1.8,0.3,1.2,0.8,1.3,0.7,0.2,0.4,1.4,3.3,2.8,9.2,0,0.1,2.2,2.2,38.5,19.5,41.9,12.4,CB,0
Loris Benito,2020-2021,28,Bordeaux,0.3,51.4,61.1,84.2,0.3,316.8,6.5,95.7,1.9,0,0.4,0.3,0,1.2,59.7,0.2,1.3,0.5,0.9,0.7,0.9,1.1,0.3,0.8,1.4,2.9,2.4,9.6,0,0.1,1.4,1.4,66.7,25.7,34.1,9.7,CB,0
Luan Peres Petroni,2021-2022,27,Marseille,0.04,0,58,66.3,0.2,958.6,4.3,143.9,1.7,0,0.9,0.4,0.2,1.1,63.1,0.2,0.6,0.6,1.2,1.2,0.5,0.9,0.4,0.5,1.4,3.6,2.2,7.1,1.3,0,0.5,0.8,72.2,22,43.1,10.6,CB,0
Lucas Perrin,2021-2022,22,Strasbourg,0.04,33.3,43.9,52.3,0.6,833.5,5.1,136,1.2,0,0.5,0.2,0.1,1.4,73.6,0.2,1.7,1.1,1.2,0.9,0.7,1,0.4,0.6,1.5,3.1,2.4,2.9,2.2,0.2,0.4,0.1,60,21.5,36.3,3.6,CB,0
Malang Sarr,2017-2018,18,Nice,0.1,12.5,66.7,75.6,0.1,1341.6,9.3,209.5,1.9,0.1,0.6,0.5,0.1,1,63.6,0.1,0.9,1.1,1.2,0.5,0.7,1,0.4,0.5,2.1,3.7,3,4,1.8,0.1,1.6,0.7,87.5,37.9,41.8,5.3,CB,0
Malang Sarr,2018-2019,19,Nice,0.11,11.1,58.8,65.8,0.2,1092.8,6.1,104,0.6,0,0.7,0.3,0.1,0.5,61.6,0,0.9,0.9,1.1,0.9,0.8,0.9,0.4,0.5,2,3.8,3.2,4.6,1.9,0,0.7,0.3,56.3,33.2,39.4,3.2,CB,0
Malang Sarr,2019-2020,20,Nice,0.06,25,65.8,73,0.2,1309.5,7.7,148.5,0.8,0.1,0.6,0.2,0.1,0.7,44.8,0.1,0.5,0.6,0.7,0.6,0.8,0.6,0.2,0.4,2.4,3.5,1.9,4.1,1.9,0,1.1,0.2,100,34,43.6,4,CB,0
Mamadou Fofana,2019-2020,21,Metz,0.6,36.4,43.3,84,0,214.8,6,50.8,0.3,0.1,0.2,0.3,0,0.9,38,0.2,1.2,0.2,2,1.2,1.1,1.2,0.6,0.7,1.2,4.5,3.5,0.8,0.1,0.2,0.1,0.1,50,24.6,27.8,2.6,CB,0
Mamadou Fofana,2020-2021,22,Metz,0.3,31.6,38,83.2,0,193.7,5.6,44.6,0.2,0,0.5,0.3,0,0.7,45.8,0.2,1,0.1,0.9,0.6,2,1.2,0.2,1,1.5,3.6,3,1.1,0,0,0,0,100,22.6,23.2,1.6,CB,0
Marlon,2017-2018,21,Nice,0.12,0,61.7,65.5,0.1,1159,6.1,135.2,0.4,0,0.2,0,0,0.5,61.7,0.2,0.9,0.5,1.2,0.7,0.3,0.9,0.7,0.2,0.7,2.4,3.4,2.1,1.9,0,0.9,0.1,81.8,38,33.5,1.9,CB,1
Marquinhos,2017-2018,23,Paris S-G,0.09,0,62.3,66.6,0.3,1186.5,8,140,0.6,0,0.2,0,0.1,0.5,67.7,0,0.3,0.3,0.6,0.5,0.3,1.4,0.9,0.6,0.6,1.7,4.5,2.1,1.9,0,0.8,0,100,33.9,39.9,1.6,CB,1
Marquinhos,2018-2019,24,Paris S-G,0.19,27.3,69.8,76,0.4,1258,7,152.8,0.6,0,0.2,0.3,0.1,0.9,63.6,0.1,1,0.3,1.4,1,0.7,1,0.4,0.6,1.5,3.6,2.8,1.8,1.4,0.2,0.5,0,85.7,28.3,51.9,4.7,CB,1
Marquinhos,2019-2020,25,Paris S-G,0.17,27.3,74.3,79.8,1,1320.1,6.6,132.9,0.5,0.1,0.5,0.6,0.2,1.5,52.1,0.1,1.2,0.4,1.2,0.7,0.9,1.5,0.5,1,1.5,3.9,1.9,1.4,1,0.3,0.7,0.2,77.8,25.3,58.4,6.8,CB,1
Marquinhos,2020-2021,26,Paris S-G,0.15,53.3,68.2,73.5,0.5,1249,6.4,163.1,0.6,0,0.3,0.1,0.2,0.7,63.6,0.1,0.6,0.2,0.9,0.6,0.5,0.9,0.4,0.5,1.1,2.3,3.2,1.3,1.2,0,0.6,0,100,34.3,45.2,3.3,CB,1
Marquinhos,2021-2022,27,Paris S-G,0.18,33.3,70.5,75.7,0.3,1353.1,7.4,183.2,0.3,0.1,0.3,0.1,0.1,0.7,51.3,0.2,0.2,0.3,0.4,0.6,0.5,1.1,0.6,0.5,0.5,1.7,3.2,2.4,2,0.1,0.7,0.2,66.7,35.8,44.4,4.1,CB,1
Mateo Pavlović,2017-2018,27,Angers,0.16,33.3,34.1,40.8,0.1,649.4,3.7,75.4,0.2,0,0.2,0.1,0.1,0.5,69.4,0.4,1.4,0.5,0.3,0.3,0.6,0.6,0.5,0.1,1,1.6,5.5,1.6,1.6,0,0.2,0,100,23,25.2,1.8,CB,0
Mateo Pavlović,2018-2019,28,Angers,0.2,44.4,29.3,34.1,0.1,573,3.4,43.5,0,0,0.2,0.1,0,0.4,58.8,0.3,1,0.3,0.7,0.4,0.4,1.3,1,0.3,0.7,1.7,5.9,1.1,1.1,0,0.3,0,100,26.1,17.1,1.4,CB,0
Matheus Thuler,2021-2022,22,Montpellier,0.07,0,28.9,34.9,0,528.5,2,73.7,0.3,0,0.3,0.3,0,0.1,62.5,0.3,1.3,0.2,1.3,0.8,0.7,0.9,0.7,0.2,0.9,3.2,3.2,1.2,0.7,0,0,0.2,0,26.6,16.2,1.2,CB,0
Matt Miazga,2018-2019,23,Nantes,0.08,0,43.4,53.5,0,831,4.5,86.6,0.1,0,0.2,0.1,0,0.1,86.8,0.6,1.4,0.5,1.4,0.9,0.2,1.4,0.9,0.5,1.5,3,5.1,2.7,2.7,0.1,0.9,0.1,0,29.4,33.1,1.6,CB,0
Maxime Estève,2021-2022,19,Montpellier,0.2,33.3,39.5,84.5,0,173,4.4,92.4,0.6,0,0.6,0.1,0,0.4,54.2,0.1,0.5,0.3,0.9,0.7,0.6,1.5,1.2,0.3,1.1,2.4,3.3,1.3,0,0.2,0,0,66.7,26.6,21.5,1.1,CB,0
Maxime Le Marchand,2017-2018,27,Nice,0.06,0,61.5,70.1,0.4,1063.6,4.5,124.7,1.6,0.1,0.6,0.6,0.1,1.2,68.9,0.1,0.8,0.6,1.3,0.7,0.7,1.3,0.5,0.8,2.3,4,3.7,5.8,1.6,0,0.6,1.1,70.8,31.5,41.8,7.2,CB,0
Mexer,2017-2018,28,Rennes,0.07,0,31.3,37.5,0.1,662.6,6.1,51.5,0,0,0.1,0.1,0,0.2,60.9,0.1,0.4,0.7,0.9,0.7,0.2,1,0.5,0.4,1.2,2.3,7.3,1.8,1.7,0,0.7,0.1,100,27.6,20.7,1,CB,0
Mickael Nade,2021-2022,22,Saint-Étienne,0.21,14.3,34.6,42.7,0.1,663.4,4,80,0.4,0,0.5,0.4,0,0.7,67.7,0.1,1.5,1.1,1.2,0.8,0.5,1,0.5,0.5,2.1,4.1,2.9,1.4,1.3,0,0.3,0,66.7,24.5,27.7,1.6,CB,0
Mohamed Simakan,2019-2020,19,Strasbourg,0.05,33.3,40.1,52.8,0.6,759.9,5.4,117.1,1.8,0.1,1,0.5,0.1,1.6,60.9,0.2,1.5,2.4,1.9,1.3,0.7,0.8,0.2,0.7,1.9,5.1,1.5,6.9,0.9,0,0.9,1.6,69.6,21.7,32.6,10,CB,1
Mohamed Simakan,2020-2021,20,Strasbourg,0.1,28.6,39,47.4,0.6,830.9,7.1,113.9,1,0.2,0.7,0.6,0.2,1,51.9,0.1,1.2,1.5,1.2,0.5,0.5,0.9,0.6,0.3,1.7,3.5,2.3,3.5,1.1,0,1,0.3,76.9,23.3,28.8,5.7,CB,1
Molla Wagué,2019-2020,28,Nantes,0.1,0,35.6,42.8,0.1,645.7,2.4,60.7,0.1,0,0.1,0.1,0.4,0.9,69.2,0.1,0.8,0.1,1.6,0.9,0,1.3,1.1,0.3,2,4,5.5,1.2,1.2,0,0.4,0.1,100,36.3,18.7,1.5,CB,0
Moritz Jenz,2021-2022,22,Lorient,0.13,11.1,38.1,45,0,738.2,3.8,88.2,0.6,0.1,0.3,0.1,0,0.6,52.6,0.3,1.6,0.2,0.8,0.7,0.8,1.2,0.7,0.5,1.8,3.5,3.6,1.6,1.5,0,0.3,0,66.7,27.8,25.4,2.2,CB,1
Mouctar Diakhaby,2017-2018,20,Lyon,0.5,45.6,51.8,88.1,0,292.3,8,150.9,0.7,0,0.4,0.2,0,0.1,61.8,0.2,0.7,0.9,0.7,0.5,0.4,1.7,1.1,0.6,1.5,2.7,6.4,1.7,0,0.7,0,0,100,34.6,28.3,0.7,CB,1
Moussa Niakhate,2017-2018,21,Metz,0.09,11.8,33,41.9,0.1,755.8,7.7,81.9,0.9,0,0.3,0.1,0,0.5,57.3,0.2,1,1.2,1.1,0.6,0.4,0.8,0.4,0.4,1.6,3.2,4,2.5,1.6,0,0.7,0.3,81,27.7,21.9,2.3,CB,1
Naomichi Ueda,2020-2021,25,Nîmes,0.1,50,36.3,47.2,0.5,802.7,5.8,132.5,0.8,0,0.5,0.1,0,1,59.1,0,0.4,0.4,0.3,0.5,0.3,0.6,0.5,0.1,0.8,1.3,3.8,2,1.9,0,0.6,0,100,31.8,21.9,0.9,CB,0
Nayef Aguerd,2018-2019,22,Dijon,0.9,39.9,51.8,77,0.2,357.5,12.7,88.5,0.9,0,0.7,0.4,0,0.7,64.1,0.3,1.6,0.7,1,0.7,0.9,1.7,0.9,0.8,1.2,2.7,5.1,3.4,0,0.7,0.3,0.3,85.7,28.8,32.8,3.1,CB,0
Nayef Aguerd,2019-2020,23,Dijon,0.4,46.3,56.1,82.4,0,414.8,13.4,80.8,0,0,0.4,0.3,0.1,0.4,76.8,0.2,1.2,0.6,0.8,0.8,0.4,1,1,0,1.7,2.9,5.1,1.6,0,1.6,0.1,0.1,75,40.1,26.7,1,CB,1
Nayef Aguerd,2020-2021,24,Rennes,0.8,70,77.6,90.3,0,542,10.4,130.1,0.4,0,0.3,0.3,0,0.6,63,0.2,0.6,0.8,0.9,0.6,0.3,1,0.6,0.3,1.3,2.4,2.9,2.3,0,0.9,0,0,81.8,36.6,48,2.1,CB,1
Nayef Aguerd,2021-2022,25,Rennes,0.8,64.5,72.5,88.9,0,504.4,13.1,148.6,0.4,0,0.2,0.1,0.1,0.5,65.1,0.1,0.7,0.5,0.6,0.5,0.3,0.8,0.5,0.3,0.8,1.7,4.2,2.4,0.1,1.3,0,0,83.3,37.6,41.9,1.9,CB,1
Nicholas Opoku,2019-2020,21,Amiens,0.03,0,23.4,31.3,0.1,475.7,3.1,73,0.4,0,0.4,0.1,0,0.3,61.1,0.1,1.4,0.6,0.7,1,1,0.9,0.3,0.6,1,2,4.6,0.9,0.6,0.1,0.9,0.1,0,18.4,21.7,1.1,CB,0
Nicolas Isimat-Mirin,2019-2020,27,Toulouse,0.12,100,31.8,38.5,0.2,626.4,3.9,64,0.5,0.1,0.8,0,0,0.4,57.6,0.3,1.1,0.6,0.6,0.4,0.4,1.3,0.9,0.4,1.6,2.6,5.1,1.1,1.1,0,0.2,0,100,26.8,22.2,1.3,CB,0
Olivier Boscagli,2018-2019,20,Nice,0.4,54.2,69.6,78,0.2,331.1,11.3,127.2,1.6,0,1,0.4,0.1,2.3,51.4,0.1,0.6,2.3,1.3,0.9,1.1,1.3,0.1,1.1,1.8,3.9,3.9,11.8,0.1,0.9,3.3,3.3,60,24.7,44.7,12.9,CB,1
Oussama Haddadi,2017-2018,25,Dijon,0.09,33.3,37.9,50.9,1.2,685.8,5,110.8,2.5,0.2,1.1,0.4,0.1,1.9,37.8,0.2,1.6,0.5,1,0.5,1.2,1,0.4,0.6,1.5,3.1,2.8,9.4,0.8,0,0.8,2.9,73.5,19.6,27.7,13.4,CB,0
Oussama Haddadi,2018-2019,26,Dijon,0.06,40,40.2,55,1.1,704.4,3.6,115.3,3.2,0.3,1.1,0.8,0.1,2.3,40,0.2,1,0.4,0.8,0.8,0.6,1.1,0.3,0.8,1.5,3.2,3.1,10.8,0.8,0,0.6,4,47.8,18.6,29.3,18.3,CB,0
Pablo,2017-2018,26,Bordeaux,0.09,42.9,38.3,44,0.1,842.7,7.7,60.2,0.3,0,0.1,0,0.2,0.8,68.3,0.2,0.8,0.4,1,0.7,0.4,0.9,0.5,0.4,1.1,2.2,6.7,1,1,0.1,0.9,0,80,31.9,21.8,1,CB,0
Pablo,2018-2019,27,Bordeaux,0.11,18.2,38.5,45.7,0,799.4,7,57.2,0.2,0,0.6,0.3,0.1,0.4,71,0.1,0.8,0.6,0.7,0.6,0.5,1.3,1,0.3,1.5,2.7,8,1.7,1.6,0,0.8,0,80,37.6,20.5,1.4,CB,0
Pablo,2019-2020,28,Bordeaux,0.11,41.2,54.1,62.5,0,1051.1,5.1,93.1,0.2,0,0.5,0.3,0,0.6,77.2,0.1,1.1,0.5,0.6,0.7,0.6,1,0.6,0.5,1.7,2.8,5.4,2.2,1.4,0,0.7,0,85.7,37.9,34.5,1.8,CB,0
Pablo Martinez,2017-2018,28,Strasbourg,0.07,33.3,34.7,42.7,0.3,674.1,4.9,81.2,0.8,0,0.5,0.3,0.1,0.9,59.3,0.2,1,1.2,1.4,0.9,1.1,1.1,0.5,0.6,2.2,3.9,4.8,3.7,1.3,0,0.5,0.6,50,24.8,25.6,3.6,CB,0
Pape Abou Cissé,2020-2021,24,Saint-Étienne,0.9,37.2,48.6,76.5,0,356,12.1,93.4,0.1,0.1,0.6,0,0,0.6,78.6,0.1,0.7,0.6,0.9,0.4,0.3,0.5,0.3,0.2,1.9,3,6.2,1.9,0,1.3,0.1,0.1,50,36,23.9,1.6,CB,0
Papy Djilobodji,2017-2018,28,Dijon,0.6,40.7,51.7,78.7,0,385.6,13.4,132.7,0.5,0.1,0.2,0.4,0.1,0.5,74.4,0.1,0.8,0.9,1,0.7,0.7,1.3,0.8,0.4,2.4,3.9,7,2.3,0,1.1,0.2,0.2,77.8,33.2,30.7,1.9,CB,0
Pedro Mendes,2017-2018,26,Montpellier,0.06,27.3,36.5,45,0.2,780.7,6.7,69.2,0.3,0.1,0.3,0.3,0.1,0.6,58.2,0.3,1.3,1.6,1.6,0.7,0.6,1.1,0.8,0.3,1.4,3.3,4.8,2.6,1.8,0,1.1,0.3,76.5,27.8,25.6,2.9,CB,0
Pedro Mendes,2018-2019,27,Montpellier,0.11,25,35.9,44.1,0.3,774.1,6.2,87.2,0.8,0.1,0.6,0.3,0.2,1,39.5,0.2,1.5,1.6,1.4,1,0.5,1.4,0.7,0.7,1.6,4,2.5,1.7,1,0,1.1,0.3,91.7,28.4,23.4,2.7,CB,0
Pedro Mendes,2019-2020,28,Montpellier,0.19,33.3,37.7,47.3,0.2,795,5.8,109.3,1.2,0.1,0.4,0.3,0,0.4,49,0.7,1.6,1.4,1.1,1,0.6,1.2,0.8,0.5,1.8,3.7,2.7,1.9,1.6,0.1,1,0.4,71.4,26.7,29,2,CB,0
Presnel Kimpembe,2017-2018,21,Paris S-G,0.12,33.3,66.2,69.6,0.1,1135.8,5.7,189.5,1.3,0,0.4,0.3,0,0.6,57.4,0.3,1.3,1.8,1,0.3,0.2,0.6,0.4,0.3,0.9,2.3,3,3.4,3,0,0.8,0.2,86.4,28.7,46.7,1.9,CB,1
Presnel Kimpembe,2018-2019,22,Paris S-G,0.11,25,62.3,67.1,0.1,1009.6,3.9,151.4,1,0,0.4,0.5,0.3,0.9,48,0.2,1.3,1.8,1.5,1.1,0.7,0.8,0.4,0.3,1.3,3.8,2.2,2.8,1.8,0,0.2,0.3,38.5,24.3,47.5,4,CB,1
Presnel Kimpembe,2019-2020,23,Paris S-G,0.12,33.3,77.6,81.8,0,1294.2,3.9,169.6,0.4,0.1,0.4,0.1,0,0.5,62.5,0.4,1.2,1.3,1.8,1,0.4,0.5,0.2,0.3,1.5,4,2.4,1.7,1.5,0,0.3,0.1,86.7,35.6,53.3,2.2,CB,1
Presnel Kimpembe,2020-2021,24,Paris S-G,0.05,20,73.2,77.2,0.1,1208.4,3.8,158.7,0.5,0,0.5,0.2,0.1,0.7,60.7,0.2,1.2,1,1.1,0.9,0.4,0.7,0.4,0.3,1.2,3,2.4,1.8,1.6,0,0.2,0,75,33.5,49.9,2.1,CB,1
Presnel Kimpembe,2021-2022,25,Paris S-G,0.2,14.3,75.3,78.8,0.2,1252.7,3.9,183.5,1,0,0.5,0.2,0.1,0.6,71,0.2,1,0.9,0.7,0.5,0.3,0.7,0.5,0.2,1.3,2.5,2.6,3,1.9,0,0.4,0.1,72.7,29.3,53.9,3.2,CB,1
Prince-Désir Gouano,2017-2018,23,Amiens,0.1,12.5,28.2,35.4,0.1,530.8,2.3,38.4,0,0,0.2,0.1,0,0.3,57.9,0.1,0.9,0.9,1,0.7,0.3,1.9,1.5,0.4,1.6,3,6.3,1.2,1.2,0,0.1,0.1,66.7,29,17.6,0.7,CB,0
Prince-Désir Gouano,2018-2019,24,Amiens,0.08,42.9,30,36.7,0.1,605.2,3.5,68.6,0.2,0,0.3,0.2,0,0.5,60.6,0.1,1.1,1.4,0.6,0.4,0.3,1.2,0.9,0.3,1.6,2.6,4.4,0.8,0.8,0,0.4,0.1,100,24.4,21.5,0.9,CB,0
Robson Bambu,2020-2021,22,Nice,0.2,62,71.2,87.1,0,407,8.3,157.2,0.9,0,0.8,0.4,0,0.3,50,0.3,1.6,0.8,0.9,0.9,0.3,0.7,0.6,0.1,0.9,2.2,4.9,3.4,0,0.5,0.1,0.1,50,47.5,32.4,1.4,CB,0
Ruben Gabrielsen,2019-2020,27,Toulouse,0.09,25,33.6,40.7,0.1,587.3,3.3,84.4,0.4,0,0,0.1,0,0.3,70.6,0,0.7,0.7,0.3,0.3,0.3,0.7,0.4,0.3,1.1,1.5,5.6,1.4,1.2,0,0.1,0,100,28.1,20.6,0.8,CB,0
Saidou Sow,2020-2021,18,Saint-Étienne,0.1,50,43.5,53,0.1,845.9,5,69.6,0.2,0,0.5,0.3,0,0.4,52.2,0,0.6,0.5,1.1,1.2,0.5,1.1,0.7,0.4,1.3,3.3,3.5,1.3,1.1,0,0.5,0,75,34.9,27.2,1.1,CB,0
Saidou Sow,2021-2022,19,Saint-Étienne,0.09,66.7,43.3,52.1,0.1,840.9,5.2,81.4,1.2,0,0.7,0.3,0.1,0.4,46.7,0.2,0.8,0.4,1.5,1.5,0.5,1.4,0.5,0.9,2.1,4.6,3.1,1.6,1,0,0.9,0.3,62.5,30.6,31.9,2.5,CB,0
Senou Coulibaly,2019-2020,24,Dijon,0.7,44.1,54.2,81.3,0,399.2,13.1,99.6,0.3,0,0.4,0.3,0,0.7,66.7,0,0.9,0.7,0.9,0.3,0.3,1.5,1.4,0.1,1.4,3.2,5.9,1.4,0,0.5,0.1,0.1,100,42.6,23.9,1.4,CB,0
Senou Coulibaly,2020-2021,25,Dijon,0.2,37.9,47.7,79.5,0,323.3,9.4,96.3,0.4,0,0.4,0.4,0,0.2,50.6,0.3,0.8,0.7,1,0.6,0.6,0.8,0.6,0.3,1.4,2.9,4.1,1.5,0,0.5,0,0,70,35.1,21.5,0.8,CB,0
Sikou Niakaté,2021-2022,22,Metz,0.03,25,24,30.8,0,441.6,2,38.3,0.4,0,0.3,0.5,0,0.8,68.8,0.3,1.4,0.7,1,0.5,1,0.7,0.4,0.3,3.7,4.8,4.6,0.8,0.8,0,0.1,0.1,66.7,26,17,1,CB,0
Sinaly Diomande,2020-2021,19,Lyon,1.3,50.7,58.7,86.3,0,369,6,111.2,0.6,0.2,0.2,0.2,0,0.6,76.6,0.2,1.3,1,0.6,0.4,0.7,1.5,1.2,0.3,2.6,3.4,4.2,2,0.1,0.2,0.2,0.2,75,33.3,33,4.1,CB,0
Stanley N'Soki,2018-2019,19,Paris S-G,0,0,56.7,66.3,0.6,799,2.6,113,2.4,0,0.6,0.6,0.1,0.8,72.7,0.3,1.2,0.4,1.8,0.8,0.9,1.3,0.1,1.2,2.3,4.9,2.6,7,0.8,0,0.4,0.8,72.2,22.7,43.8,11.2,CB,0
Stanley N'Soki,2019-2020,20,Nice,0.09,25,66,73.4,0.3,1112.6,3.9,149,1.8,0.1,0.8,0.4,0.1,1.3,61.8,0.2,1.1,0.9,2.1,1.6,1.3,1,0.4,0.6,2.3,5.1,2.6,7.2,2.1,0,0.3,0.2,69.4,29.6,49.9,6.4,CB,1
Stanley N'Soki,2020-2021,21,Nice,0.1,0,63.7,74.9,0.4,1100,4.7,135.4,1.1,0.1,0.9,0.4,0,0.7,75.7,0.3,0.8,0.4,1.4,0.9,0.7,1.2,0.3,0.9,1.9,3.8,2.7,3.3,1.4,0,0.3,0.7,71.4,34.7,45.7,4.3,CB,1
Stefan Mitrović,2018-2019,28,Strasbourg,0.1,21.4,37.4,41.4,0,747.5,4.6,94.7,0.2,0,0.1,0.1,0,0.4,59.8,0.2,0.5,0.3,0.5,0.4,0.4,1.2,0.9,0.3,1.4,2.1,4.3,0.9,0.8,0,0.3,0,100,28.9,20.5,0.7,CB,0
Steven Fortes,2020-2021,28,Lens,0.07,20,51.1,58.8,0,1031.9,6.5,150.8,1.1,0,0.3,0.1,0,0.6,62.1,0.4,1.6,0.6,1.3,1,0.4,1.6,0.6,0.9,1.7,3.8,3.3,2.1,2,0,0.8,0.1,42.9,34.1,33,2.1,CB,0
Stian Rode Gregersen,2021-2022,26,Bordeaux,0.2,16.7,35.6,42.1,0.2,629.4,2.7,85.1,0.9,0,0.4,0.3,0,0.4,50.7,0.3,1.2,1.1,1.2,0.8,0.7,1.2,0.7,0.5,1.8,3.5,4.7,1.1,0.6,0,0.3,0.3,71.4,31.1,19.9,2.8,CB,0
Sven Botman,2020-2021,20,Lille,0.4,61.2,70.9,86.3,0,456,10.3,129.7,0.7,0,0.5,0.1,0.1,0.6,68.2,0.1,0.4,0.7,0.6,0.4,0.3,0.8,0.6,0.3,1.6,2.4,3.4,1.6,0.1,0.6,0,0,77.8,37.2,40.1,2,CB,1
Sven Botman,2021-2022,21,Lille,0.6,53.6,61,87.9,0,404.9,9.5,108.8,0.5,0,0.4,0.1,0.1,0.7,67.1,0.2,0.6,0.5,0.4,0.5,0.2,1.3,0.8,0.4,1,2,4.6,2.3,0,0.9,0,0,100,36.1,33.3,1.6,CB,1
Théo Pellenard,2017-2018,23,Bordeaux,0.03,0,40.9,55.5,0.9,640.3,3.4,107.1,1.6,0.1,1.2,1.1,0.3,1.5,48,0.3,1.6,0.3,1.3,0.6,1.1,0.9,0.4,0.6,2,4,2,9.3,0.8,0.1,0.3,3.3,73.7,18.2,33,13.6,CB,0
Thilo Kehrer,2018-2019,21,Paris S-G,0.16,28.6,60.8,65.9,0.3,976.2,3.8,128.5,1.5,0.1,0.4,0.3,0.1,0.9,59.8,0.2,1.2,0.9,2,1.5,1.1,1.5,0.8,0.7,1.5,4.5,3.3,3.2,0.9,0.1,0.4,0.4,100,26.2,44.8,6.4,CB,1
Thilo Kehrer,2020-2021,23,Paris S-G,0.12,0,64.7,70.3,0.3,993.5,2.2,100.2,0.5,0.1,0.4,0.2,0.1,0.7,61.2,0.2,1.4,0.5,1.4,0.6,0.9,0.9,0.2,0.7,0.8,2.6,2.1,3.5,0.9,0,0.1,0.6,60,27,44.4,6.4,CB,1
Thilo Kehrer,2021-2022,24,Paris S-G,0.11,44.4,67.9,71.9,0,1082.3,3.2,106.4,0.8,0.1,0.4,0.7,0.1,0.7,55.3,0,0.9,0.4,0.8,0.5,0.7,1.1,0.7,0.5,1.4,2.7,1.7,3.3,0.8,0,0.3,0.3,33.3,28.1,43.5,9,CB,1
Tiago Djaló,2019-2020,19,Lille,0,52.4,61.5,85.2,0,312.6,8.6,120.8,0.8,0,0.4,0.4,0,0.5,47.4,0.1,1.2,0.7,0.5,0.3,0.7,0.4,0.3,0.1,1.5,2.7,3.8,2.6,0,0.4,0.4,0.4,75,29.8,38,2.3,CB,0
Tiago Djaló,2020-2021,20,Lille,0.2,63.3,73.3,86.4,0.1,335.7,8.1,110.1,1.4,0.2,0.8,0.2,0,1.1,58.8,0.4,1.5,0.9,1.3,1.5,0.8,1,0.4,0.6,0.9,3.2,2.4,8.1,0,0.1,0.6,0.6,31.8,25.7,46.1,12.2,CB,1
Tiago Djaló,2021-2022,21,Lille,0.5,50.7,58.7,86.4,0.1,308.6,5.6,119,1.2,0.2,1.1,0.3,0.1,0.9,42.6,0.2,0.9,0.9,1.5,1,0.5,1,0.4,0.6,0.9,3.2,2.7,6.7,0.1,0.2,0.4,0.4,70,29.2,33.8,6.3,CB,0
Timothée Kolodziejczak,2018-2019,26,Saint-Étienne,0.15,35.3,46.1,56.6,0.5,857.9,5.3,113.5,1.2,0.1,0.6,0.1,0.2,1,49.4,0.2,0.9,0.3,0.6,0.6,0.7,0.7,0.3,0.4,1.5,2.5,3.3,5.6,1,0,0.4,1.1,63.2,28,30.5,7.4,CB,0
Timothée Kolodziejczak,2019-2020,27,Saint-Étienne,0.07,33.3,38.5,50.5,0.2,657.2,2.4,126.9,1.4,0.1,1.2,0.1,0.1,0.8,58.1,0.4,1.2,0.3,0.7,0.6,0.8,0.6,0.2,0.3,2.1,3.2,3,5,1.2,0,0.1,1.7,80,24.4,30.2,5.9,CB,0
Timothée Kolodziejczak,2020-2021,28,Saint-Étienne,0.08,20,49.3,59.9,0.1,939.4,5.5,117.8,0.5,0,0.4,0.1,0,0.7,50.6,0.2,1.2,0.3,0.7,0.8,0.4,1.1,0.7,0.4,1.6,2.8,3.5,4.1,1.9,0.1,0.3,0.4,66.7,37,29.4,3.2,CB,0
Trevoh Chalobah,2020-2021,21,Lorient,0.6,41.3,49.1,84,0,221.5,5.5,77.7,1,0.1,1,0.4,0.2,1.3,55.8,0.2,0.8,1,1,1,1,0.8,0.3,0.5,2.8,4.6,2.3,2.1,0.1,0.4,0.4,0.4,73.1,20.5,34.6,5.7,CB,1
Vahid Selimović,2017-2018,20,Metz,0.04,0,32.4,40,0.1,720.7,6.2,78.5,0.4,0,0.4,0.1,0,0.3,33.3,0.3,1.9,0.7,1.2,0.9,0.3,0.9,0.7,0.2,1.4,3.2,4.9,2.3,1.4,0,0.4,0,100,25.6,23.6,0.9,CB,0
Vukašin Jovanović,2017-2018,21,Bordeaux,0.08,50,40.9,45.9,0.2,824.7,5.8,129.1,0.9,0,0.5,0.2,0.1,0.5,50,0.2,0.5,1,0.9,0.4,0.5,1.1,0.6,0.5,1.7,2.8,4.2,1.4,1.2,0.1,0.6,0.1,66.7,27.5,26.2,1.6,CB,0
Vukašin Jovanović,2018-2019,22,Bordeaux,0.24,100,44.4,52.5,0,911.4,6.8,133.5,0.7,0,0.3,0,0,0.3,49.3,0.5,1.2,1,1.4,0.8,0.4,1.5,0.8,0.7,2.4,4.1,6.9,1.7,1.7,0,1.6,0.1,71.4,33.7,31.2,1,CB,0
Warmed Omari,2021-2022,21,Rennes,0.08,0,59,63.9,0.1,1313.9,10.1,146.5,0.7,0.1,0.6,0.3,0.1,0.6,66.7,0.2,0.8,0.5,0.5,0.5,0.3,0.6,0.4,0.2,1,2.1,3,1.1,1,0,0.6,0.1,83.3,30.2,40.1,1.6,CB,0
Wesley Fofana,2019-2020,18,Saint-Étienne,0.5,39.7,48.7,81.6,0,219.9,5.9,149,2.2,0,0.6,0.4,0.1,0.4,72.1,0.3,1,1.1,1.1,0.9,0.4,0.7,0.4,0.4,2.7,4.5,4.1,2.6,0.1,0.2,0.1,0.1,37.5,33.8,25.3,3.2,CB,1
William Saliba,2019-2020,18,Saint-Étienne,0.08,0,44.5,50.5,0.1,834,4.6,147.2,1.8,0,1,0.9,0,0.4,61.7,0,0.2,0.5,0.8,0.5,0.5,1.2,0.4,0.8,1.9,3.6,3.3,2.3,0.9,0.1,0.6,0,85.7,31.2,28.6,2,CB,0
William Saliba,2020-2021,19,Nice,0.14,16.7,66.9,73.5,0.1,1315,7.9,244.2,1.8,0,0.6,0.1,0,0.5,62.1,0.1,0.8,0.5,0.5,0.2,0,0.8,0.8,0,1.3,2,4,1.7,1.6,0,0.8,0,90.9,40.7,40.6,1,CB,1
William Saliba,2021-2022,20,Marseille,0.1,23.5,79.2,85.2,0.3,1393.1,4.8,223.8,1.4,0.1,0.7,0.4,0.1,0.8,61.3,0.1,0.5,0.3,0.9,0.7,0.2,0.7,0.4,0.2,1.3,2.8,2.4,2.6,2.1,0,0.3,0.1,75.6,34.9,54.3,4.3,CB,1
Wout Faes,2020-2021,22,Reims,0.3,42.8,49.9,85.8,0,317.3,10.1,98.7,0.7,0.1,0.3,0.3,0,0.3,59.4,0.4,0.7,0.5,0.7,0.6,0.6,1.2,1,0.3,2.1,3.2,4.5,0.8,0,0.4,0,0,75,36.4,24.1,1,CB,0
Wout Faes,2021-2022,23,Reims,0.6,33.9,39.8,85.2,0,272.7,7.1,97.4,0.4,0,0.6,0.1,0,0.6,54.3,0.1,0.6,0.6,0.6,0.7,0.2,1.3,1,0.3,1.4,2.5,4.6,1.4,0,0.2,0.1,0.1,77.8,30,18.4,1.8,CB,0
Yoann Salmier,2017-2018,24,Strasbourg,0.11,0,37.2,43.9,0.2,790.4,6,94.3,0.5,0.1,0.2,0.1,0,0.2,52.4,0.2,1.1,0.6,1.1,0.4,0.6,0.9,0.5,0.4,2.1,3.3,5,1.2,1.2,0,1,0,87.5,32.7,20.1,1.2,CB,0
Yoann Salmier,2021-2022,28,Troyes,0.09,10,37.8,45.4,0.1,663.7,3.4,99.4,1.2,0,0.4,0.4,0,0.8,64.8,0.2,1.1,0.9,1.1,0.9,0.3,1,0.5,0.5,1.3,3.3,3.2,4,2,0,0.5,0.4,76.5,28.5,23.2,3.8,CB,0
Younn Zahary,2018-2019,19,Caen,0,0,21.8,31.9,0.1,401.2,1.7,29.3,0.1,0,1.3,0.1,0,0.4,44.8,0.4,1.5,0.2,1.1,1,0.7,1.6,1,0.6,2,3.9,4.3,8.2,1.2,0,0.1,0.7,60,21.6,17.5,4.6,CB,0
