Player,Season,Age,Team,Assist,G+A,Non_penalty_goals,Non_penalty_xG,Expected_assisted_goals,Expected_assists,Non_penalty_expGoals_perShot,Shot_/90,Goals_perShot_onTarget,Shots_onTarget,Shots_onTarget%,Passes_toShot,Passes_into18yard_box,Crosses_into18yard_box,Progressive_passes,TotDist_completed_passes,TotProgressive_passes,Attempted_long_passes,Long_passes_Cmp%,TotDist_Carries,PrgDist_Carries,Carries_10yards_forward,Carries_into_final_third,Carries_into18yard_box,Miscontrols,Dispossesd,Goal_creating_actions,PassLive_lead_goal,Shot_creating_actions,PassLive_lead_shot_attempt,Aerials_Won%,Fouls_committed,Fouls_drawn,Tackles_on_dribblers,Lost_challange_drib_player,Blocking_ball,Blocking_shots,Interceptions,Tackles_+Interc,Dead_ball_pass,Passes_freeKick,Passes_behind_defenders,Swing_passes,Crosses,Succ_Takes_on%,Touches_Def_3rd,Touches_Att_Pen,Role,Tier_league
Abdoulaye Touré,2017-2018,23,Nantes,0.0,0.1,0.0,0.0,0.0,0.0,0.04,1.3,0.08,0.4,29.3,0.6,0.5,0.1,5.9,589.3,200.1,6.3,63.5,130.9,61.0,0.8,1.0,0.1,1.3,1.4,0.3,0.2,2.6,1.8,64.2,1.7,1.7,0.7,1.4,1.3,0.3,2.0,4.4,0.4,0.4,0.1,0.6,0.6,70.3,12.5,0.5,DM,0
Abdoulaye Touré,2018-2019,24,Nantes,0.0,0.1,0.1,0.1,0.1,0.0,0.04,1.8,0.21,0.5,25.5,0.8,0.6,0.2,4.8,562.4,160.8,4.4,63.2,150.6,72.3,1.2,1.4,0.1,1.5,1.3,0.2,0.1,2.5,1.8,47.5,0.9,1.5,0.6,1.2,0.8,0.3,1.5,3.1,0.5,0.4,0.1,0.5,0.8,71.2,9.1,0.6,DM,0
Abdoulaye Touré,2019-2020,25,Nantes,0.0,0.1,0.0,0.1,0.0,0.0,0.05,1.3,0.13,0.3,25.0,0.7,0.3,0.0,5.3,755.7,177.8,5.4,76.1,187.3,80.8,1.4,1.1,0.2,1.6,1.3,0.1,0.0,1.7,1.0,48.7,1.3,2.1,0.4,0.8,1.3,0.4,1.2,2.5,0.5,0.5,0.0,0.6,0.4,70.5,11.4,0.8,DM,0
Abdoulaye Touré,2020-2021,26,Nantes,0.1,0.2,0.1,0.1,0.1,0.1,0.07,1.4,0.25,0.2,15.4,0.7,0.4,0.0,5.4,709.1,186.2,4.4,72.3,154.8,69.8,1.2,1.2,0.0,1.5,1.0,0.3,0.3,2.2,1.8,60.0,1.1,1.6,0.7,0.9,0.9,0.1,1.2,2.7,0.3,0.3,0.2,0.3,0.5,70.0,9.0,1.0,DM,0
Adrien Rabiot,2017-2018,22,Paris S-G,0.2,0.2,0.0,0.1,0.1,0.1,0.06,0.9,0.2,0.2,21.7,1.0,1.0,0.2,7.6,1195.9,323.4,7.0,84.2,406.9,221.1,3.2,2.4,0.2,1.3,1.4,0.5,0.5,2.7,2.2,64.0,1.4,0.8,0.6,0.8,1.1,0.4,1.3,3.5,1.6,1.1,0.2,0.5,0.8,76.5,17.4,1.3,RM,1
Adrien Rabiot,2018-2019,23,Paris S-G,0.1,0.3,0.2,0.1,0.0,0.1,0.22,0.6,0.67,0.3,42.9,0.5,0.8,0.0,10.3,1333.1,352.7,7.5,86.5,453.8,268.4,4.0,2.8,0.2,1.2,0.8,0.8,0.7,2.4,2.0,66.7,1.9,0.7,0.8,0.3,0.8,0.2,0.8,3.8,1.3,0.8,0.3,0.3,0.5,68.2,17.1,0.8,RM,1
Adrien Tameze,2017-2018,23,Nice,0.1,0.1,0.0,0.0,0.1,0.0,0.04,0.4,0.0,0.2,42.9,0.4,0.1,0.0,4.6,1066.5,240.2,6.2,82.6,216.6,103.9,1.1,1.0,0.1,1.2,1.6,0.2,0.2,1.4,1.2,51.2,1.3,1.5,1.4,1.1,1.4,0.3,2.2,5.3,1.3,1.2,0.2,0.5,0.2,78.3,20.4,0.7,DM,1
Adrien Tameze,2018-2019,24,Nice,0.1,0.1,0.0,0.0,0.0,0.0,0.05,0.6,0.0,0.1,21.1,0.8,0.4,0.0,5.0,848.5,209.9,5.4,73.0,148.6,80.2,0.9,1.1,0.1,1.3,1.0,0.1,0.1,1.8,1.6,45.1,1.4,1.1,1.2,1.6,1.6,0.4,1.7,4.0,2.1,1.6,0.1,0.3,0.2,59.7,17.5,0.6,DM,1
Aimen Moueffek,2020-2021,19,Saint-Étienne,0.0,0.0,0.0,0.0,0.0,0.0,0.07,0.1,,0.0,0.0,1.0,0.7,0.0,4.0,536.1,187.5,4.6,50.0,186.2,98.0,2.1,1.3,0.1,2.1,1.2,0.0,0.0,1.8,1.3,66.7,2.4,1.8,1.6,2.3,2.1,0.2,1.1,4.1,7.4,0.7,0.0,0.2,0.7,60.6,20.6,0.6,CM,0
Alexis Blin,2017-2018,20,Toulouse,0.1,0.2,0.0,0.0,0.1,0.1,0.07,0.5,0.33,0.1,27.3,0.3,0.3,0.2,4.7,459.2,169.4,4.2,55.7,107.4,48.8,0.4,1.0,0.1,0.8,1.0,0.2,0.2,1.3,1.1,47.8,1.5,1.8,1.0,2.2,1.3,0.3,1.5,4.2,0.8,0.5,0.0,0.3,0.7,61.5,8.8,1.0,DM,0
Alexis Blin,2018-2019,21,Amiens,0.0,0.1,0.0,0.0,0.0,0.0,0.06,0.3,1.0,0.0,14.3,0.3,0.3,0.1,4.2,534.8,174.3,3.4,64.0,94.5,42.2,0.4,0.4,0.0,1.4,0.8,0.1,0.1,1.1,1.0,49.5,1.4,1.5,1.6,2.4,1.8,0.6,1.5,5.0,0.8,0.6,0.0,0.4,0.2,55.6,12.5,0.4,DM,0
Alexis Blin,2019-2020,22,Amiens,0.0,0.0,0.0,0.0,0.0,0.1,0.06,0.1,,0.0,0.0,0.3,0.2,0.0,4.9,712.8,209.9,5.1,69.5,112.8,52.4,0.5,0.5,0.0,1.4,0.5,0.0,0.0,0.8,0.6,50.6,1.6,1.3,1.0,2.0,1.2,0.3,0.8,2.7,1.9,1.5,0.0,0.4,0.9,66.7,13.9,0.2,DM,0
Amadou Onana,2021-2022,19,Lille,0.0,0.1,0.1,0.2,0.1,0.1,0.17,1.0,0.17,0.4,40.0,1.0,0.5,0.0,3.9,591.5,145.9,5.7,70.9,182.3,88.8,1.6,1.0,0.2,1.2,0.6,0.1,0.0,2.2,1.9,53.3,2.1,1.7,1.2,0.5,0.7,0.2,2.0,5.2,0.3,0.3,0.3,0.3,0.1,61.9,11.4,1.3,DM,1
Andrés Cubas,2020-2021,24,Nîmes,0.0,0.0,0.0,0.0,0.0,0.0,0.04,0.4,0.2,0.2,45.5,0.4,0.2,0.0,3.1,618.6,194.6,5.9,64.4,109.9,49.8,0.2,0.4,0.1,1.0,0.9,0.0,0.0,0.8,0.7,16.7,1.4,0.7,1.3,1.6,1.5,0.4,2.0,5.2,1.7,1.4,0.0,0.6,0.5,58.8,17.0,0.3,DM,0
Andre-Frank Zambo Anguissa,2017-2018,21,Marseille,0.0,0.0,0.0,0.1,0.1,0.1,0.05,1.3,0.0,0.3,20.6,1.0,0.4,0.1,5.4,750.3,238.3,3.1,67.5,277.1,129.2,2.2,2.4,0.3,1.6,1.5,0.2,0.1,2.7,1.8,62.4,2.1,2.1,1.2,2.3,1.8,0.3,2.5,5.7,1.1,0.8,0.1,0.1,0.6,76.9,13.4,1.2,DM,1
Antonin Bobichon,2018-2019,22,Nîmes,0.1,0.4,0.3,0.1,0.1,0.1,0.05,1.5,0.64,0.5,30.6,1.1,0.3,0.0,3.9,477.3,141.7,5.3,58.3,142.0,73.4,1.7,1.3,0.4,1.2,1.0,0.2,0.0,2.7,1.8,30.9,1.5,0.5,0.7,1.8,0.6,0.1,0.6,2.0,2.5,1.1,0.1,0.4,2.0,51.5,7.7,1.0,CM,0
Antonin Bobichon,2019-2020,23,2 Teams,0.1,0.3,0.2,0.1,0.1,0.1,0.05,2.4,0.4,0.5,22.7,1.0,0.7,0.3,6.4,548.5,163.7,7.3,53.7,152.4,87.8,2.5,2.3,0.3,2.2,1.2,0.3,0.1,3.0,2.1,23.5,1.5,0.9,0.5,1.8,0.9,0.0,0.9,2.3,4.2,1.4,0.0,0.5,4.3,60.0,6.4,1.8,CM,0
Antonin Bobichon,2020-2021,24,Angers,0.1,0.1,0.0,0.1,0.1,0.1,0.04,2.2,0.0,0.3,13.6,1.7,0.5,0.0,6.0,706.7,196.9,8.5,54.7,199.3,90.4,2.0,2.4,0.3,1.7,1.6,0.3,0.2,4.3,2.9,40.0,1.4,1.6,0.9,0.6,0.4,0.1,0.2,2.5,4.9,2.1,0.2,1.2,4.2,69.2,6.5,2.0,CM,0
Arnaud Lusamba,2019-2020,22,Nice,0.2,0.3,0.1,0.0,0.1,0.1,0.07,0.5,0.33,0.3,50.0,1.6,0.3,0.0,3.9,529.0,123.0,3.3,75.0,104.8,48.8,0.6,1.6,0.2,2.0,1.7,0.4,0.4,2.6,1.8,18.8,0.9,2.0,0.6,1.5,0.8,0.0,0.5,2.3,2.7,1.0,0.0,0.6,1.0,79.2,8.1,0.9,CM,0
Assane Dioussé,2017-2018,19,Saint-Étienne,0.0,0.1,0.1,0.1,0.0,0.0,0.08,0.7,0.33,0.2,30.0,0.5,0.3,0.0,6.2,882.7,248.1,8.7,69.2,156.8,67.4,0.9,0.4,0.2,1.1,1.5,0.0,0.0,1.0,1.0,40.0,1.7,1.0,0.9,1.4,1.9,0.1,0.7,2.9,1.7,0.8,0.2,0.7,0.7,86.7,14.9,0.6,DM,0
Aurélien Tchouaméni,2018-2019,18,Bordeaux,0.0,0.0,0.0,0.0,0.0,0.0,0.04,0.9,0.0,0.1,14.3,0.4,0.3,0.0,3.2,461.9,157.6,4.9,55.3,129.5,58.6,0.6,0.6,0.1,0.6,1.2,0.0,0.0,0.9,0.9,39.3,2.4,1.0,0.9,1.4,1.4,0.6,2.7,5.8,0.9,0.9,0.0,0.4,0.1,60.0,12.5,0.8,DM,0
Aurélien Tchouaméni,2019-2020,19,2 Teams,0.1,0.1,0.0,0.1,0.0,0.0,0.06,1.1,0.0,0.5,42.9,0.6,0.1,0.0,6.7,793.1,271.5,4.1,74.1,171.7,84.3,0.7,0.8,0.2,0.7,0.8,0.1,0.0,1.6,1.3,65.5,2.1,1.9,0.8,1.4,0.8,0.2,1.0,3.3,1.3,1.3,0.1,0.2,0.1,83.3,15.5,0.8,DM,0
Aurélien Tchouaméni,2020-2021,20,Monaco,0.1,0.2,0.1,0.1,0.1,0.1,0.08,1.6,0.18,0.3,20.8,0.5,0.6,0.0,5.8,773.0,213.9,6.3,63.6,189.7,81.3,1.2,1.0,0.1,1.5,0.9,0.3,0.2,1.6,1.2,66.4,1.7,1.8,1.4,1.3,1.1,0.3,1.8,5.5,1.1,1.1,0.1,0.9,0.9,62.9,13.3,1.6,DM,1
Aurélien Tchouaméni,2021-2022,21,Monaco,0.1,0.2,0.1,0.1,0.1,0.1,0.04,1.7,0.3,0.3,18.2,0.6,1.0,0.1,7.7,991.6,298.2,7.2,71.7,261.2,116.0,1.4,1.3,0.2,0.6,0.9,0.2,0.2,2.2,1.5,71.3,1.6,1.8,0.9,0.8,1.2,0.2,3.1,5.7,2.0,1.9,0.2,0.4,0.5,74.5,14.7,1.5,DM,1
Azor Matusiwa,2021-2022,23,Reims,0.0,0.1,0.0,0.0,0.0,0.0,0.04,0.4,0.2,0.2,50.0,0.6,0.3,0.0,4.8,667.1,188.7,6.4,78.4,135.6,55.4,0.4,0.6,0.0,1.0,0.3,0.1,0.1,1.5,1.3,46.6,1.1,1.1,1.0,1.1,1.8,0.7,2.3,4.4,0.5,0.5,0.1,0.4,0.1,82.4,17.2,0.2,DM,0
Azzedine Ounahi,2021-2022,21,Angers,0.1,0.2,0.1,0.1,0.1,0.1,0.08,1.4,0.5,0.2,15.4,1.0,0.9,0.1,6.1,691.6,176.1,4.8,67.0,254.1,124.9,2.8,2.5,0.3,2.9,1.8,0.2,0.1,2.6,2.0,44.8,1.1,1.4,0.6,1.6,1.0,0.1,1.4,3.6,1.7,0.5,0.2,0.3,1.0,46.4,10.6,1.4,CM,0
Baissama Sankoh,2017-2018,25,Caen,0.0,0.0,0.0,0.0,0.1,0.0,0.03,0.2,0.0,0.1,33.3,0.5,0.2,0.1,3.0,411.8,113.6,2.5,55.8,108.2,46.4,0.9,0.6,0.1,1.6,1.1,0.1,0.1,0.9,0.7,48.5,1.6,1.7,0.5,1.2,1.2,0.5,1.5,3.0,0.5,0.3,0.1,0.2,0.2,57.9,12.5,0.4,DM,0
Baissama Sankoh,2018-2019,26,Caen,0.0,0.0,0.0,0.0,0.0,0.0,0.06,0.6,,0.0,0.0,0.3,0.0,0.0,2.1,310.4,66.1,1.4,40.0,132.0,51.7,1.4,0.8,0.1,1.7,1.0,0.1,0.1,1.0,0.6,42.3,1.2,1.5,0.1,0.4,1.1,0.1,0.7,1.2,0.4,0.1,0.0,0.0,0.7,31.3,11.2,1.0,DM,0
Baptiste Santamaria,2017-2018,22,Angers,0.0,0.0,0.0,0.0,0.0,0.0,0.03,0.6,0.0,0.0,5.6,0.6,0.2,0.1,4.7,563.6,179.1,6.1,62.5,145.6,73.4,1.0,1.2,0.1,0.9,0.9,0.1,0.0,1.6,1.2,55.8,1.7,1.7,0.8,2.1,1.4,0.3,1.5,3.5,0.1,0.0,0.1,0.4,0.6,88.0,12.6,0.3,DM,0
Baptiste Santamaria,2018-2019,23,Angers,0.0,0.0,0.0,0.0,0.0,0.0,0.06,0.7,0.2,0.1,20.8,0.4,0.4,0.0,3.9,612.6,160.3,7.6,64.6,136.3,64.6,1.0,0.9,0.0,1.1,0.9,0.1,0.1,1.3,1.0,48.7,1.4,1.4,1.4,1.5,1.1,0.1,1.6,4.9,0.3,0.2,0.0,0.8,0.3,63.6,13.6,0.3,DM,0
Baptiste Santamaria,2019-2020,24,Angers,0.0,0.1,0.0,0.1,0.0,0.1,0.05,1.3,0.09,0.4,31.4,0.5,0.3,0.0,5.9,734.6,229.6,9.2,68.8,131.0,71.1,1.3,0.8,0.2,1.2,0.9,0.1,0.1,1.9,1.4,57.6,0.7,1.1,1.3,1.6,1.0,0.2,1.5,4.8,0.5,0.4,0.1,1.2,0.4,73.8,14.8,0.8,DM,1
Baptiste Santamaria,2021-2022,26,Rennes,0.0,0.1,0.1,0.1,0.0,0.0,0.05,1.2,0.29,0.3,20.6,0.6,0.5,0.1,4.8,910.1,231.4,8.7,77.0,204.8,92.9,0.7,0.6,0.0,1.1,0.6,0.3,0.3,1.6,1.5,64.3,1.3,0.8,0.9,0.7,1.2,0.4,1.2,3.0,0.8,0.6,0.1,0.8,0.5,46.2,16.6,1.2,DM,1
Batista Mendy,2021-2022,21,Angers,0.0,0.1,0.0,0.0,0.0,0.0,0.06,0.5,0.17,0.2,42.9,0.4,0.3,0.0,4.4,719.4,219.4,5.6,62.3,171.3,86.5,0.7,0.8,0.0,0.7,0.8,0.1,0.1,0.8,0.7,50.0,2.0,0.4,0.9,0.8,1.4,0.2,1.3,3.1,1.1,1.0,0.0,0.3,0.2,69.0,20.4,0.4,DM,0
Benjamin André,2017-2018,26,Rennes,0.1,0.2,0.1,0.1,0.1,0.0,0.13,1.0,0.38,0.2,25.0,1.0,0.7,0.1,7.0,668.4,175.6,5.3,63.8,151.8,68.4,1.4,1.6,0.1,2.0,1.7,0.2,0.2,2.3,2.0,55.3,2.2,1.4,1.3,2.1,1.7,0.1,1.7,4.5,1.4,1.0,0.3,0.7,0.6,79.5,11.1,1.5,DM,0
Benjamin André,2018-2019,27,Rennes,0.0,0.1,0.1,0.1,0.0,0.0,0.11,1.0,0.33,0.3,32.1,0.7,0.7,0.0,6.7,650.9,180.8,4.7,60.0,180.1,87.7,1.9,1.2,0.1,2.0,1.4,0.2,0.1,2.4,1.8,59.0,2.1,1.7,1.2,1.9,1.4,0.2,1.9,5.6,1.3,1.0,0.2,0.4,0.5,65.6,12.3,1.7,DM,1
Benjamin André,2019-2020,28,Lille,0.0,0.1,0.1,0.0,0.0,0.0,0.07,0.6,0.67,0.1,21.4,0.7,0.2,0.1,5.7,663.5,185.2,5.2,58.8,152.1,70.8,1.1,1.1,0.1,0.7,0.9,0.2,0.2,1.7,1.4,62.5,2.4,1.6,1.3,2.0,1.4,0.4,2.6,5.7,0.9,0.8,0.0,0.7,0.5,64.0,10.5,0.9,DM,1
Benjamin Bourigeaud,2017-2018,23,Rennes,0.2,0.5,0.2,0.2,0.3,0.2,0.1,1.8,0.29,0.7,38.1,2.8,1.0,0.4,4.9,670.1,231.0,10.6,52.3,139.5,70.4,1.8,1.8,0.2,1.6,1.1,0.3,0.2,4.3,2.0,18.8,1.0,0.4,0.6,2.1,1.4,0.1,1.3,2.9,8.3,3.2,0.2,0.9,8.1,47.9,8.5,1.5,CM,0
Benjamin Bourigeaud,2018-2019,24,Rennes,0.2,0.4,0.1,0.2,0.1,0.1,0.1,1.6,0.29,0.5,31.8,1.2,0.8,0.3,4.6,637.1,171.3,9.4,56.3,147.5,70.9,2.0,1.3,0.2,1.5,0.9,0.4,0.2,2.6,1.8,29.4,1.3,0.5,0.7,1.7,1.6,0.2,1.2,3.2,4.3,1.5,0.2,1.2,4.5,31.3,8.8,1.3,CM,1
Danilo Barbosa,2018-2019,22,Nice,0.0,0.0,0.0,0.1,0.1,0.0,0.08,1.3,0.0,0.3,27.3,0.7,0.3,0.0,3.6,467.4,117.5,2.4,59.5,133.5,72.7,1.6,1.1,0.4,2.4,2.3,0.1,0.0,2.4,1.3,50.0,1.0,2.0,0.3,0.6,1.0,0.1,0.9,2.6,0.3,0.3,0.1,0.2,0.1,62.3,10.5,1.8,DM,0
Danilo Barbosa,2019-2020,23,Nice,0.0,0.0,0.0,0.0,0.0,0.0,0.09,0.4,0.0,0.1,20.0,0.8,0.2,0.0,5.3,1022.8,317.7,4.5,64.3,245.4,155.7,1.7,0.7,0.2,2.0,0.6,0.2,0.2,1.6,1.4,51.4,1.3,1.6,1.0,1.3,1.7,0.5,1.6,3.9,1.5,1.5,0.1,0.2,0.1,76.5,30.0,0.7,DM,0
Danylo Ihnatenko,2021-2022,24,Bordeaux,0.4,0.4,0.0,0.0,0.2,0.2,0.03,1.6,0.0,0.1,8.3,1.7,1.0,0.1,6.2,764.7,182.6,6.9,79.2,224.2,109.9,2.1,2.0,0.0,0.8,0.3,0.5,0.3,3.1,2.5,72.2,2.1,0.9,1.3,1.8,1.2,0.3,0.8,3.0,1.0,0.5,0.0,0.9,1.0,100.0,11.3,0.4,CM,0
Didier Ibrahim Ndong,2018-2019,24,Guingamp,0.0,0.0,0.0,0.0,0.0,0.0,0.04,0.4,0.0,0.1,33.3,0.5,0.6,0.2,4.0,578.2,143.1,5.1,69.0,169.4,76.5,1.6,1.0,0.0,1.5,1.2,0.1,0.1,1.5,1.2,37.8,2.1,1.3,0.6,1.0,1.8,0.4,1.8,3.7,0.7,0.5,0.1,0.2,0.7,54.5,9.2,0.5,DM,0
Didier Ibrahim Ndong,2019-2020,25,Dijon,0.1,0.1,0.0,0.0,0.1,0.0,0.04,0.7,0.0,0.2,31.6,0.6,0.2,0.1,4.9,835.6,228.1,6.5,72.7,199.7,94.5,1.8,1.1,0.1,0.9,0.9,0.1,0.1,1.7,1.5,40.9,1.3,0.6,1.1,1.1,1.0,0.2,1.8,4.2,1.4,1.1,0.2,0.7,0.8,59.4,17.2,0.6,DM,0
Didier Ibrahim Ndong,2020-2021,26,Dijon,0.0,0.0,0.0,0.0,0.0,0.0,0.03,0.2,0.0,0.0,16.7,0.3,0.2,0.1,5.3,847.8,232.7,7.6,73.2,197.0,88.0,1.3,0.8,0.0,1.3,0.6,0.0,0.0,1.1,1.0,46.3,1.4,0.6,0.9,1.6,1.2,0.2,1.3,3.1,1.2,1.1,0.1,0.7,0.7,71.0,14.4,0.2,DM,0
Dion Lopy,2021-2022,19,Reims,0.0,0.0,0.0,0.1,0.0,0.0,0.06,0.9,0.0,0.1,12.5,0.5,0.0,0.0,2.7,518.0,103.5,4.9,80.9,181.7,75.9,0.9,0.9,0.1,2.1,1.5,0.1,0.1,1.2,0.9,45.2,2.1,0.9,1.2,1.8,1.1,0.2,1.2,4.1,0.5,0.5,0.0,1.0,0.2,60.0,12.4,0.9,DM,0
Durel Avounou,2017-2018,19,Caen,0.0,0.0,0.0,0.0,0.0,0.0,0.06,0.7,0.0,0.1,20.0,0.4,0.3,0.1,1.8,380.9,128.7,5.7,41.5,93.2,32.5,0.7,0.7,0.3,1.7,0.8,0.0,0.0,0.7,0.6,38.5,1.0,0.7,0.7,1.7,1.7,0.1,1.4,3.6,5.1,0.3,0.0,0.1,2.9,83.3,11.2,0.8,CM,0
Dylan Chambost,2021-2022,23,Troyes,0.1,0.1,0.0,0.1,0.1,0.1,0.06,1.2,0.0,0.1,10.0,1.1,0.8,0.2,5.6,758.2,210.1,7.5,52.4,158.1,78.5,0.8,1.0,0.0,1.1,0.5,0.1,0.0,2.5,1.9,50.0,0.8,0.6,0.5,2.5,1.1,0.2,1.0,2.9,2.7,1.7,0.2,0.2,2.5,66.7,14.0,1.1,CM,0
Eddy Gnahoré,2018-2019,24,Amiens,0.1,0.2,0.2,0.2,0.1,0.1,0.14,1.2,0.29,0.6,46.7,1.2,0.5,0.0,3.5,656.4,138.7,3.7,79.6,210.3,87.2,1.8,1.3,0.3,1.7,1.7,0.3,0.2,2.4,2.0,51.8,1.4,0.4,0.4,1.2,1.2,0.2,0.9,2.5,1.3,1.0,0.1,0.1,0.2,62.2,8.8,2.1,DM,0
Eddy Gnahoré,2019-2020,25,Amiens,0.0,0.0,0.0,0.1,0.0,0.0,0.12,0.6,,0.0,0.0,0.6,0.2,0.0,4.5,843.5,187.1,4.9,69.4,210.3,91.7,1.0,1.2,0.1,1.7,1.7,0.2,0.1,1.6,1.5,50.0,2.3,0.4,0.6,1.6,2.0,0.3,0.7,2.6,2.1,1.8,0.0,0.3,0.5,42.9,13.6,0.6,DM,0
Eliot Matazo,2021-2022,19,Monaco,0.0,0.0,0.0,0.0,0.0,0.0,0.03,0.5,0.0,0.1,25.0,0.5,0.5,0.0,5.2,653.0,147.4,4.1,66.7,195.6,83.7,1.6,0.9,0.0,1.5,0.6,0.0,0.0,1.3,1.0,38.1,1.8,0.9,0.2,1.0,1.3,0.3,1.5,2.4,0.8,0.8,0.1,0.5,0.1,52.9,9.1,0.5,CM,0
Ellyes Skhiri,2017-2018,22,Montpellier,0.0,0.1,0.1,0.1,0.0,0.0,0.06,1.2,0.4,0.3,25.6,0.9,0.5,0.0,5.3,697.9,178.5,6.1,80.2,133.6,61.2,0.8,1.2,0.1,0.9,0.6,0.1,0.1,2.5,2.1,50.7,1.1,0.9,1.1,1.5,1.7,0.3,2.3,4.9,0.8,0.8,0.2,0.8,0.2,82.0,11.7,0.5,CM,0
Ellyes Skhiri,2018-2019,23,Montpellier,0.1,0.1,0.1,0.0,0.0,0.0,0.05,0.7,0.6,0.1,20.0,0.7,0.5,0.1,5.1,696.6,183.2,5.2,77.5,141.8,58.6,1.1,1.0,0.2,1.1,1.0,0.3,0.2,2.4,2.0,57.1,1.2,1.0,1.3,1.4,1.7,0.2,1.7,4.8,1.4,1.0,0.1,0.6,0.2,74.4,12.1,0.8,CM,1
Enzo Le Fée,2020-2021,20,Lorient,0.2,0.2,0.0,0.1,0.2,0.2,0.04,1.5,0.0,0.2,16.1,1.6,0.6,0.1,5.0,556.3,155.3,6.5,49.6,193.7,94.8,2.3,2.6,0.2,2.3,1.7,0.4,0.1,3.0,2.1,16.0,1.2,2.0,1.3,2.3,1.5,0.3,1.2,3.8,4.5,1.7,0.2,0.5,3.5,66.1,9.4,0.7,CM,0
Enzo Le Fée,2021-2022,21,Lorient,0.1,0.2,0.1,0.1,0.1,0.1,0.06,1.4,0.22,0.4,27.3,2.1,0.9,0.5,5.6,696.3,205.0,9.2,61.2,250.4,114.8,2.6,2.1,0.3,2.9,1.8,0.3,0.2,4.1,2.4,45.0,1.3,2.1,1.7,2.0,1.0,0.0,1.2,4.1,5.3,1.3,0.2,1.0,4.2,45.7,10.8,1.0,CM,0
Enzo Le Fée,2021-2022,21,Lorient,0.1,0.2,0.1,0.1,0.1,0.1,0.0,0.06,0.06,0.22,0.4,78.3,3.9,0.9,0.5,5.6,696.3,5.6,9.2,41.6,250.4,114.8,2.6,2.1,0.3,2.9,4.3,0.3,0.2,4.1,45.0,1.3,2.1,1.7,2.0,1.0,0.0,1.2,4.1,5.3,1.3,0.2,1.0,4.2,45.7,10.8,1.0,CM,0
Fabinho,2017-2018,23,Monaco,0.1,0.3,0.1,0.1,0.1,0.1,0.13,0.6,0.6,0.1,23.8,1.1,0.8,0.0,7.7,960.8,284.3,9.0,79.0,198.1,111.1,1.9,1.1,0.3,0.7,0.6,0.5,0.3,2.7,2.0,67.6,1.7,1.9,1.4,1.9,1.4,0.4,1.3,4.6,1.6,1.5,0.2,0.5,0.3,72.5,13.1,1.0,CM,1
Facundo Píriz,2017-2018,27,Montpellier,0.0,0.0,0.0,0.1,0.0,0.0,0.06,1.0,0.0,0.1,11.1,0.3,0.0,0.0,3.2,679.1,169.3,5.6,66.0,113.2,35.4,0.6,0.8,0.0,0.7,0.6,0.0,0.0,0.9,0.8,55.6,1.4,1.0,0.7,3.2,1.1,0.1,2.0,4.8,1.3,0.9,0.0,0.7,0.2,60.0,13.9,0.7,CM,0
Faitout Maouassa,2017-2018,19,Rennes,0.2,0.2,0.0,0.1,0.2,0.1,0.04,1.5,0.0,0.4,26.7,0.9,0.5,0.3,2.3,244.7,70.9,2.6,26.9,195.9,91.2,3.8,2.8,0.7,2.6,2.1,0.2,0.2,2.3,1.9,31.6,1.2,1.4,0.2,0.8,1.2,0.2,0.6,1.2,1.4,0.3,0.0,0.0,3.3,29.0,3.3,1.2,LM,0
Flavien Tait,2017-2018,24,Angers,0.1,0.3,0.2,0.2,0.2,0.2,0.07,2.3,0.15,1.0,44.8,1.5,1.2,0.3,4.1,427.2,136.1,5.0,55.6,244.2,131.2,4.5,3.5,0.7,2.1,2.4,0.4,0.3,3.5,2.0,10.5,1.2,2.0,0.7,2.4,1.7,0.2,0.8,2.8,2.9,0.6,0.4,0.2,4.1,68.3,7.8,1.8,CM,0
Flavien Tait,2018-2019,25,Angers,0.2,0.4,0.2,0.2,0.3,0.2,0.07,2.5,0.14,1.1,44.0,2.2,1.2,0.3,4.8,505.0,169.9,6.7,47.1,278.1,160.3,5.5,3.8,1.2,3.0,2.1,0.5,0.3,5.0,2.7,40.0,1.0,2.1,0.7,1.1,0.9,0.1,0.8,2.6,5.4,1.7,0.3,0.1,6.0,55.4,7.0,3.0,CM,0
Flavien Tait,2019-2020,26,Rennes,0.2,0.4,0.2,0.1,0.1,0.1,0.09,1.4,0.5,0.4,28.6,1.8,1.7,0.2,5.2,452.6,119.1,3.5,50.0,241.9,138.9,4.7,3.1,0.8,2.0,1.8,0.4,0.4,4.3,3.1,23.5,1.1,1.9,0.9,1.9,0.7,0.0,0.9,2.9,1.6,0.3,0.1,0.0,2.0,68.8,8.1,1.8,CM,0
Flavien Tait,2020-2021,27,Rennes,0.2,0.3,0.1,0.1,0.1,0.2,0.08,1.6,0.13,0.5,32.0,1.4,1.1,0.0,6.8,763.7,182.8,6.8,74.8,245.3,121.1,3.0,2.1,0.7,1.8,0.9,0.3,0.2,3.4,2.4,47.4,1.2,2.0,0.7,1.4,1.1,0.2,0.9,2.6,1.8,0.6,0.1,0.6,1.8,48.9,9.0,2.8,CM,0
Flavien Tait,2021-2022,28,Rennes,0.1,0.3,0.2,0.1,0.1,0.1,0.06,1.8,0.42,0.5,28.6,1.3,1.3,0.1,8.0,803.9,202.0,6.6,85.2,272.5,134.8,2.8,2.0,0.6,1.9,1.4,0.5,0.3,4.1,3.1,36.4,1.3,2.0,0.6,1.1,0.6,0.2,0.8,2.0,1.3,0.9,0.2,0.8,0.4,60.4,9.4,2.4,CM,0
Flavien Tait,2020-2021,27,Rennes,0.2,0.3,0.1,0.1,0.1,0.2,0.0,0.08,0.04,0.13,0.5,82.8,5.1,1.1,0.0,6.8,763.7,5.1,6.8,40.3,245.3,121.1,3.0,2.1,0.7,1.8,6.1,0.3,0.2,3.4,47.4,1.2,2.0,0.7,1.4,1.1,0.2,0.9,2.6,1.8,0.6,0.1,0.6,1.8,48.9,9.0,2.8,CM,0
Georges Mandjeck,2017-2018,28,Metz,0.1,0.1,0.0,0.0,0.0,0.0,0.05,0.8,0.0,0.2,22.2,0.6,0.5,0.0,5.4,621.4,220.0,7.4,58.8,119.7,59.7,0.6,0.6,0.0,0.3,0.7,0.1,0.1,1.1,0.7,61.8,2.8,1.5,0.7,0.9,0.8,0.3,1.7,4.0,0.5,0.4,0.1,0.4,0.0,62.5,11.4,0.7,DM,0
Gerónimo Poblete,2017-2018,24,Metz,0.0,0.0,0.0,0.0,0.0,0.0,0.13,0.2,0.0,0.1,50.0,0.4,0.3,0.1,4.8,818.4,250.2,8.3,75.7,158.7,67.5,1.0,0.9,0.2,1.2,0.6,0.1,0.1,1.2,1.0,31.4,1.2,1.6,1.4,2.2,1.0,0.0,1.3,4.5,0.8,0.5,0.2,1.4,0.3,76.2,12.1,0.2,DM,0
Gerson,2021-2022,24,Marseille,0.1,0.5,0.3,0.2,0.1,0.1,0.0,0.11,0.2,0.5,0.6,89.3,2.5,0.9,0.1,3.3,615.8,2.5,3.2,39.9,205.3,95.3,2.2,1.8,0.6,1.5,6.1,0.4,0.3,2.9,54.8,1.6,2.4,0.3,1.0,0.9,0.1,0.6,2.1,3.3,1.1,0.0,0.3,0.8,63.8,6.7,3.1,CM,0
Giannelli Imbula,2017-2018,24,Toulouse,0.0,0.1,0.0,0.1,0.1,0.1,0.05,1.4,0.1,0.4,29.4,1.0,0.5,0.1,6.4,724.3,205.7,6.6,62.2,273.3,139.0,3.0,2.0,0.2,1.7,1.6,0.1,0.1,2.9,2.1,47.2,0.9,2.1,0.3,0.9,0.7,0.1,0.8,2.0,3.1,1.4,0.2,0.3,1.7,77.4,7.9,0.7,DM,0
Guessouma Fofana,2017-2018,24,Amiens,0.0,0.0,0.0,0.0,0.0,0.0,0.03,0.7,0.0,0.1,16.7,0.4,0.0,0.0,3.6,350.7,107.2,4.4,52.8,142.0,76.6,1.8,1.0,0.1,1.5,1.9,0.0,0.0,0.5,0.5,46.7,2.4,1.0,0.7,0.8,0.8,0.1,1.5,3.9,0.1,0.1,0.1,0.2,0.8,81.3,8.5,0.8,DM,0
Guessouma Fofana,2018-2019,25,2 Teams,0.0,0.0,0.0,0.1,0.0,0.0,0.13,0.8,,0.0,0.0,0.1,0.1,0.1,3.2,309.5,97.8,3.8,53.6,66.7,34.5,0.5,0.5,0.0,0.5,1.2,0.0,0.0,0.8,0.3,50.0,2.3,0.9,0.7,1.1,0.7,0.1,1.2,3.9,0.3,0.1,0.1,0.3,0.7,50.0,7.6,0.5,DM,0
Habib Maïga,2017-2018,21,Saint-Étienne,0.0,0.1,0.1,0.0,0.1,0.1,0.04,0.8,1.0,0.1,16.7,0.8,0.4,0.1,5.7,574.8,203.4,5.7,51.1,170.7,88.2,2.3,1.0,0.4,1.9,2.8,0.0,0.0,2.2,1.9,36.8,2.9,1.1,1.5,2.3,1.0,0.5,2.4,6.1,3.1,0.1,0.1,0.1,2.0,86.4,17.3,0.5,DM,0
Habib Maïga,2019-2020,23,Metz,0.1,0.1,0.0,0.1,0.1,0.1,0.05,1.2,0.11,0.4,31.0,0.5,0.6,0.2,4.8,704.8,184.7,6.1,61.4,216.5,103.5,2.2,1.9,0.2,1.8,1.1,0.4,0.3,1.9,1.6,45.1,1.9,1.0,1.0,1.6,1.5,0.2,1.4,4.7,1.0,0.7,0.1,0.6,2.1,83.0,13.1,1.2,DM,0
Habib Maïga,2020-2021,24,Metz,0.1,0.1,0.0,0.1,0.1,0.0,0.08,0.9,0.2,0.2,19.2,0.9,0.2,0.1,5.4,685.4,199.5,6.1,54.9,158.4,78.8,1.6,1.0,0.1,1.5,1.1,0.3,0.2,2.5,2.0,55.7,2.1,1.2,1.4,1.4,1.2,0.2,1.6,4.3,1.2,0.8,0.1,0.7,0.7,68.0,13.3,1.1,DM,0
Habib Maïga,2021-2022,25,Metz,0.0,0.1,0.1,0.1,0.0,0.0,0.09,0.8,0.4,0.4,45.5,0.7,0.2,0.1,3.8,526.2,159.9,3.9,50.9,116.1,52.1,1.0,0.7,0.0,1.3,1.4,0.1,0.1,1.8,1.6,60.7,2.1,0.7,1.7,1.7,1.4,0.5,1.0,4.3,1.8,0.3,0.0,0.6,1.6,81.3,13.8,0.9,DM,0
Haris Belkebla,2019-2020,25,Brest,0.0,0.0,0.0,0.0,0.0,0.0,0.1,0.3,0.0,0.1,42.9,0.4,0.2,0.0,3.8,644.1,165.2,4.5,74.4,156.6,72.2,0.9,0.8,0.0,1.1,0.9,0.1,0.1,1.2,1.0,30.2,1.4,1.6,0.5,0.9,1.2,0.2,2.6,4.8,0.8,0.8,0.0,0.2,0.2,72.0,13.3,0.4,CM,0
Haris Belkebla,2020-2021,26,Brest,0.0,0.0,0.0,0.0,0.0,0.0,0.03,0.2,,0.0,0.0,0.4,0.3,0.0,4.2,734.5,214.7,5.4,77.3,159.8,71.8,0.7,0.6,0.1,1.2,0.8,0.1,0.1,1.2,1.0,40.4,1.3,1.1,1.0,1.2,0.9,0.2,1.9,4.2,1.3,1.0,0.0,0.2,0.4,67.6,17.3,0.5,CM,0
Haris Belkebla,2021-2022,27,Brest,0.0,0.0,0.0,0.0,0.0,0.1,0.02,0.2,0.0,0.0,25.0,0.6,0.4,0.2,3.8,562.8,160.1,4.6,76.1,155.8,66.1,0.6,0.6,0.1,1.3,0.7,0.0,0.0,1.3,1.2,55.3,1.1,1.5,0.7,0.8,1.0,0.2,1.9,3.7,1.4,0.7,0.0,0.4,0.4,73.2,11.5,0.4,CM,0
Hianga Mananga Mbock,2021-2022,21,Brest,0.0,0.0,0.0,0.1,0.0,0.0,0.05,1.0,,0.0,0.0,0.1,0.5,0.0,3.9,473.9,111.2,2.6,78.3,144.9,62.3,1.1,0.3,0.1,0.7,1.0,0.1,0.1,0.7,0.5,50.0,2.3,1.1,1.0,1.4,0.6,0.2,0.6,2.6,1.2,1.0,0.0,0.3,0.0,71.4,7.5,0.7,CM,0
Hicham Boudaoui,2020-2021,20,Nice,0.1,0.3,0.2,0.1,0.1,0.1,0.13,0.8,0.33,0.5,56.3,0.4,0.5,0.1,3.3,535.3,124.2,3.2,61.3,171.8,83.7,1.7,1.5,0.2,2.0,1.1,0.2,0.1,1.0,0.7,35.0,1.5,1.0,1.3,2.2,0.7,0.2,1.2,3.9,0.6,0.5,0.0,0.3,0.8,61.5,11.8,1.4,CM,0
Hicham Boudaoui,2021-2022,21,Nice,0.1,0.3,0.2,0.1,0.2,0.1,0.07,0.9,0.6,0.3,31.3,0.8,0.8,0.4,2.6,379.0,82.0,2.7,36.7,178.2,70.1,2.1,1.3,0.6,2.3,1.3,0.2,0.2,1.8,1.5,44.8,1.7,1.2,0.7,1.3,0.9,0.2,1.0,2.7,0.4,0.1,0.0,0.1,2.7,52.4,8.7,2.2,CM,0
Hugo Magnetti,2021-2022,23,Brest,0.1,0.1,0.0,0.0,0.1,0.0,0.03,1.0,0.0,0.1,11.8,0.4,0.5,0.1,4.2,642.5,149.9,6.5,69.5,178.4,78.7,1.0,1.0,0.2,1.6,0.9,0.1,0.0,1.2,1.0,40.0,1.6,1.2,1.4,1.7,0.9,0.2,1.5,4.6,1.6,1.5,0.1,0.6,0.6,56.0,12.7,0.7,CM,0
Ibrahim Amadou,2017-2018,24,Lille,0.0,0.0,0.0,0.0,0.0,0.0,0.06,0.6,0.0,0.1,12.5,0.4,0.1,0.0,4.3,1010.2,342.7,9.7,71.9,192.0,107.9,0.7,0.5,0.0,0.7,0.4,0.0,0.0,1.0,0.8,55.0,0.9,0.6,0.5,0.5,1.1,0.5,1.5,3.1,1.2,1.2,0.0,0.9,0.1,84.6,24.2,0.6,DM,0
Ibrahim Amadou,2020-2021,27,Angers,0.0,0.0,0.0,0.1,0.0,0.0,0.1,0.9,0.0,0.3,33.3,0.2,0.1,0.0,3.8,567.2,180.9,3.5,62.7,115.4,53.7,0.8,0.5,0.2,0.8,1.0,0.2,0.2,1.5,1.3,52.8,2.0,0.3,0.9,1.4,0.8,0.2,1.4,3.7,0.8,0.7,0.0,0.3,0.2,66.7,12.4,0.7,DM,0
Ibrahim Amadou,2021-2022,28,Metz,0.0,0.1,0.1,0.0,0.0,0.0,0.13,0.3,0.5,0.2,66.7,0.3,0.0,0.0,2.3,808.0,246.5,6.7,71.7,193.2,101.6,0.7,0.4,0.0,1.0,0.6,0.0,0.0,1.0,0.9,46.7,1.2,0.4,0.9,0.8,0.4,0.2,1.6,3.3,1.0,1.0,0.0,0.6,0.0,85.7,27.8,0.4,DM,0
Ibrahim Sangaré,2017-2018,19,Toulouse,0.1,0.2,0.1,0.1,0.1,0.1,0.05,1.1,0.2,0.3,25.0,1.1,0.5,0.1,7.1,652.6,216.4,9.2,58.3,184.0,90.7,1.9,1.1,0.1,1.4,1.4,0.3,0.3,2.8,2.4,52.8,2.2,1.2,1.6,2.3,1.9,0.4,1.4,5.4,1.3,0.7,0.4,0.6,0.9,80.6,11.8,1.0,DM,0
Ibrahim Sangaré,2018-2019,20,Toulouse,0.1,0.1,0.0,0.1,0.1,0.1,0.06,1.3,0.17,0.2,16.2,0.7,1.0,0.0,8.3,787.9,317.4,9.8,58.6,202.3,105.0,1.3,1.6,0.0,2.0,1.2,0.1,0.0,2.0,1.7,57.4,1.9,1.4,1.2,1.1,1.9,0.7,1.1,4.8,1.3,1.0,0.4,0.5,0.4,70.4,16.5,1.0,DM,1
Ibrahim Sangaré,2019-2020,21,Toulouse,0.0,0.0,0.0,0.1,0.1,0.1,0.09,0.9,0.0,0.2,22.7,1.1,0.8,0.1,7.2,754.3,294.7,9.3,59.1,187.6,97.8,1.4,1.1,0.1,1.7,1.0,0.2,0.1,2.7,2.2,66.2,2.0,1.0,1.4,1.7,1.2,0.4,1.6,5.1,1.7,1.1,0.2,0.6,0.9,76.9,16.4,1.2,DM,1
Ibrahima Diallo,2019-2020,20,Brest,0.1,0.1,0.0,0.0,0.0,0.0,0.03,0.3,0.0,0.1,40.0,0.6,0.2,0.0,4.0,838.7,194.4,6.6,77.4,205.7,102.7,1.4,0.6,0.1,1.3,1.3,0.2,0.2,1.1,1.0,57.7,1.0,1.3,0.7,1.0,0.5,0.1,1.3,3.5,1.2,1.2,0.2,0.5,0.3,81.3,16.6,0.2,DM,1
Ibrahima Sissoko,2018-2019,20,Strasbourg,0.1,0.2,0.1,0.1,0.1,0.1,0.05,0.9,0.38,0.3,28.6,0.7,0.6,0.2,4.8,570.8,133.6,5.0,70.1,156.2,80.2,2.0,1.2,0.2,1.8,1.3,0.2,0.2,2.3,2.0,55.1,2.5,0.9,0.8,1.1,1.2,0.1,1.1,3.2,0.1,0.1,0.1,0.7,0.6,58.9,9.2,1.5,DM,0
Ibrahima Sissoko,2019-2020,21,Strasbourg,0.1,0.1,0.0,0.0,0.1,0.1,0.05,0.9,0.0,0.1,6.3,0.8,0.4,0.2,4.2,498.8,132.0,3.8,69.1,163.6,83.4,2.5,2.1,0.2,1.9,1.5,0.2,0.2,2.0,1.6,58.5,2.3,0.8,0.9,1.8,0.8,0.3,1.1,3.7,1.0,0.6,0.0,0.8,1.1,43.5,10.0,1.2,DM,0
Ibrahima Sissoko,2020-2021,22,Strasbourg,0.0,0.0,0.0,0.1,0.0,0.0,0.08,0.9,0.0,0.1,12.0,0.2,0.5,0.1,4.5,583.3,176.8,6.5,62.4,133.6,66.1,1.0,1.0,0.1,1.6,0.8,0.1,0.1,1.2,0.9,70.5,2.3,0.8,1.0,1.4,0.8,0.2,1.7,4.0,0.6,0.4,0.0,0.6,0.9,70.7,11.8,0.9,DM,0
Ibrahima Sissoko,2021-2022,23,Strasbourg,0.2,0.3,0.1,0.1,0.2,0.1,0.1,1.0,0.33,0.2,23.1,1.1,0.8,0.2,3.9,549.2,180.2,4.9,59.2,190.5,102.2,2.0,1.4,0.2,1.8,1.3,0.3,0.3,2.2,1.8,67.0,2.3,1.1,0.7,1.1,1.3,0.4,1.4,3.2,0.6,0.4,0.1,0.2,0.8,53.2,12.9,2.4,DM,0
Imran Louza,2019-2020,20,Nantes,0.1,0.2,0.1,0.1,0.2,0.1,0.05,1.6,0.14,0.6,40.0,1.6,0.6,0.1,4.5,641.7,169.3,8.3,46.2,185.9,84.2,1.4,1.8,0.1,1.9,1.1,0.2,0.2,3.3,2.2,25.6,2.1,1.5,0.9,1.2,0.8,0.1,0.8,3.1,5.6,2.2,0.2,0.8,3.5,59.0,8.0,1.3,CM,0
Imran Louza,2020-2021,21,Nantes,0.1,0.3,0.1,0.1,0.1,0.1,0.06,1.2,0.22,0.3,29.0,0.9,0.5,0.1,5.8,650.4,196.6,8.1,52.1,145.4,72.8,1.2,1.4,0.2,1.9,0.8,0.2,0.1,2.3,1.3,29.2,1.3,1.7,0.8,1.8,0.8,0.2,1.3,3.4,5.0,2.9,0.1,0.5,3.4,60.0,10.1,1.0,CM,0
Ismaël Diomandé,2017-2018,24,Caen,0.1,0.1,0.0,0.0,0.1,0.0,0.03,0.4,,0.0,0.0,0.1,0.3,0.1,3.4,631.4,246.5,8.6,66.2,168.0,106.4,1.1,0.6,0.0,0.8,0.3,0.1,0.1,0.3,0.3,50.0,1.1,0.3,1.3,0.6,1.4,0.6,0.6,2.4,0.4,0.4,0.0,0.9,0.3,100.0,19.7,0.4,DM,0
Ismaël Diomandé,2018-2019,25,Caen,0.1,0.1,0.0,0.0,0.0,0.0,0.02,0.6,,0.0,0.0,0.3,0.1,0.1,3.5,669.3,200.1,9.3,66.2,143.4,65.7,0.4,0.3,0.0,0.9,0.9,0.1,0.1,1.1,1.1,58.3,1.9,1.3,0.8,0.6,1.2,0.5,0.7,2.6,1.0,1.0,0.0,0.9,0.3,61.5,16.6,0.1,DM,0
Jérémy Gélin,2017-2018,20,Rennes,0.1,0.1,0.0,0.0,0.0,0.0,0.05,0.2,,0.0,0.0,0.5,0.3,0.0,5.4,1010.4,369.5,13.5,66.6,154.6,100.6,0.5,0.4,0.0,0.2,0.1,0.1,0.1,1.2,1.1,55.6,1.3,0.6,0.8,1.3,0.9,0.5,1.4,2.9,1.6,1.5,0.1,1.3,0.1,60.0,22.9,0.2,DM,0
Jérémy Gélin,2018-2019,21,Rennes,0.0,0.0,0.0,0.1,0.0,0.1,0.12,0.5,0.0,0.1,28.6,0.4,0.3,0.0,5.6,1029.4,348.0,11.3,70.2,165.8,96.7,0.4,0.1,0.0,0.4,0.1,0.1,0.1,1.3,1.1,37.1,1.2,0.6,1.3,1.1,1.0,0.4,1.3,3.5,1.3,1.3,0.0,0.5,0.0,85.7,21.1,0.4,DM,0
Jérémy Gélin,2019-2020,22,Rennes,0.0,0.0,0.0,0.0,0.0,0.0,0.15,0.3,,0.0,0.0,0.2,0.1,0.0,3.7,1008.6,402.1,10.3,75.5,170.0,72.2,0.0,0.2,0.1,0.1,0.0,0.0,0.0,0.6,0.6,54.1,0.7,0.9,0.8,0.5,1.4,0.7,1.5,2.8,1.4,1.4,0.0,0.1,0.1,0.0,32.0,0.8,DM,0
Jakob Johansson,2018-2019,28,Rennes,0.0,0.1,0.1,0.1,0.1,0.0,0.11,0.6,0.5,0.3,40.0,0.5,0.5,0.1,4.8,737.2,178.0,4.9,74.4,147.1,73.1,1.3,0.4,0.0,0.8,0.5,0.1,0.1,1.3,1.1,70.4,0.8,0.9,1.3,1.3,0.9,0.4,0.4,2.5,0.9,0.9,0.0,0.5,0.1,50.0,16.9,0.3,DM,0
James Lea Siliki,2017-2018,21,Rennes,0.1,0.2,0.1,0.1,0.1,0.1,0.08,1.7,0.33,0.4,26.5,1.0,0.6,0.3,4.4,497.1,130.5,7.1,54.2,165.3,87.0,2.3,1.7,0.3,2.0,1.1,0.3,0.1,3.2,1.8,50.0,1.9,2.4,0.3,1.7,1.0,0.0,0.9,2.4,2.1,0.8,0.3,0.7,2.9,56.9,5.5,1.2,CM,0
James Lea Siliki,2018-2019,22,Rennes,0.2,0.2,0.0,0.1,0.3,0.1,0.07,1.5,0.0,0.3,19.0,1.3,0.8,0.3,4.3,388.6,129.1,6.6,41.1,180.7,101.1,2.7,2.7,0.7,2.4,0.9,0.4,0.3,3.2,1.9,30.0,1.8,1.8,0.9,1.7,1.0,0.1,0.7,2.7,1.3,0.4,0.1,0.7,4.3,36.4,7.3,2.4,CM,0
James Lea Siliki,2019-2020,23,Rennes,0.0,0.0,0.0,0.1,0.1,0.1,0.06,1.3,0.0,0.3,20.0,0.7,0.6,0.2,2.7,405.0,88.4,4.5,42.6,160.9,77.6,1.9,1.7,0.3,1.6,1.2,0.2,0.2,2.3,1.7,52.6,2.8,2.8,1.3,1.1,1.3,0.3,1.0,3.3,1.1,1.1,0.3,0.3,1.8,63.2,10.2,1.0,CM,0
Jan Repas,2017-2018,20,Caen,0.0,0.0,0.0,0.1,0.1,0.0,-0.1,0.03,0.0,0.0,0.4,70.0,1.9,0.5,0.0,2.5,261.5,1.2,2.1,22.0,195.7,59.2,2.1,1.8,0.3,3.1,9.1,0.0,0.0,2.2,26.7,1.9,1.9,0.4,1.4,1.0,0.0,0.7,2.1,1.3,0.0,0.0,0.3,1.6,40.9,3.4,1.7,CM,0
Jean Lucas,2020-2021,22,2 Teams,0.2,0.2,0.0,0.1,0.1,0.1,0.05,1.9,0.0,0.4,20.0,0.8,0.7,0.2,6.2,924.2,229.4,7.3,72.9,259.7,109.6,2.6,2.1,0.2,1.8,1.2,0.4,0.2,2.7,1.7,33.3,1.3,1.8,0.7,1.8,0.8,0.1,0.8,2.4,2.0,1.4,0.2,1.2,1.7,76.2,13.8,0.6,CM,0
Jean Lucas,2021-2022,23,Monaco,0.1,0.1,0.1,0.2,0.1,0.1,0.09,1.6,0.11,0.6,34.6,1.1,0.9,0.3,5.0,661.1,161.4,7.0,56.3,215.1,95.4,2.6,2.3,0.4,2.8,1.5,0.1,0.1,2.3,1.1,35.9,1.7,1.6,1.1,1.4,0.9,0.3,0.8,3.5,3.3,1.2,0.2,0.4,4.0,65.1,8.8,2.1,CM,0
Jean Onana,2021-2022,21,2 Teams,0.1,0.2,0.1,0.1,0.1,0.1,0.07,1.0,0.75,0.2,19.0,0.7,0.6,0.0,4.4,761.8,191.3,8.9,65.9,191.7,82.5,0.9,0.7,0.0,2.2,1.0,0.2,0.1,1.9,1.6,61.3,1.9,1.8,1.7,2.5,1.8,0.2,1.8,5.2,1.2,1.0,0.4,0.8,0.9,73.9,16.1,0.7,DM,0
Jean Seri,2017-2018,26,Nice,0.2,0.3,0.1,0.1,0.2,0.1,0.05,1.2,0.18,0.4,31.4,2.3,0.7,0.1,6.9,1508.4,378.2,13.6,72.7,244.0,134.8,1.8,1.3,0.2,1.7,0.8,0.5,0.3,4.4,2.9,44.4,0.9,2.1,0.3,1.6,0.6,0.1,0.9,1.8,6.3,3.6,0.2,0.9,3.0,71.2,20.9,0.8,DM,0
Jean-Eudes Aholou,2017-2018,23,Strasbourg,0.0,0.1,0.1,0.1,0.0,0.0,0.06,1.2,0.71,0.2,17.9,0.4,0.1,0.0,3.9,626.2,162.3,5.9,74.5,129.8,61.0,1.0,0.9,0.1,1.1,0.8,0.2,0.1,1.3,0.9,50.5,1.4,1.5,0.5,1.1,0.9,0.2,2.2,4.3,0.7,0.6,0.1,0.5,0.1,78.0,14.1,0.8,DM,0
Jean-Eudes Aholou,2018-2019,24,Monaco,0.1,0.1,0.0,0.1,0.1,0.0,0.06,1.1,0.0,0.3,23.1,0.7,0.3,0.1,5.4,647.3,171.7,4.7,71.4,195.7,119.1,3.0,2.0,0.3,1.2,0.8,0.3,0.2,2.3,1.7,46.8,2.2,1.4,0.7,0.7,0.6,0.0,1.4,3.1,1.0,0.8,0.3,0.7,0.4,58.8,9.2,1.4,DM,0
Jean-Eudes Aholou,2019-2020,25,Saint-Étienne,0.1,0.3,0.1,0.1,0.1,0.0,0.07,1.4,0.25,0.6,40.0,0.7,0.0,0.0,4.9,597.9,121.1,4.1,48.3,172.9,81.7,2.0,1.3,0.1,2.7,1.0,0.1,0.0,1.9,1.0,47.6,1.6,2.0,0.4,0.9,0.9,0.1,2.1,4.4,0.6,0.6,0.1,0.6,0.4,75.0,11.1,1.9,DM,0
Jean-Eudes Aholou,2020-2021,26,2 Teams,0.1,0.2,0.1,0.1,0.1,0.0,0.07,1.4,0.29,0.3,21.2,0.3,0.4,0.0,3.8,491.0,122.6,3.9,71.6,120.8,59.1,1.1,0.8,0.1,1.7,0.8,0.2,0.1,1.4,1.0,57.7,2.1,1.4,0.8,1.3,0.7,0.2,2.2,4.2,0.6,0.5,0.0,0.2,0.3,78.8,10.1,1.0,DM,0
Jean-Eudes Aholou,2021-2022,27,Strasbourg,0.1,0.2,0.1,0.2,0.1,0.1,0.11,1.5,0.5,0.2,11.8,0.5,0.8,0.1,3.4,461.6,96.5,3.3,56.8,149.1,68.9,1.4,1.0,0.2,1.9,0.9,0.3,0.3,2.1,1.7,73.7,1.9,1.8,0.4,1.3,0.7,0.1,1.7,3.1,0.7,0.7,0.1,0.2,0.5,47.8,7.5,1.5,DM,0
Jean-Ricner Bellegarde,2019-2020,21,Strasbourg,0.0,0.0,0.0,0.1,0.1,0.1,0.05,1.1,0.0,0.2,22.2,1.3,0.7,0.2,3.8,658.0,126.1,6.7,73.0,214.2,101.1,2.4,1.6,0.3,2.5,1.7,0.3,0.2,3.1,2.4,25.7,1.9,1.9,0.8,0.5,1.0,0.2,1.3,3.7,1.5,0.8,0.1,0.9,2.0,64.7,8.8,1.3,CM,0
Jean-Ricner Bellegarde,2020-2021,22,Strasbourg,0.0,0.1,0.0,0.1,0.1,0.1,0.09,1.0,0.2,0.2,21.7,0.8,0.7,0.3,2.9,490.1,88.7,4.7,65.5,208.3,87.1,2.8,1.7,0.8,3.1,1.6,0.4,0.2,1.9,1.2,34.3,1.4,2.0,0.6,0.4,0.9,0.1,0.8,3.2,1.7,0.4,0.0,0.6,2.9,57.7,6.9,2.3,CM,0
Jean-Ricner Bellegarde,2021-2022,23,Strasbourg,0.1,0.2,0.1,0.1,0.1,0.1,0.06,1.2,0.29,0.3,22.6,0.9,0.7,0.1,4.1,559.5,120.8,5.0,60.0,223.0,115.7,2.9,2.0,0.5,2.3,1.3,0.2,0.1,2.0,1.2,48.6,1.4,2.6,0.7,0.9,1.1,0.2,1.0,3.0,1.8,0.8,0.2,0.3,2.1,60.3,10.3,1.6,CM,1
Jean-Victor Makengo,2018-2019,20,Nice,0.0,0.1,0.1,0.1,0.1,0.1,0.11,1.1,0.2,0.4,38.5,1.1,0.3,0.1,3.8,448.2,81.0,1.7,73.7,197.8,100.2,3.0,2.8,0.3,2.4,2.9,0.1,0.1,2.6,2.0,17.2,1.0,1.1,0.1,0.3,0.4,0.1,0.8,1.7,0.3,0.1,0.0,0.0,0.4,78.8,5.4,1.7,CM,1
Jean-Victor Makengo,2019-2020,21,Toulouse,0.0,0.2,0.2,0.1,0.1,0.1,0.06,1.3,0.5,0.4,28.6,1.0,0.5,0.1,5.7,468.7,130.8,2.8,71.0,221.9,119.5,3.4,1.9,0.5,2.5,1.3,0.0,0.0,1.9,1.7,15.8,1.9,1.3,0.4,0.8,0.6,0.1,0.3,1.5,0.5,0.3,0.2,0.1,0.7,44.8,7.6,1.2,CM,0
Jessy Deminguet,2018-2019,20,Caen,0.0,0.0,0.0,0.0,0.0,0.0,0.04,0.5,0.0,0.1,14.3,0.4,0.1,0.1,2.7,477.9,96.0,5.2,71.2,162.0,80.9,2.1,1.1,0.1,1.3,1.8,0.2,0.2,1.5,1.1,48.0,1.6,1.0,1.1,1.8,1.3,0.2,1.3,3.9,1.2,0.6,0.0,0.6,1.0,63.6,10.5,0.6,CM,0
Jimmy Cabot,2020-2021,26,Angers,0.1,0.2,0.1,0.1,0.1,0.1,0.0,0.08,0.1,0.25,0.4,73.4,2.6,1.5,0.3,4.0,478.1,2.6,4.0,35.7,202.7,97.3,3.2,2.4,0.5,3.2,8.0,0.1,0.1,1.9,12.5,1.5,1.1,1.1,2.4,0.8,0.0,1.1,3.6,1.1,0.3,0.2,0.2,2.5,42.9,8.1,2.5,RM,0
Jimmy Durmaz,2017-2018,28,Toulouse,0.3,0.5,0.0,0.0,0.2,0.2,0.1,0.05,0.0,0.0,0.3,67.7,4.4,1.5,0.4,5.3,541.1,3.6,7.4,36.2,221.7,120.4,3.2,2.6,0.8,1.3,6.9,0.5,0.3,4.6,55.6,2.1,1.2,0.5,0.7,0.2,0.0,1.2,2.6,6.2,2.7,0.2,0.5,5.3,62.1,4.9,1.9,CM,0
John Bostock,2018-2019,26,Toulouse,0.0,0.0,0.0,0.0,0.1,0.0,0.03,0.6,,0.0,0.0,0.6,0.4,0.0,5.3,722.4,222.6,6.4,45.7,131.4,63.3,0.5,0.8,0.0,1.5,0.7,0.0,0.0,1.4,0.9,58.3,1.6,1.3,0.8,1.9,1.1,0.2,1.6,3.7,4.1,2.9,0.2,0.4,1.6,16.7,13.2,0.2,CM,0
Jonas Martin,2017-2018,27,Strasbourg,0.1,0.2,0.0,0.0,0.1,0.1,0.06,0.7,0.13,0.2,33.3,1.2,0.7,0.1,4.8,714.8,183.4,6.0,69.8,176.7,77.8,1.2,1.0,0.1,1.1,1.5,0.2,0.1,2.5,2.0,41.8,1.6,1.2,0.5,1.1,0.9,0.1,1.0,3.2,3.5,1.6,0.3,0.6,1.5,65.9,10.2,1.1,DM,0
Jonas Martin,2018-2019,28,Strasbourg,0.0,0.2,0.0,0.1,0.1,0.1,0.09,0.7,0.13,0.3,47.1,1.0,0.5,0.2,6.7,1018.0,261.8,8.3,78.5,227.5,106.9,2.0,1.9,0.4,0.9,1.3,0.2,0.1,1.9,1.6,47.2,1.5,1.0,0.7,0.7,1.3,0.5,1.3,3.3,2.9,2.2,0.0,1.6,0.9,70.4,15.6,1.2,DM,0
Jordan Ferri,2017-2018,25,Lyon,0.1,0.1,0.0,0.1,0.1,0.1,0.05,1.0,,0.0,0.0,1.1,0.7,0.1,10.3,1113.6,332.2,6.6,83.0,299.1,164.8,3.0,2.3,0.4,1.6,1.3,0.6,0.6,3.7,3.1,50.0,2.3,1.3,1.0,1.8,1.6,0.1,0.7,3.5,1.7,1.0,0.6,0.8,0.7,92.3,15.5,1.8,CM,0
Jordan Ferri,2018-2019,26,2 Teams,0.0,0.1,0.1,0.0,0.1,0.1,0.04,0.7,0.67,0.1,20.0,1.1,1.1,0.0,8.2,757.8,254.4,7.6,66.5,246.8,133.7,2.7,1.3,0.3,2.0,1.4,0.3,0.2,3.0,2.6,40.4,1.9,1.4,1.2,1.8,1.4,0.2,0.7,3.3,1.0,0.5,0.4,0.8,1.2,53.8,9.5,0.9,CM,0
Jordan Ferri,2019-2020,27,Montpellier,0.0,0.0,0.0,0.0,0.1,0.1,0.04,0.9,0.0,0.3,36.4,1.7,1.0,0.2,7.6,833.6,253.2,7.8,66.0,213.8,114.4,2.5,1.7,0.3,1.6,2.2,0.1,0.1,4.3,3.3,50.0,1.6,2.3,1.0,2.4,0.7,0.0,0.8,2.5,3.1,2.1,0.1,1.3,2.3,65.6,11.0,0.8,CM,0
Jordan Ferri,2020-2021,28,Montpellier,0.1,0.1,0.0,0.0,0.1,0.1,0.03,0.1,0.0,0.1,50.0,0.8,0.5,0.2,6.7,954.6,277.6,9.8,75.9,199.3,95.6,1.3,1.1,0.2,1.3,0.9,0.2,0.2,2.3,2.1,45.5,1.8,1.2,1.1,2.5,1.0,0.2,0.3,2.3,1.4,1.2,0.1,1.3,0.9,57.1,16.0,0.5,CM,0
Jordan Marié,2017-2018,25,Dijon,0.0,0.1,0.0,0.1,0.0,0.0,0.07,1.0,0.5,0.1,9.5,0.5,0.3,0.1,4.0,677.8,171.0,6.9,79.3,96.5,47.7,0.5,0.4,0.1,1.5,0.9,0.1,0.1,1.7,1.4,35.1,1.2,0.7,0.9,2.3,1.2,0.4,1.9,4.9,1.0,0.7,0.1,0.7,0.5,53.3,11.4,0.8,CM,0
Jordan Marié,2018-2019,26,Dijon,0.0,0.1,0.0,0.1,0.0,0.0,0.07,0.7,0.14,0.3,46.7,0.7,0.5,0.1,5.0,593.4,154.3,5.5,60.0,107.3,47.9,0.8,1.0,0.0,1.9,0.5,0.0,0.0,1.8,1.6,40.8,1.0,0.7,1.0,1.8,1.4,0.2,2.0,4.6,0.6,0.1,0.0,0.5,1.0,70.6,9.7,0.3,CM,0
Jordan Marié,2020-2021,28,Dijon,0.0,0.0,0.0,0.1,0.1,0.0,0.09,0.6,0.0,0.1,10.0,0.4,0.4,0.0,4.4,707.9,185.7,6.7,73.6,96.3,37.4,0.4,0.6,0.1,1.4,0.7,0.0,0.0,1.4,1.2,57.1,0.8,0.4,1.4,2.1,0.9,0.3,1.4,3.6,1.3,0.8,0.0,0.6,0.9,61.1,12.1,0.3,CM,0
Joris Chotard,2020-2021,18,Montpellier,0.0,0.0,0.0,0.0,0.1,0.1,0.07,0.6,0.0,0.2,25.0,0.8,0.5,0.2,2.4,387.1,139.9,5.5,54.9,74.6,35.2,0.4,0.5,0.2,1.1,0.5,0.1,0.1,1.4,1.0,52.6,1.1,0.5,0.5,1.9,0.9,0.2,0.8,1.8,1.2,0.7,0.1,0.5,0.7,83.3,11.2,0.9,DM,0
Joris Chotard,2021-2022,19,Montpellier,0.0,0.1,0.0,0.0,0.0,0.0,0.05,0.6,0.33,0.1,16.7,0.4,0.5,0.2,2.8,583.2,170.2,5.3,70.9,115.2,47.1,0.2,0.2,0.1,0.9,0.2,0.2,0.1,1.1,1.0,40.8,0.9,0.3,1.1,1.3,0.8,0.5,1.3,3.1,1.1,1.0,0.1,0.4,0.6,38.1,18.1,0.5,DM,0
Jules Iloki,2017-2018,25,Nantes,0.0,0.0,0.0,0.1,0.2,0.2,-0.2,0.16,0.0,0.0,0.3,67.9,1.7,2.0,1.3,2.9,329.5,1.9,3.5,20.9,142.1,85.1,2.6,2.1,0.2,1.6,9.3,0.1,0.1,3.0,55.0,0.9,0.9,0.2,0.8,0.5,0.0,0.8,1.6,1.1,0.1,0.0,0.3,5.1,69.2,5.2,1.6,RM,0
Junior Dina Ebimbe,2020-2021,19,Dijon,0.0,0.1,0.0,0.1,0.1,0.1,0.08,1.9,0.08,0.5,28.9,1.0,0.7,0.2,2.8,411.6,89.6,3.1,58.1,216.8,100.0,2.7,2.4,0.7,3.4,1.3,0.1,0.1,2.7,2.1,37.0,1.8,1.5,0.6,1.3,0.7,0.0,0.6,2.2,0.6,0.3,0.1,0.2,1.1,52.2,6.3,2.9,RM,1
Kévin N'Doram,2017-2018,21,Monaco,0.0,0.0,0.0,0.0,0.0,0.0,0.08,0.4,0.0,0.1,33.3,0.2,0.0,0.0,5.2,929.0,277.7,8.5,80.9,180.7,102.0,0.5,0.5,0.0,0.4,0.4,0.1,0.1,0.7,0.7,62.1,1.4,1.5,0.7,2.2,0.7,0.2,2.0,4.0,2.2,2.2,0.2,1.2,0.0,66.7,17.6,0.2,DM,0
Kévin N'Doram,2019-2020,23,Metz,0.0,0.0,0.0,0.0,0.0,0.0,0.04,0.5,0.0,0.1,22.2,0.3,0.3,0.0,4.7,721.6,213.5,4.9,75.6,179.1,90.7,1.1,0.9,0.1,1.4,1.0,0.0,0.0,2.2,1.7,51.7,1.3,1.6,0.9,1.3,1.1,0.4,1.4,3.8,1.8,1.6,0.1,0.4,0.0,64.3,12.7,0.4,DM,0
Kévin N'Doram,2021-2022,25,Metz,0.0,0.0,0.0,0.1,0.0,0.0,0.15,0.5,0.0,0.1,14.3,0.8,0.1,0.0,4.6,591.4,191.4,5.3,72.6,137.5,62.7,0.2,0.1,0.1,1.0,0.5,0.1,0.1,1.7,1.5,57.7,1.6,0.9,0.2,1.2,1.7,0.4,1.4,2.1,1.7,1.6,0.1,0.5,0.1,50.0,11.7,0.5,DM,0
Kalidou Sidibé,2018-2019,19,Toulouse,0.0,0.1,0.1,0.0,0.0,0.0,0.06,0.3,0.5,0.1,50.0,0.3,0.1,0.0,3.7,455.4,158.6,3.8,47.2,81.9,33.7,0.4,0.1,0.0,0.6,1.1,0.0,0.0,0.8,0.6,67.4,2.8,1.0,0.5,0.6,1.1,0.2,1.2,2.9,0.4,0.3,0.0,0.1,0.0,80.0,11.7,0.5,DM,0
Karim Azamoum,2017-2018,27,Troyes,0.0,0.0,0.0,0.0,0.1,0.1,0.05,0.9,0.14,0.3,30.4,0.8,0.4,0.1,3.2,403.9,119.4,4.7,43.6,111.2,45.2,1.0,0.5,0.2,1.2,1.2,0.0,0.0,1.8,1.4,54.6,2.3,0.7,1.1,1.6,1.2,0.4,1.0,4.4,2.2,1.1,0.0,0.3,2.6,59.1,12.3,1.3,CM,0
Kevin Strootman,2018-2019,28,Marseille,0.2,0.3,0.0,0.1,0.1,0.1,0.13,0.7,0.25,0.2,25.0,1.1,0.6,0.0,5.4,652.9,200.3,5.1,59.5,158.5,85.1,1.1,1.2,0.1,0.7,0.8,0.4,0.2,2.1,1.7,50.6,1.6,0.4,0.9,1.5,1.1,0.3,1.1,4.6,2.1,1.5,0.2,0.3,1.1,76.9,11.1,1.2,DM,1
Khéphren Thuram,2020-2021,19,Nice,0.0,0.1,0.1,0.1,0.0,0.1,0.1,0.6,0.5,0.2,40.0,0.3,0.8,0.0,5.2,858.4,209.7,6.3,73.1,230.2,125.8,1.9,1.1,0.2,1.0,0.5,0.5,0.4,1.4,1.0,45.0,1.9,0.6,0.5,1.1,1.3,0.5,1.1,3.0,1.4,1.4,0.1,0.2,0.1,78.6,16.1,0.8,CM,1
Khéphren Thuram,2021-2022,20,Nice,0.1,0.3,0.2,0.1,0.1,0.1,0.12,1.1,0.57,0.3,30.4,1.0,1.0,0.0,5.8,769.1,182.1,5.1,69.4,292.7,138.2,3.1,2.7,0.3,1.6,1.1,0.4,0.3,2.5,1.9,50.0,1.6,0.7,0.8,0.9,1.5,0.5,1.3,2.9,1.8,1.6,0.1,0.2,0.5,74.4,11.2,1.3,CM,1
Léo Leroy,2021-2022,21,Montpellier,0.0,0.0,0.0,0.0,0.0,0.1,0.03,1.2,0.0,0.4,37.5,0.6,0.7,0.0,3.5,585.1,175.3,4.3,70.0,182.4,72.2,0.6,0.9,0.3,1.9,1.2,0.0,0.0,1.2,1.2,57.9,3.3,0.6,1.7,3.2,2.9,0.6,1.2,5.6,0.7,0.7,0.3,0.1,0.6,47.1,17.3,1.0,CM,0
Lamine Fomba,2019-2020,21,Nîmes,0.0,0.0,0.0,0.1,0.0,0.0,0.1,1.0,0.0,0.1,13.3,0.7,0.2,0.0,2.7,287.1,76.2,2.2,57.6,95.0,42.7,0.7,0.7,0.0,2.3,1.2,0.0,0.0,1.4,1.2,49.4,2.8,0.5,1.4,1.4,1.9,0.3,1.6,5.9,0.3,0.0,0.0,0.1,0.4,59.1,9.4,1.3,DM,0
Lamine Fomba,2020-2021,22,Nîmes,0.0,0.1,0.0,0.1,0.1,0.0,0.11,1.0,0.17,0.2,25.0,0.8,0.4,0.0,2.0,348.8,85.0,2.4,61.0,105.1,45.6,0.8,0.7,0.0,1.6,1.7,0.1,0.1,1.4,1.1,50.8,1.9,0.7,1.2,1.4,2.0,0.8,2.4,5.2,0.4,0.4,0.0,0.2,0.1,46.7,11.6,1.2,DM,0
Lassana Coulibaly,2017-2018,21,Angers,0.2,0.3,0.1,0.1,0.1,0.1,0.06,1.7,0.25,0.4,25.0,1.1,1.0,0.2,4.1,371.7,121.7,1.9,44.4,174.1,95.7,2.6,2.9,0.3,1.7,1.0,0.5,0.1,2.9,1.7,50.0,1.9,2.0,1.1,2.7,1.6,0.1,0.9,3.7,0.4,0.4,0.1,0.1,0.8,51.7,7.9,2.5,CM,0
Lassana Coulibaly,2020-2021,24,Angers,0.1,0.1,0.1,0.1,0.0,0.0,0.08,0.7,0.25,0.2,28.6,0.4,0.2,0.1,3.5,514.7,129.8,3.8,70.8,152.2,60.1,1.1,1.0,0.1,1.4,0.9,0.1,0.1,0.9,0.7,51.9,1.4,1.7,2.1,1.9,1.5,0.2,1.8,5.9,0.6,0.4,0.1,0.3,0.6,44.1,10.8,0.6,CM,0
Laurent Abergel,2020-2021,27,Lorient,0.0,0.1,0.1,0.0,0.1,0.0,0.05,0.9,0.3,0.3,34.5,0.6,0.4,0.1,4.2,687.5,199.0,6.8,64.7,142.9,65.0,1.0,1.0,0.1,1.6,1.3,0.3,0.2,1.8,1.4,34.6,1.3,1.1,1.6,3.3,1.9,0.2,1.4,5.8,1.2,0.9,0.0,0.3,0.8,78.4,14.8,0.4,DM,0
Laurent Abergel,2021-2022,28,Lorient,0.1,0.1,0.0,0.0,0.1,0.1,0.05,0.9,0.0,0.2,24.1,1.1,0.7,0.3,5.2,723.6,208.2,7.2,64.4,171.4,71.6,0.9,1.2,0.1,1.6,1.2,0.3,0.2,2.5,2.0,61.1,1.2,2.1,2.2,2.9,1.8,0.0,1.7,5.0,1.1,0.8,0.2,0.6,1.1,63.9,12.3,0.4,DM,0
Leandro Paredes,2018-2019,24,Paris S-G,0.1,0.1,0.0,0.0,0.2,0.2,0.04,1.0,0.0,0.1,14.3,1.3,0.8,0.0,8.1,1446.1,473.4,12.6,66.9,271.3,146.6,0.7,0.6,0.0,0.4,0.6,0.2,0.2,2.4,1.7,55.6,1.0,1.7,0.9,1.2,1.2,0.4,1.0,3.5,6.3,3.7,0.6,1.5,2.9,55.6,21.4,0.1,DM,1
Leandro Paredes,2019-2020,25,Paris S-G,0.0,0.0,0.0,0.1,0.0,0.1,0.03,2.0,0.0,0.4,22.2,0.6,0.6,0.0,11.7,1636.0,561.7,12.8,80.2,301.0,170.2,1.1,1.7,0.0,0.3,0.2,0.3,0.2,3.1,2.8,53.8,2.2,1.4,1.4,1.8,0.8,0.1,1.7,4.1,2.7,2.2,0.1,1.5,0.4,80.0,18.5,0.1,DM,1
Leandro Paredes,2020-2021,26,Paris S-G,0.1,0.2,0.1,0.1,0.1,0.1,0.05,1.7,0.17,0.4,25.0,0.8,0.8,0.0,10.0,1572.9,546.3,10.9,73.9,331.7,183.0,1.5,1.7,0.0,0.6,0.5,0.3,0.3,2.3,1.9,52.6,1.6,1.2,1.3,1.4,1.2,0.3,1.2,3.2,3.5,2.9,0.1,0.4,0.6,71.4,21.0,0.3,DM,1
Leandro Paredes,2021-2022,27,Paris S-G,0.2,0.3,0.1,0.0,0.0,0.0,0.05,0.9,0.5,0.2,25.0,0.8,0.3,0.0,5.9,1609.3,512.4,9.6,84.3,328.1,155.4,0.6,0.9,0.0,0.5,0.2,0.5,0.2,2.0,1.7,62.5,1.1,0.9,1.3,1.3,1.1,0.6,1.1,3.5,2.9,2.7,0.1,0.4,0.0,85.7,27.0,0.2,DM,1
Lebogang Phiri,2017-2018,22,Guingamp,0.1,0.1,0.0,0.0,0.0,0.0,0.03,0.5,0.0,0.2,33.3,0.7,0.3,0.0,5.2,878.5,256.0,8.5,78.4,176.2,77.9,0.8,0.7,0.0,0.3,0.9,0.3,0.1,1.7,1.3,61.5,1.1,0.6,1.0,2.8,0.8,0.2,1.7,4.1,2.4,1.5,0.1,0.8,0.7,80.0,12.5,0.2,CM,0
Lebogang Phiri,2018-2019,23,Guingamp,0.0,0.0,0.0,0.0,0.0,0.0,0.05,0.6,0.0,0.1,25.0,0.7,0.3,0.0,5.9,707.8,212.9,4.9,77.9,145.7,69.4,0.9,0.5,0.0,0.8,0.7,0.1,0.0,1.7,1.3,42.9,1.2,0.7,1.1,0.9,1.2,0.1,1.4,4.2,0.6,0.5,0.0,0.7,0.4,63.2,11.8,0.3,CM,0
Lucas Da Cunha,2021-2022,20,2 Teams,0.1,0.2,0.1,0.2,0.2,0.2,0.09,2.1,0.22,0.7,32.1,1.9,0.9,0.4,3.0,437.7,121.5,5.0,58.8,213.2,89.0,2.9,1.9,1.0,2.3,2.1,0.1,0.1,3.3,2.4,39.4,0.7,0.7,1.1,1.0,1.1,0.0,0.1,2.3,3.1,0.5,0.1,0.7,3.1,50.9,5.9,2.9,DM,0
Lucas Deaux,2017-2018,28,Guingamp,0.0,0.1,0.1,0.1,0.1,0.1,0.12,0.8,0.22,0.4,50.0,0.6,0.7,0.1,6.7,778.3,241.4,7.9,71.2,133.2,64.2,1.5,0.8,0.1,1.4,1.1,0.2,0.2,1.8,1.4,56.1,1.8,1.0,0.9,2.2,1.9,0.3,1.5,4.4,2.1,1.7,0.0,0.9,1.1,69.2,12.0,2.0,DM,0
Lucas Evangelista,2018-2019,23,Nantes,0.0,0.1,0.1,0.1,0.0,0.1,0.06,1.7,0.25,0.5,28.6,0.5,0.6,0.2,4.2,388.9,93.6,4.1,45.5,151.9,65.7,1.7,1.9,0.5,3.2,2.3,0.1,0.1,2.3,1.5,59.0,2.4,3.9,1.7,1.4,1.2,0.0,1.1,4.9,0.2,0.1,0.0,0.2,1.9,47.6,6.1,2.3,CM,0
Lucas Tousart,2017-2018,20,Lyon,0.0,0.0,0.0,0.1,0.0,0.0,0.13,0.5,0.0,0.0,6.3,0.4,0.1,0.0,3.0,641.7,157.9,4.1,75.0,136.5,61.0,0.5,0.5,0.0,1.1,0.6,0.2,0.2,1.3,1.1,59.8,1.2,0.6,1.1,1.7,1.2,0.5,1.5,4.3,1.0,0.9,0.1,0.3,0.1,76.0,14.2,0.7,CM,1
Lucas Tousart,2018-2019,21,Lyon,0.0,0.0,0.0,0.0,0.0,0.0,0.04,1.3,0.0,0.3,20.8,0.5,0.3,0.1,4.9,802.7,171.5,5.1,73.5,176.8,72.7,0.5,0.9,0.0,1.0,0.7,0.2,0.2,1.9,1.6,44.3,1.4,0.9,1.3,1.8,1.6,0.7,1.4,5.2,0.7,0.7,0.2,0.7,0.1,76.9,13.5,0.5,CM,1
Lucas Tousart,2019-2020,22,Lyon,0.1,0.2,0.1,0.1,0.0,0.0,0.07,1.4,0.18,0.6,39.3,0.5,0.3,0.2,4.2,719.2,170.8,5.8,72.6,179.5,84.3,0.8,0.8,0.0,1.6,0.5,0.2,0.2,1.5,1.0,53.5,1.9,0.9,0.9,2.0,1.0,0.4,1.6,4.5,0.9,0.8,0.2,0.6,0.7,62.5,13.7,1.4,CM,1
Lucien Agoume,2021-2022,19,Brest,0.0,0.0,0.0,0.1,0.0,0.0,0.07,0.7,0.0,0.0,6.7,0.6,0.4,0.0,5.6,723.1,217.4,6.8,79.4,169.1,75.4,0.8,0.9,0.3,0.9,0.8,0.1,0.1,1.7,1.3,47.3,1.5,0.7,1.1,1.1,1.4,0.4,2.5,5.0,1.8,1.4,0.0,0.5,0.2,68.8,17.1,1.4,DM,1
Luis Henrique,2021-2022,19,Marseille,0.1,0.1,0.0,0.1,0.0,0.0,0.15,0.8,0.0,0.3,33.3,1.0,0.8,0.3,2.4,334.1,61.7,2.6,60.0,166.9,69.7,1.9,1.5,1.3,2.8,1.2,0.1,0.1,1.7,1.3,0.0,0.8,0.5,0.3,0.4,0.3,0.0,0.6,1.2,1.4,0.1,0.0,0.4,1.5,38.9,4.6,2.3,RM,0
Luis Henrique,2020-2021,18,Marseille,0.7,0.7,0.0,0.0,0.3,0.3,0.4,0.04,0.0,0.0,0.5,76.8,1.5,1.5,0.9,3.1,446.5,1.3,3.1,31.6,209.2,98.7,3.6,0.9,1.7,1.7,11.1,0.7,0.7,3.5,100.0,0.3,0.7,0.5,0.7,0.7,0.1,0.9,1.6,2.8,0.3,0.1,0.0,3.6,44.8,6.8,3.5,RM,0
Lukas Lerager,2017-2018,24,Bordeaux,0.0,0.1,0.1,0.1,0.1,0.1,0.11,1.1,0.25,0.3,29.3,0.7,0.6,0.1,4.9,530.6,173.8,4.4,56.8,117.1,54.7,1.0,0.7,0.1,1.2,0.8,0.1,0.1,2.1,1.5,56.9,2.0,1.5,0.9,2.0,1.2,0.2,1.8,4.8,0.9,0.8,0.2,0.4,0.5,57.1,10.5,2.0,CM,0
Lukas Lerager,2018-2019,25,Bordeaux,0.1,0.1,0.0,0.0,0.0,0.1,0.04,0.8,0.0,0.2,27.3,0.6,0.7,0.1,5.1,552.0,180.7,4.9,54.9,114.7,53.8,1.2,0.8,0.3,1.1,0.6,0.2,0.2,1.9,1.6,49.0,1.4,0.9,1.2,1.7,1.5,0.7,2.2,4.9,1.3,1.1,0.1,0.4,0.4,50.0,11.9,1.0,CM,0
Mahdi Camara,2019-2020,21,Saint-Étienne,0.0,0.0,0.0,0.0,0.0,0.0,0.05,0.6,0.0,0.2,33.3,0.3,0.3,0.1,3.0,605.3,116.1,3.7,67.6,223.7,100.7,1.9,1.8,0.0,1.3,1.3,0.3,0.3,0.9,0.6,53.3,1.7,1.4,1.8,1.4,2.0,0.2,1.8,5.1,0.4,0.2,0.0,0.3,0.7,80.0,12.0,1.1,CM,0
Mahdi Camara,2020-2021,22,Saint-Étienne,0.1,0.1,0.1,0.1,0.0,0.0,0.14,0.6,0.33,0.2,39.1,0.7,0.7,0.3,3.9,628.7,178.0,4.5,70.5,186.6,90.6,1.5,1.3,0.2,1.1,0.6,0.1,0.1,1.8,1.3,60.8,1.3,1.1,0.9,0.7,1.4,0.3,2.1,4.8,2.1,0.8,0.0,0.3,0.9,56.4,14.8,0.8,CM,0
Mahdi Camara,2021-2022,23,Saint-Étienne,0.0,0.1,0.1,0.1,0.0,0.0,0.09,0.8,0.2,0.4,53.6,0.9,0.3,0.1,3.9,535.4,157.5,3.3,58.0,165.4,84.8,1.3,1.8,0.1,1.6,1.0,0.1,0.1,2.3,1.6,41.7,1.3,1.3,1.1,0.9,1.3,0.2,1.7,4.6,3.0,0.6,0.0,0.3,1.0,62.5,13.0,1.0,CM,0
Mamadou Fofana,2019-2020,21,Metz,0.0,0.0,0.0,0.0,0.0,0.0,0.04,0.6,,0.0,0.0,0.3,0.1,0.0,1.6,646.8,214.8,6.0,61.3,109.5,50.8,0.3,0.5,0.1,0.2,0.3,0.0,0.0,0.9,0.7,38.0,1.2,0.2,1.2,1.1,1.2,0.6,1.2,4.5,0.8,0.7,0.1,0.2,0.1,50.0,24.6,0.2,DM,0
Mamadou Fofana,2020-2021,22,Metz,0.0,0.0,0.0,0.0,0.0,0.0,0.14,0.3,,0.0,0.0,0.2,0.0,0.0,1.7,571.9,193.7,5.6,60.6,92.8,44.6,0.2,0.2,0.0,0.5,0.3,0.0,0.0,0.7,0.7,45.8,1.0,0.1,0.6,2.0,1.2,0.2,1.5,3.6,1.1,1.1,0.0,0.0,0.0,100.0,22.6,0.4,DM,0
Manu Koné,2019-2020,18,Toulouse,0.0,0.0,0.0,0.0,0.0,0.0,0.03,0.9,0.0,0.2,22.2,0.5,0.0,0.0,2.6,474.7,132.3,3.9,47.4,169.7,74.9,1.4,1.4,0.0,1.7,0.6,0.1,0.1,1.6,1.4,36.4,2.0,2.9,1.3,1.7,1.5,0.1,2.0,5.6,0.3,0.3,0.1,0.1,0.1,100.0,12.1,0.2,CM,0
Marco Verratti,2017-2018,24,Paris S-G,0.2,0.2,0.0,0.0,0.1,0.2,0.05,0.4,0.0,0.1,14.3,1.5,2.1,0.1,10.1,1509.6,494.0,11.0,79.0,375.4,199.9,2.1,2.1,0.1,0.9,1.9,0.6,0.6,3.8,3.2,50.0,1.6,2.8,0.6,2.3,1.3,0.3,1.4,4.0,3.7,2.7,1.5,0.7,0.5,82.4,19.5,0.8,CM,1
Marco Verratti,2018-2019,25,Paris S-G,0.1,0.1,0.0,0.0,0.2,0.3,0.04,0.1,,0.0,0.0,1.4,1.9,0.0,12.5,1337.7,482.6,7.2,74.8,358.2,202.4,2.5,2.1,0.0,1.0,1.8,0.3,0.3,4.0,3.6,26.7,1.7,2.7,1.7,2.2,1.2,0.0,0.9,4.3,3.8,3.0,1.3,0.4,0.0,82.9,14.4,0.6,CM,1
Marco Verratti,2019-2020,26,Paris S-G,0.3,0.3,0.0,0.0,0.2,0.2,0.15,0.1,,0.0,0.0,1.6,2.6,0.3,11.3,1455.8,464.8,9.0,77.2,289.3,158.4,2.0,2.2,0.2,0.9,1.3,0.9,0.8,3.8,3.2,47.1,1.6,2.0,1.2,2.2,1.4,0.2,1.2,4.4,4.5,3.1,0.7,0.4,0.7,86.2,16.5,0.7,CM,1
Marco Verratti,2020-2021,27,Paris S-G,0.1,0.1,0.0,0.1,0.1,0.2,0.13,0.6,0.0,0.2,40.0,1.4,2.0,0.1,11.3,1396.1,436.9,7.9,69.5,363.2,196.0,2.3,3.1,0.6,1.8,1.7,0.4,0.3,3.4,2.8,47.8,1.7,3.1,1.4,2.9,1.3,0.3,1.6,4.8,3.7,3.0,0.2,0.3,0.7,80.0,14.8,2.4,CM,1
Marco Verratti,2021-2022,28,Paris S-G,0.1,0.2,0.1,0.0,0.1,0.2,0.09,0.3,1.0,0.1,28.6,1.4,2.0,0.0,9.0,1376.6,410.5,7.1,78.9,380.9,193.8,2.6,3.9,0.2,1.3,1.0,0.3,0.3,3.5,3.2,31.3,1.5,2.2,1.5,1.5,1.7,0.5,0.8,3.6,4.8,2.9,0.3,0.7,0.4,80.7,18.1,1.5,CM,1
Mario Lemina,2021-2022,27,Nice,0.0,0.1,0.1,0.1,0.0,0.0,0.12,0.7,0.5,0.2,25.0,0.3,0.2,0.0,4.3,833.0,233.1,6.3,68.8,260.4,126.3,1.6,1.0,0.1,1.0,0.6,0.1,0.0,1.5,1.2,69.7,1.6,1.1,1.3,0.5,1.5,0.4,2.2,5.0,1.0,0.8,0.1,0.2,0.3,75.0,16.7,1.1,DM,1
Marquinhos,2018-2019,24,Paris S-G,0.1,0.2,0.1,0.1,0.0,0.1,0.19,0.4,1.0,0.1,27.3,0.3,0.4,0.0,6.0,1258.0,428.5,9.1,76.8,254.8,152.8,0.6,0.7,0.0,0.2,0.3,0.1,0.1,0.9,0.7,63.6,1.0,0.3,1.0,0.7,1.0,0.4,1.5,3.6,1.8,1.4,0.2,0.5,0.0,85.7,28.3,1.0,DM,1
Marquinhos,2019-2020,25,Paris S-G,0.1,0.2,0.2,0.1,0.0,0.1,0.17,0.7,1.0,0.2,27.3,0.2,1.0,0.0,5.9,1320.1,424.8,7.9,83.1,242.7,132.9,0.5,0.9,0.1,0.5,0.6,0.2,0.1,1.5,1.3,52.1,1.2,0.4,0.7,0.9,1.5,0.5,1.5,3.9,1.4,1.0,0.3,0.7,0.2,77.8,25.3,1.0,DM,1
Marshall Munetsi,2019-2020,23,Reims,0.2,0.2,0.0,0.0,0.1,0.1,0.06,0.4,,0.0,0.0,0.5,0.3,0.2,3.2,550.1,146.1,6.3,66.1,173.7,85.5,2.0,1.3,0.0,1.8,1.0,0.2,0.2,1.9,1.6,59.3,1.9,1.5,0.6,0.6,1.4,0.8,1.3,4.2,1.2,1.0,0.2,0.8,0.6,62.5,17.3,0.9,CM,0
Marshall Munetsi,2020-2021,24,Reims,0.0,0.0,0.0,0.0,0.0,0.0,0.08,0.6,0.33,0.1,25.0,0.4,0.1,0.0,2.3,641.2,143.5,6.0,68.2,153.3,64.8,0.4,0.5,0.0,1.4,0.4,0.1,0.0,1.1,1.0,62.8,1.4,0.9,1.0,0.9,1.5,1.2,2.7,4.3,0.6,0.5,0.0,0.2,0.2,68.2,22.2,0.7,CM,0
Marshall Munetsi,2021-2022,25,Reims,0.0,0.3,0.2,0.2,0.1,0.0,0.13,1.5,0.38,0.6,40.6,0.4,0.1,0.0,1.8,465.9,126.8,4.8,61.0,132.4,60.4,0.6,0.6,0.1,2.1,0.5,0.1,0.1,1.3,1.0,64.1,1.9,1.0,0.8,1.1,1.9,0.6,2.1,3.7,0.7,0.6,0.0,0.6,0.2,44.4,19.4,1.8,CM,1
Mattéo Guendouzi,2021-2022,22,Marseille,0.2,0.3,0.1,0.1,0.1,0.1,0.07,1.4,0.22,0.5,36.0,1.0,1.5,0.1,8.2,912.0,232.3,6.5,78.0,296.1,149.9,2.9,2.3,0.5,1.7,1.3,0.3,0.3,3.2,2.4,43.4,0.8,1.9,0.4,1.0,0.4,0.0,0.5,1.7,2.4,1.1,0.2,0.4,1.4,58.8,8.6,2.3,CM,1
Matteo Ahlinvi,2020-2021,21,Nîmes,0.0,0.2,0.2,0.1,0.0,0.0,0.11,1.2,0.29,0.7,58.3,0.5,0.2,0.0,2.5,428.1,82.3,2.5,60.0,204.2,116.7,3.1,1.4,0.3,2.6,1.6,0.0,0.0,1.2,0.9,38.1,1.7,1.5,1.1,2.8,0.6,0.0,0.2,2.8,0.5,0.5,0.0,0.0,0.6,65.5,9.5,1.2,CM,0
Maxence Caqueret,2020-2021,20,Lyon,0.1,0.1,0.0,0.0,0.1,0.1,0.07,0.5,0.0,0.1,10.0,0.8,1.5,0.1,8.9,746.8,277.1,4.8,75.5,177.5,79.4,1.2,1.3,0.4,2.0,1.5,0.2,0.1,2.7,2.3,42.9,1.6,1.3,1.8,3.6,1.8,0.2,1.2,4.9,0.8,0.3,0.2,0.3,0.7,75.0,9.9,1.3,CM,0
Maxence Caqueret,2021-2022,21,Lyon,0.0,0.0,0.0,0.0,0.1,0.1,0.05,0.6,0.0,0.1,13.3,0.9,0.6,0.0,5.9,782.6,253.0,4.7,69.7,191.8,85.0,1.0,1.4,0.1,1.9,1.0,0.2,0.2,2.4,2.0,48.0,1.7,1.1,1.2,1.9,1.5,0.4,1.7,4.5,1.2,0.5,0.2,0.3,0.8,63.8,14.6,0.6,CM,1
Maxime Lopez,2017-2018,19,Marseille,0.1,0.1,0.0,0.1,0.1,0.2,0.09,0.7,0.0,0.3,40.0,2.0,1.4,0.5,10.4,1175.0,384.8,8.3,68.5,378.0,200.1,3.3,2.9,0.2,0.9,0.7,0.2,0.2,4.7,4.0,15.4,2.1,1.2,0.8,2.9,1.0,0.1,0.5,2.4,3.9,1.8,0.3,0.5,3.0,69.6,13.5,1.3,CM,1
Maxime Lopez,2018-2019,20,Marseille,0.1,0.2,0.0,0.0,0.1,0.1,0.04,0.5,0.25,0.2,30.8,1.9,1.2,0.4,11.1,1216.9,464.5,8.2,65.2,357.6,205.3,2.5,2.8,0.2,0.8,0.6,0.3,0.2,3.6,2.8,31.6,1.3,0.6,0.8,1.4,0.4,0.1,0.8,2.7,5.0,2.8,0.1,0.2,2.8,52.0,15.9,0.7,CM,1
Maxime Lopez,2019-2020,21,Marseille,0.2,0.2,0.0,0.0,0.1,0.1,0.06,0.8,0.0,0.2,20.0,1.5,0.6,0.1,8.4,861.0,261.2,4.0,61.2,327.1,190.5,4.4,3.3,0.7,1.9,0.7,0.4,0.4,3.6,2.9,7.7,0.7,0.4,0.3,1.8,0.6,0.2,0.6,1.9,2.5,1.1,0.1,0.1,1.9,57.1,9.6,1.8,CM,1
Mehdi Abeid,2017-2018,24,Dijon,0.1,0.1,0.0,0.1,0.0,0.0,0.05,1.6,0.0,0.5,28.6,0.5,0.1,0.0,3.7,672.5,179.5,4.7,71.0,218.8,101.1,1.5,1.0,0.0,1.8,1.6,0.1,0.1,1.5,1.0,44.8,2.2,1.2,0.6,1.8,0.8,0.5,1.4,3.1,1.3,0.9,0.0,0.4,0.5,70.0,14.0,0.8,CM,0
Mehdi Abeid,2018-2019,25,Dijon,0.0,0.1,0.1,0.1,0.1,0.0,0.06,1.6,0.2,0.4,27.8,1.0,0.2,0.1,4.3,694.1,165.7,6.4,62.9,218.6,103.6,1.9,1.0,0.2,1.8,1.4,0.1,0.1,1.8,1.3,39.5,2.5,1.2,0.7,1.3,1.5,0.3,1.3,3.6,1.6,0.8,0.2,0.5,1.1,51.7,11.2,0.9,CM,0
Mehdi Abeid,2019-2020,26,Nantes,0.1,0.1,0.0,0.1,0.1,0.1,0.04,1.6,0.14,0.3,21.2,1.3,0.3,0.1,5.2,643.8,180.0,6.3,46.1,165.9,74.0,1.2,1.2,0.1,1.2,1.0,0.2,0.1,2.6,1.5,43.3,2.7,2.1,1.0,1.6,0.8,0.1,1.1,3.9,4.6,1.9,0.0,0.5,3.1,69.6,8.1,0.8,CM,0
Mehdi Abeid,2020-2021,27,Nantes,0.0,0.0,0.0,0.1,0.1,0.0,0.05,1.4,,0.0,0.0,0.8,0.5,0.3,4.4,725.9,199.6,7.9,60.3,195.3,92.2,2.2,1.6,0.2,1.6,0.7,0.1,0.1,2.1,1.2,41.9,2.1,1.5,1.0,1.0,0.6,0.1,1.4,3.7,3.5,2.3,0.0,0.6,2.7,70.4,12.5,0.7,CM,0
Mehdi Chahiri,2020-2021,24,Strasbourg,0.0,0.2,0.2,0.2,0.1,0.1,0.08,2.4,0.29,0.8,33.3,0.9,0.8,0.0,4.2,338.5,104.9,3.3,44.8,167.2,80.7,2.7,1.7,0.8,3.6,2.5,0.1,0.0,2.6,1.9,47.8,0.4,1.0,0.9,1.3,1.0,0.0,0.7,2.7,0.8,0.0,0.1,0.2,1.1,63.6,5.7,3.0,CM,0
Mickaël Cuisance,2020-2021,20,Marseille,0.1,0.3,0.2,0.1,0.0,0.1,0.09,0.8,0.67,0.3,33.3,0.8,1.0,0.0,4.0,549.8,110.5,4.5,68.6,169.6,72.1,1.7,1.6,0.3,3.3,3.1,0.3,0.3,2.0,1.7,34.5,2.9,1.0,0.9,2.0,1.1,0.1,0.3,2.4,1.0,0.4,0.1,0.4,0.8,39.4,5.6,1.7,CM,0
Moreto Cassamã,2020-2021,22,Reims,0.0,0.1,0.0,0.0,0.0,0.0,0.03,0.5,0.5,0.1,18.2,0.7,0.4,0.0,5.0,1127.4,293.4,13.3,74.3,211.2,96.4,0.8,0.8,0.0,1.5,0.5,0.1,0.1,1.8,1.4,31.6,1.3,1.2,1.2,1.0,0.8,0.3,1.6,3.8,2.8,2.5,0.0,1.3,0.8,81.8,23.6,0.1,CM,0
Moreto Cassamã,2021-2022,23,Reims,0.0,0.2,0.2,0.1,0.1,0.1,0.06,1.2,0.29,0.8,63.6,0.9,0.4,0.0,5.1,765.5,214.5,9.3,68.7,163.4,73.6,1.2,0.9,0.1,2.0,1.0,0.3,0.1,2.8,1.5,33.3,1.2,2.5,0.3,1.8,1.1,0.6,1.0,2.4,3.4,2.2,0.0,1.1,2.1,43.5,16.0,0.6,CM,0
Morgan Sanson,2017-2018,22,Marseille,0.1,0.5,0.4,0.2,0.1,0.1,0.11,2.2,0.38,1.0,45.3,1.5,1.1,0.4,3.9,489.5,120.0,4.7,57.0,224.5,104.1,3.9,3.1,0.3,3.0,2.5,0.4,0.2,3.3,2.4,36.2,1.9,2.5,0.9,2.1,1.2,0.0,1.0,3.7,1.2,0.5,0.5,0.7,3.4,63.9,5.3,2.9,CM,0
Morgan Sanson,2018-2019,23,Marseille,0.1,0.3,0.2,0.1,0.1,0.1,0.06,1.3,0.45,0.4,30.6,0.8,0.9,0.3,5.5,686.4,168.2,8.1,68.2,234.8,114.7,2.7,2.7,0.2,2.1,1.8,0.3,0.2,2.5,2.0,36.5,1.9,1.9,0.8,2.1,1.5,0.0,1.6,4.2,0.9,0.5,0.3,1.0,1.8,57.9,9.9,1.2,CM,1
Morgan Sanson,2019-2020,24,Marseille,0.2,0.4,0.2,0.2,0.1,0.1,0.1,1.6,0.42,0.5,30.8,1.3,0.7,0.3,3.7,439.1,93.0,3.7,62.9,233.6,108.6,4.0,2.9,0.8,2.8,2.3,0.2,0.2,3.4,2.3,26.5,2.3,2.2,0.5,1.6,1.6,0.2,1.0,3.4,1.2,0.6,0.1,0.4,2.7,62.5,5.7,2.4,CM,0
Morgan Sanson,2020-2021,25,Marseille,0.3,0.5,0.2,0.1,0.3,0.2,0.09,1.2,0.67,0.3,27.3,1.4,0.5,0.4,3.5,408.2,119.4,3.7,50.0,159.3,74.7,2.2,1.9,0.2,2.8,1.4,0.4,0.2,1.9,1.3,30.0,2.0,1.1,1.0,2.1,1.3,0.0,1.0,3.3,2.0,1.2,0.0,0.3,2.1,47.4,7.8,1.7,CM,0
Nabil Bentaleb,2021-2022,26,Angers,0.0,0.1,0.1,0.0,0.0,0.0,0.04,0.9,0.14,0.4,46.7,0.2,0.3,0.0,4.9,773.3,239.3,5.7,68.8,205.7,78.3,0.7,0.8,0.0,2.0,0.5,0.1,0.1,1.1,0.9,60.0,1.7,0.8,1.0,0.8,1.4,0.5,1.7,4.2,1.5,1.4,0.1,0.2,0.2,64.5,17.0,0.6,DM,0
Nampalys Mendy,2017-2018,25,Nice,0.1,0.1,0.0,0.0,0.0,0.0,0.03,0.1,,0.0,0.0,0.2,0.0,0.0,6.0,1062.4,265.0,7.3,76.9,208.3,102.6,0.9,0.5,0.0,0.5,0.6,0.2,0.2,1.1,1.1,50.0,1.6,1.4,0.5,1.1,0.8,0.1,1.2,2.4,1.4,1.4,0.0,0.9,0.2,75.0,14.7,0.0,DM,1
Niclas Eliasson,2020-2021,24,Nîmes,0.2,0.4,0.2,0.2,0.2,0.2,0.15,1.3,0.4,0.5,40.0,1.8,0.8,0.5,1.4,258.9,90.3,6.0,34.5,105.3,44.5,1.4,0.8,0.4,2.3,0.7,0.2,0.1,2.9,1.3,30.6,1.3,2.1,0.6,0.7,1.0,0.1,1.2,2.6,5.6,2.1,0.0,0.1,7.1,43.5,5.6,2.0,RM,0
Ole Selnæs,2017-2018,23,Saint-Étienne,0.1,0.1,0.0,0.0,0.1,0.0,0.04,0.6,0.0,0.2,28.6,0.8,0.2,0.0,5.4,880.7,243.1,9.8,65.3,165.3,89.0,1.1,0.7,0.0,0.1,0.2,0.1,0.1,1.7,1.4,60.0,1.7,0.6,0.8,1.9,1.6,0.7,1.5,4.7,2.4,1.7,0.2,0.7,1.1,100.0,17.3,0.4,DM,0
Pierre Lees-Melou,2017-2018,24,Nice,0.2,0.3,0.1,0.1,0.2,0.2,0.0,0.07,0.08,0.2,0.6,81.1,3.7,0.7,0.1,5.1,699.4,4.6,7.5,31.0,191.9,90.8,2.4,1.9,0.6,1.6,6.0,0.3,0.2,3.1,29.5,1.7,1.2,0.8,1.5,1.6,0.3,1.1,3.5,2.7,0.4,0.1,1.0,3.4,73.3,10.5,2.7,DM,0
Rémi Walter,2017-2018,22,2 Teams,0.1,0.1,0.1,0.0,0.0,0.0,0.06,0.7,0.2,0.3,45.5,0.4,0.3,0.1,3.4,540.2,133.3,4.3,67.6,134.6,62.0,1.2,1.1,0.1,1.6,1.5,0.1,0.1,1.1,1.0,29.1,1.2,0.4,0.3,1.5,0.5,0.2,1.0,3.0,0.8,0.6,0.0,0.4,0.5,74.2,10.6,0.5,CM,0
Rémi Walter,2018-2019,23,Nice,0.0,0.2,0.0,0.0,0.0,0.0,0.03,0.6,0.0,0.3,50.0,1.0,0.4,0.1,4.2,791.3,186.9,4.2,51.3,149.1,79.8,2.1,1.4,0.0,1.2,1.2,0.0,0.0,2.7,1.9,26.7,1.0,1.5,0.5,1.1,1.0,0.1,0.6,2.8,3.5,1.6,0.0,0.1,1.7,45.5,12.2,0.5,CM,0
Renato Sanches,2019-2020,21,Lille,0.1,0.2,0.2,0.1,0.2,0.2,0.05,1.8,0.3,0.6,33.3,2.1,1.2,0.3,6.4,796.8,240.0,8.1,55.6,243.5,144.7,2.7,2.6,0.9,2.7,1.9,0.2,0.1,4.4,2.5,22.7,2.1,1.6,0.5,1.5,1.2,0.1,0.9,2.6,5.9,2.3,0.2,1.0,5.3,69.4,6.9,1.7,CM,1
Renato Sanches,2020-2021,22,Lille,0.2,0.3,0.1,0.2,0.1,0.1,0.12,1.5,0.33,0.2,14.3,1.2,0.8,0.0,8.1,1083.3,297.9,12.1,73.1,277.2,154.3,3.4,2.6,0.9,2.4,1.4,0.6,0.3,2.9,1.8,28.6,1.9,1.9,0.4,1.4,0.9,0.1,0.9,1.8,4.1,1.8,0.3,1.1,3.3,69.0,11.2,1.3,CM,1
Renato Sanches,2021-2022,23,Lille,0.3,0.4,0.1,0.0,0.2,0.2,0.04,1.2,0.5,0.2,18.2,1.9,1.6,0.4,9.3,1056.6,328.7,13.0,69.7,351.0,192.0,3.2,2.7,0.7,2.3,1.6,0.5,0.4,4.8,3.8,50.0,1.6,1.5,0.5,0.9,0.8,0.2,0.8,1.8,4.4,1.7,0.3,1.7,3.5,70.5,11.3,1.4,CM,1
Rene Krhin,2017-2018,27,Nantes,0.0,0.1,0.1,0.1,0.0,0.0,0.12,0.8,0.5,0.1,18.2,0.1,0.3,0.0,2.5,460.4,151.4,3.6,69.2,97.2,40.4,0.6,0.3,0.0,0.5,0.2,0.1,0.1,0.9,0.5,47.7,1.2,1.6,0.2,1.0,0.8,0.1,1.1,2.3,0.9,0.9,0.0,0.5,0.0,80.0,12.8,1.0,DM,0
Rene Krhin,2018-2019,28,Nantes,0.0,0.0,0.0,0.0,0.0,0.0,0.07,0.5,0.0,0.1,16.7,0.1,0.2,0.0,3.6,606.1,207.0,3.7,72.1,123.5,60.5,0.6,0.4,0.0,1.1,0.4,0.0,0.0,1.3,0.8,70.8,0.5,1.0,0.9,0.7,0.6,0.3,1.8,3.7,1.9,1.8,0.0,0.1,0.0,57.1,15.9,0.7,DM,0
Romain Amalfitano,2017-2018,27,Dijon,0.1,0.1,0.0,0.0,0.1,0.1,0.03,0.4,,0.0,0.0,0.8,0.8,0.1,4.9,746.3,211.7,9.4,64.4,225.2,100.0,1.7,1.2,0.1,1.9,1.6,0.1,0.1,1.8,1.5,31.0,1.2,1.7,0.8,1.5,1.0,0.2,2.8,4.8,0.8,0.5,0.3,0.9,0.7,66.2,13.6,0.2,CM,0
Romain Amalfitano,2018-2019,28,Dijon,0.0,0.0,0.0,0.0,0.0,0.0,0.03,0.7,0.0,0.1,21.1,0.5,0.9,0.2,4.8,567.2,157.3,7.8,59.8,177.8,83.7,1.6,1.5,0.1,1.9,1.3,0.0,0.0,1.4,1.3,27.1,1.5,1.0,0.9,1.5,1.6,0.5,1.7,3.5,0.7,0.3,0.1,0.9,0.9,52.9,10.1,0.4,CM,0
Rominigue Kouamé,2021-2022,24,Troyes,0.1,0.1,0.0,0.1,0.1,0.1,0.06,1.1,0.09,0.3,29.7,0.6,0.6,0.1,5.2,674.1,165.1,4.0,75.0,270.2,131.0,2.7,1.9,0.1,1.5,1.0,0.2,0.2,1.9,1.5,37.8,1.3,2.0,0.6,1.2,1.0,0.2,1.4,2.8,0.5,0.5,0.2,0.4,0.2,69.6,12.2,0.5,CM,0
Salis Abdul Samed,2021-2022,21,Clermont Foot,0.0,0.0,0.0,0.0,0.0,0.0,0.04,0.7,0.2,0.2,27.8,0.6,0.5,0.0,3.9,932.8,199.4,4.7,83.7,240.2,98.2,0.9,0.8,0.1,1.5,1.1,0.1,0.1,1.8,1.5,45.9,1.6,1.4,0.7,1.4,0.7,0.0,1.5,3.1,0.8,0.6,0.0,0.1,0.5,63.4,20.4,0.6,DM,0
Samuel Moutoussamy,2018-2019,21,Nantes,0.2,0.3,0.1,0.1,0.1,0.1,0.09,1.4,0.22,0.5,34.6,1.1,0.7,0.1,3.3,396.8,89.9,2.8,51.9,132.8,71.4,2.1,1.3,0.6,1.3,1.5,0.2,0.2,2.5,2.0,32.1,0.9,0.6,0.7,1.2,0.9,0.1,0.5,2.4,0.5,0.1,0.0,0.4,0.9,61.5,7.0,2.6,CM,0
Samuel Moutoussamy,2021-2022,24,Nantes,0.1,0.1,0.0,0.1,0.0,0.0,0.13,0.8,0.0,0.4,42.9,0.4,0.5,0.1,3.9,568.5,160.7,3.9,69.7,143.1,65.0,0.8,0.8,0.1,1.3,0.5,0.2,0.2,1.3,1.1,30.3,2.0,0.7,1.4,2.3,0.8,0.1,1.0,3.9,0.9,0.7,0.1,0.4,0.4,50.0,11.5,0.9,CM,0
Sanjin Prcić,2017-2018,23,Rennes,0.1,0.2,0.1,0.0,0.0,0.0,0.03,1.0,0.2,0.3,27.8,0.4,0.6,0.1,6.8,883.0,249.0,10.1,74.4,178.4,99.4,0.9,1.6,0.0,0.7,0.4,0.2,0.2,1.5,1.1,50.0,0.8,0.6,0.5,1.8,1.1,0.3,1.7,3.9,1.2,1.1,0.1,1.4,0.3,50.0,12.6,0.2,CM,0
Sanjin Prcić,2018-2019,24,Strasbourg,0.1,0.3,0.2,0.0,0.1,0.1,0.03,1.3,0.5,0.3,26.7,1.6,0.9,0.3,8.9,1177.7,337.4,17.1,75.0,230.0,126.2,1.6,1.3,0.1,0.8,0.6,0.1,0.0,3.8,2.5,57.9,0.9,0.3,0.7,0.9,1.9,0.7,1.5,3.2,4.3,2.1,0.1,2.2,3.8,80.0,13.8,0.4,CM,0
Sanjin Prcić,2021-2022,27,Strasbourg,0.0,0.0,0.0,0.1,0.1,0.1,0.03,1.9,0.09,0.5,23.9,0.9,1.0,0.1,6.7,944.5,261.4,10.7,72.0,183.2,81.8,0.8,1.4,0.1,0.8,0.4,0.2,0.2,2.6,1.9,50.0,1.0,0.4,0.6,0.6,0.7,0.1,1.9,3.9,2.8,1.7,0.2,1.0,2.0,53.3,14.8,0.4,CM,0
Seko Fofana,2020-2021,25,Lens,0.1,0.2,0.1,0.1,0.1,0.1,0.07,1.6,0.17,0.5,30.0,0.9,0.6,0.0,4.7,634.5,119.6,3.5,74.2,229.7,111.1,2.9,2.3,0.6,1.9,1.2,0.3,0.2,2.3,1.8,68.8,0.8,0.8,0.2,0.9,0.6,0.2,1.3,1.9,0.5,0.2,0.0,0.5,0.7,55.4,8.5,2.1,CM,0
Seko Fofana,2021-2022,26,Lens,0.0,0.2,0.2,0.2,0.1,0.1,0.07,2.6,0.25,0.9,33.0,1.1,1.0,0.2,4.8,638.6,127.6,3.5,74.0,279.2,137.8,3.5,2.5,0.8,2.3,1.3,0.2,0.2,3.2,2.4,53.6,0.7,1.2,0.3,1.2,0.6,0.1,0.7,1.4,0.3,0.2,0.1,0.6,1.1,64.2,7.2,2.8,CM,0
Sidy Sarr,2019-2020,23,Nîmes,0.2,0.2,0.0,0.1,0.1,0.1,0.07,1.7,0.0,0.5,27.3,0.8,0.5,0.1,4.5,540.7,156.4,6.6,58.8,97.3,50.1,0.5,0.5,0.0,1.2,0.5,0.2,0.2,1.9,1.6,65.5,2.5,0.6,0.8,1.8,1.0,0.2,1.2,3.9,0.8,0.7,0.0,0.9,0.2,64.3,12.3,2.3,DM,0
Somália,2017-2018,28,Toulouse,0.0,0.0,0.0,0.1,0.1,0.1,0.06,1.2,0.14,0.3,26.9,0.9,0.4,0.2,3.1,310.1,99.9,1.9,50.0,187.1,88.8,2.9,2.0,0.7,2.2,1.5,0.0,0.0,2.2,1.5,35.4,1.2,2.3,0.6,1.8,1.5,0.1,1.5,4.5,1.0,0.1,0.1,0.1,1.4,48.1,8.7,1.7,CM,0
Soualiho Meïté,2017-2018,23,2 Teams,0.1,0.2,0.1,0.1,0.1,0.1,0.13,0.7,0.33,0.2,27.3,1.0,0.4,0.1,3.8,613.7,129.2,4.7,65.3,212.5,102.5,2.3,1.6,0.2,1.7,2.2,0.3,0.3,2.5,1.9,60.4,1.4,1.5,0.7,1.6,1.4,0.4,1.6,3.3,1.3,1.2,0.4,0.6,0.6,70.0,10.8,1.5,DM,1
Stef Peeters,2017-2018,25,Caen,0.2,0.2,0.0,0.1,0.2,0.2,0.11,1.3,0.0,0.5,37.5,2.5,0.7,0.0,5.9,537.6,231.9,11.6,40.6,127.5,66.6,1.6,1.1,0.2,1.5,1.1,0.3,0.2,4.1,2.1,50.0,1.9,0.4,0.5,2.0,1.4,0.2,0.6,2.4,8.3,3.2,0.2,0.7,7.8,63.6,7.9,1.7,CM,0
Tanguy Ndombele,2017-2018,20,2 Teams,0.2,0.2,0.0,0.1,0.2,0.1,0.05,1.1,0.0,0.2,16.1,1.7,1.0,0.1,6.8,809.5,234.1,4.4,77.0,263.7,139.7,2.8,2.1,0.3,2.2,1.9,0.4,0.3,4.3,3.0,66.7,1.2,2.6,0.4,1.1,2.0,0.3,1.4,3.8,1.1,0.8,0.5,0.3,0.3,76.4,10.1,1.1,CM,1
Tanguy Ndombele,2018-2019,21,Lyon,0.2,0.3,0.0,0.1,0.1,0.1,0.06,1.0,0.14,0.2,22.6,1.6,1.0,0.0,8.9,948.7,311.8,4.4,80.2,291.2,163.7,2.7,2.7,0.1,1.9,1.7,0.6,0.5,4.1,3.4,60.0,1.4,2.4,0.7,1.1,1.0,0.3,1.0,3.2,1.4,1.0,0.7,0.3,0.2,72.7,9.7,0.8,CM,1
Tanguy Ndombele,2021-2022,24,Lyon,0.3,0.3,0.0,0.0,0.2,0.2,0.05,0.6,,0.0,0.0,1.2,1.2,0.1,7.2,975.5,320.8,5.9,73.9,299.4,142.3,1.7,2.1,0.4,2.6,1.5,0.3,0.3,2.6,2.4,60.0,1.7,2.4,1.5,0.9,1.0,0.4,0.4,3.6,3.2,3.1,0.5,0.3,0.3,66.7,14.1,1.8,CM,0
Theo Valls,2018-2019,22,Nîmes,0.0,0.0,0.0,0.1,0.1,0.0,0.06,1.1,0.0,0.2,19.0,1.0,0.3,0.1,3.9,452.2,139.4,3.4,58.2,109.8,56.3,1.1,0.8,0.1,1.0,0.7,0.1,0.0,2.4,2.1,44.9,1.0,0.6,0.8,1.4,0.9,0.2,1.1,3.0,1.2,0.5,0.0,0.4,1.0,53.8,9.1,0.9,CM,0
Theo Valls,2019-2020,23,Nîmes,0.1,0.1,0.1,0.1,0.1,0.1,0.04,1.4,0.14,0.4,28.0,1.4,0.6,0.2,4.8,523.1,159.9,5.8,59.0,122.4,65.7,1.6,0.7,0.2,1.6,0.7,0.1,0.1,2.5,1.9,46.2,0.7,1.3,0.9,1.9,0.9,0.0,0.7,2.9,2.6,1.5,0.0,0.7,2.3,65.0,8.0,1.1,CM,0
Thiago Maia,2017-2018,20,Lille,0.0,0.0,0.0,0.0,0.0,0.0,0.04,0.5,0.0,0.1,13.3,0.5,0.5,0.0,6.9,940.2,306.1,8.1,68.6,222.9,109.6,1.6,1.1,0.1,1.5,1.3,0.1,0.1,1.8,1.6,46.3,1.2,0.8,0.5,1.7,1.2,0.4,2.2,4.2,2.5,1.3,0.1,0.3,0.3,78.8,18.5,0.6,DM,0
Thiago Maia,2018-2019,21,Lille,0.1,0.1,0.0,0.0,0.0,0.0,0.26,0.2,0.0,0.1,50.0,0.7,0.4,0.1,6.3,771.1,233.4,6.7,69.7,146.0,71.4,0.6,0.7,0.0,1.2,0.9,0.1,0.1,1.8,1.5,43.8,1.6,1.2,1.1,1.8,1.2,0.4,2.0,4.8,1.0,0.9,0.1,0.1,0.2,66.7,13.1,0.4,DM,0
Thiago Mendes,2017-2018,25,Lille,0.2,0.3,0.1,0.1,0.1,0.1,0.06,1.8,0.2,0.6,33.3,1.7,0.8,0.0,6.4,731.2,218.5,6.7,64.7,220.6,105.4,2.2,3.0,0.4,2.6,1.6,0.4,0.2,3.5,2.7,60.0,1.5,1.8,0.2,0.7,0.8,0.1,1.0,2.0,3.1,1.1,0.2,0.5,1.2,81.3,8.0,1.4,DM,1
Thiago Mendes,2018-2019,26,Lille,0.1,0.1,0.0,0.0,0.1,0.1,0.05,0.9,0.0,0.1,12.5,1.8,0.4,0.1,6.8,887.5,302.7,11.3,53.4,188.7,99.2,1.1,1.4,0.0,1.1,0.8,0.3,0.1,3.3,1.9,40.0,1.1,1.9,1.1,0.9,1.3,0.3,2.0,4.5,6.1,3.0,0.2,0.5,4.0,65.1,12.3,0.3,DM,0
Thiago Mendes,2019-2020,27,Lyon,0.3,0.3,0.0,0.1,0.1,0.1,0.05,1.3,0.0,0.1,11.5,1.1,0.9,0.1,6.4,851.8,246.5,7.6,66.2,157.4,72.4,0.7,1.0,0.0,1.3,1.1,0.4,0.4,2.2,1.9,59.1,1.0,0.9,1.0,1.2,1.0,0.3,2.3,4.4,1.9,1.3,0.2,0.6,0.4,57.1,12.7,0.2,DM,0
Thiago Mendes,2020-2021,28,Lyon,0.0,0.0,0.0,0.0,0.1,0.1,0.04,0.9,0.0,0.3,30.4,1.0,0.9,0.1,7.2,905.9,316.2,8.3,71.5,162.4,75.8,0.8,0.8,0.0,1.1,0.6,0.2,0.2,2.4,2.2,55.6,1.0,0.9,0.7,0.8,1.3,0.3,1.6,3.0,1.8,1.6,0.1,0.7,0.5,65.2,13.5,0.7,DM,0
Thomas Monconduit,2017-2018,26,Amiens,0.1,0.1,0.0,0.0,0.1,0.1,0.03,0.8,0.25,0.1,14.8,0.7,0.6,0.1,5.0,585.7,190.7,5.7,64.2,132.0,65.6,1.0,1.0,0.1,1.3,0.9,0.2,0.2,1.7,1.4,61.7,2.0,1.4,1.0,1.6,1.6,0.5,1.7,4.2,1.4,1.1,0.3,0.6,0.4,71.2,12.1,0.3,DM,0
Thomas Monconduit,2018-2019,27,Amiens,0.0,0.0,0.0,0.0,0.1,0.1,0.03,0.5,0.0,0.2,29.4,1.0,0.5,0.0,6.4,647.1,228.4,6.7,63.2,150.5,78.2,0.8,1.4,0.1,1.1,0.8,0.1,0.0,2.4,1.9,57.1,1.7,1.3,0.8,1.2,1.5,0.5,1.1,3.6,2.3,1.6,0.2,0.6,0.4,63.0,12.6,0.4,DM,0
Thomas Monconduit,2019-2020,28,Amiens,0.0,0.0,0.0,0.0,0.0,0.0,0.06,0.7,0.0,0.1,18.2,0.7,0.2,0.0,5.6,647.0,242.9,8.9,54.1,143.6,71.3,0.8,1.1,0.1,1.4,1.0,0.0,0.0,1.5,0.8,54.8,2.1,1.4,0.6,1.1,0.7,0.3,0.7,2.4,4.8,2.7,0.3,0.6,1.8,78.9,9.2,0.5,DM,0
Tiemoué Bakayoko,2019-2020,24,Monaco,0.1,0.2,0.1,0.1,0.1,0.0,0.09,1.3,0.14,0.4,29.2,0.5,0.6,0.0,5.9,677.6,195.3,4.3,78.0,199.4,90.8,1.6,0.9,0.4,1.6,1.6,0.2,0.2,2.0,1.3,72.5,1.8,3.0,1.5,1.3,0.6,0.2,1.5,4.0,1.3,1.3,0.2,0.2,0.5,63.2,10.7,1.5,DM,1
Tom Lacoux,2021-2022,19,Bordeaux,0.0,0.0,0.0,0.0,0.0,0.0,0.01,0.2,,0.0,0.0,0.3,0.0,0.0,2.7,527.9,176.1,4.8,58.3,117.2,48.7,0.8,0.7,0.0,1.8,0.8,0.3,0.1,1.3,0.8,21.1,1.8,0.6,0.9,1.5,1.4,0.4,0.9,2.7,6.0,0.2,0.3,0.9,0.7,57.1,17.9,0.1,DM,0
Toma Bašić,2018-2019,21,Bordeaux,0.0,0.1,0.1,0.1,0.1,0.1,0.06,1.4,0.29,0.5,35.0,1.4,0.3,0.1,4.3,579.8,168.5,8.2,55.4,165.6,72.8,1.4,1.1,0.1,1.9,1.2,0.1,0.1,2.4,1.4,52.5,1.6,1.6,0.7,1.4,0.9,0.1,0.6,2.8,4.4,2.2,0.1,0.5,3.1,60.0,7.4,0.7,CM,0
Toma Bašić,2019-2020,22,Bordeaux,0.3,0.4,0.1,0.1,0.2,0.2,0.05,1.5,0.25,0.4,23.5,2.1,0.6,0.0,7.0,775.7,214.1,8.8,54.6,203.4,110.5,1.7,1.5,0.2,2.8,1.3,0.4,0.1,3.2,2.0,69.2,1.2,1.3,1.1,1.4,1.3,0.2,0.8,3.2,4.7,1.9,0.3,0.4,4.3,70.4,9.4,0.4,CM,1
Toma Bašić,2020-2021,23,Bordeaux,0.0,0.2,0.1,0.2,0.1,0.1,0.1,1.6,0.24,0.6,37.8,0.9,0.6,0.1,3.8,643.9,157.4,6.7,57.5,164.4,68.7,1.1,0.8,0.1,1.6,0.8,0.1,0.0,2.0,1.1,45.5,1.5,1.1,0.6,1.5,0.7,0.2,1.1,2.2,2.0,1.1,0.0,0.4,2.2,74.2,10.7,1.0,CM,1
Tristan Dingomé,2017-2018,26,Troyes,0.0,0.0,0.0,0.0,0.1,0.1,0.03,0.4,0.0,0.2,40.0,1.1,0.9,0.2,5.1,647.6,207.0,6.3,63.1,117.5,56.3,0.9,0.8,0.1,0.6,1.0,0.2,0.2,2.0,1.9,41.2,1.1,0.6,0.4,0.6,0.9,0.0,0.9,2.8,0.7,0.3,0.2,0.2,1.6,66.7,11.9,0.5,CM,0
Tristan Dingomé,2018-2019,27,Reims,0.2,0.3,0.1,0.0,0.2,0.1,0.05,0.5,0.33,0.2,37.5,1.8,1.3,0.1,6.2,498.5,134.0,4.8,58.3,92.3,37.4,0.5,0.7,0.1,1.7,1.1,0.4,0.4,3.2,2.9,30.4,1.9,0.8,0.5,1.1,1.1,0.2,0.7,2.5,0.6,0.1,0.5,0.3,0.7,39.1,7.6,1.0,CM,0
Tristan Dingomé,2019-2020,28,Reims,0.1,0.1,0.0,0.0,0.1,0.1,0.05,0.9,0.0,0.1,11.1,1.2,1.3,0.0,5.1,454.8,99.7,4.2,59.5,70.9,19.3,0.1,0.3,0.0,2.1,1.1,0.3,0.3,3.0,2.5,25.0,2.0,1.0,0.2,1.0,0.6,0.0,0.6,1.6,1.6,0.3,0.5,0.2,1.7,60.0,5.1,1.5,CM,0
Valentín Vada,2017-2018,21,Bordeaux,0.1,0.3,0.2,0.1,0.0,0.1,0.07,1.3,0.5,0.4,33.3,0.7,0.8,0.2,6.2,786.7,201.9,6.8,55.4,228.7,105.4,2.2,2.1,0.2,2.3,0.9,0.1,0.1,2.1,1.6,33.3,1.7,2.1,0.8,2.5,0.8,0.1,0.6,2.9,6.4,2.6,0.2,0.8,3.6,60.0,9.6,1.4,CM,0
Valentin Rongier,2017-2018,22,Nantes,0.1,0.1,0.0,0.1,0.1,0.1,0.07,1.1,0.17,0.2,21.4,1.1,0.7,0.1,5.9,693.7,183.6,4.7,74.2,163.0,71.2,1.1,1.6,0.3,1.4,2.0,0.2,0.2,3.3,2.7,46.6,1.5,0.8,0.7,1.8,1.6,0.2,1.5,4.3,2.1,0.7,0.2,0.5,0.3,70.0,9.0,1.2,CM,1
Valentin Rongier,2018-2019,23,Nantes,0.1,0.3,0.1,0.1,0.2,0.1,0.06,2.0,0.2,0.4,21.1,2.4,1.2,0.1,6.5,761.8,228.3,7.8,71.2,185.7,88.9,2.0,1.6,0.2,1.8,1.1,0.3,0.2,4.9,3.2,43.2,1.2,0.8,0.7,1.1,1.3,0.2,0.9,3.3,4.8,2.4,0.2,0.7,2.9,66.1,8.2,1.5,CM,1
Valentin Rongier,2019-2020,24,2 Teams,0.1,0.1,0.0,0.1,0.1,0.1,0.05,1.7,0.0,0.4,25.0,1.6,0.4,0.0,5.3,854.0,188.1,5.9,74.8,230.4,109.0,1.9,1.4,0.3,1.7,1.0,0.1,0.1,3.0,2.4,60.5,1.7,0.9,1.1,1.9,1.5,0.2,1.7,5.2,1.5,1.0,0.1,0.7,0.6,88.2,10.9,1.6,CM,1
Valentin Rongier,2020-2021,25,Marseille,0.1,0.1,0.0,0.0,0.0,0.1,0.04,0.8,0.17,0.3,35.3,0.6,0.4,0.1,5.2,848.3,209.3,4.6,67.0,195.2,96.0,1.4,1.1,0.1,1.6,0.3,0.3,0.3,2.1,1.6,53.2,2.1,1.1,2.1,2.0,1.5,0.1,1.3,5.8,1.1,0.8,0.1,0.5,0.1,68.4,16.3,0.7,CM,1
Valentin Rongier,2021-2022,26,Marseille,0.0,0.0,0.0,0.1,0.1,0.1,0.09,1.1,0.0,0.4,32.1,0.7,0.9,0.1,8.0,1130.2,291.7,5.2,78.7,317.1,159.7,2.1,2.3,0.2,1.1,0.6,0.2,0.2,2.4,1.9,41.3,1.4,1.1,1.1,1.3,1.1,0.2,1.4,4.5,6.7,1.4,0.2,0.5,0.3,63.8,18.7,1.0,CM,1
Valon Berisha,2020-2021,27,Reims,0.2,0.2,0.0,0.1,0.1,0.1,0.05,1.1,0.0,0.2,14.3,1.4,1.0,0.1,7.1,875.4,220.9,11.2,69.8,194.0,112.8,2.6,1.7,0.2,1.5,0.7,0.4,0.3,3.1,2.6,40.9,0.8,0.9,0.6,2.0,0.8,0.1,1.4,3.6,5.1,2.4,0.0,1.1,3.4,58.8,10.7,1.3,LM,0
Victorien Angban,2019-2020,22,Metz,0.0,0.0,0.0,0.0,0.0,0.0,0.03,0.3,,0.0,0.0,0.3,0.3,0.0,6.1,794.3,201.0,5.1,72.4,232.4,120.8,2.2,1.8,0.2,1.6,1.5,0.0,0.0,1.1,1.0,47.1,1.6,2.3,1.0,1.1,0.8,0.2,0.7,2.7,2.0,1.5,0.0,0.5,0.3,71.4,8.7,0.3,CM,0
Victorien Angban,2020-2021,23,Metz,0.1,0.1,0.0,0.0,0.0,0.0,0.08,0.3,0.0,0.1,16.7,0.6,0.3,0.1,4.8,767.3,214.3,6.4,79.7,161.5,75.0,1.1,1.0,0.1,1.2,1.6,0.1,0.1,1.3,1.2,41.9,1.5,1.5,0.9,1.3,0.9,0.2,1.0,3.0,1.0,0.8,0.0,0.5,0.5,67.7,10.4,0.5,CM,0
Vincent Koziello,2017-2018,21,Nice,0.0,0.0,0.0,0.0,0.0,0.1,0.05,0.4,0.0,0.1,25.0,0.8,0.1,0.0,4.9,1061.5,251.0,5.7,94.1,216.5,108.4,1.3,1.0,0.2,1.3,1.2,0.0,0.0,1.9,1.6,18.8,1.2,1.4,0.6,1.2,0.9,0.3,2.1,3.9,1.9,1.6,0.1,0.3,0.0,66.7,14.9,0.6,CM,0
Vincent Pajot,2017-2018,26,Saint-Étienne,0.1,0.3,0.1,0.1,0.1,0.1,0.07,1.4,0.4,0.3,25.0,0.7,0.3,0.0,4.0,522.1,139.5,4.1,72.9,79.9,32.6,0.9,0.6,0.1,0.8,0.6,0.2,0.2,1.3,1.2,60.0,2.5,1.3,0.2,1.0,1.5,0.6,1.7,3.3,1.3,0.8,0.1,0.4,0.4,57.1,11.6,1.8,DM,0
Vincent Pajot,2018-2019,27,Angers,0.0,0.0,0.0,0.1,0.1,0.1,0.07,1.6,,0.0,0.0,0.5,0.9,0.0,3.8,491.0,136.1,2.7,81.0,85.0,32.4,0.8,0.1,0.1,0.8,0.3,0.0,0.0,1.4,1.0,59.6,2.4,1.5,0.5,1.3,1.1,0.0,1.0,3.3,1.9,1.6,0.1,0.0,0.0,33.3,6.6,1.8,DM,0
Vincent Pajot,2019-2020,28,2 Teams,0.6,0.6,0.0,0.1,0.2,0.0,0.04,1.3,0.0,0.3,22.2,1.9,0.4,0.0,2.7,557.5,122.6,4.3,76.7,134.9,65.2,2.1,0.3,0.4,1.3,1.0,0.4,0.1,2.4,1.4,47.6,2.1,0.6,0.4,0.3,1.1,0.1,2.0,4.6,4.4,2.3,0.1,0.4,1.9,33.3,10.3,1.3,DM,0
Wylan Cyprien,2017-2018,22,Nice,0.2,0.4,0.2,0.1,0.2,0.1,0.06,1.9,0.5,0.4,20.0,1.5,0.6,0.0,4.8,1170.5,384.4,11.1,60.7,153.5,81.8,0.8,0.5,0.2,1.4,1.1,0.4,0.2,2.9,1.4,75.0,0.4,1.7,0.2,0.9,0.7,0.1,1.0,1.9,5.6,1.2,0.2,0.7,4.7,71.4,25.6,0.8,CM,0
Wylan Cyprien,2018-2019,23,Nice,0.0,0.2,0.1,0.1,0.2,0.1,0.07,1.9,0.16,0.7,37.3,2.4,0.5,0.0,7.5,1157.0,354.4,13.0,62.3,173.1,92.5,1.1,0.7,0.1,1.2,0.9,0.2,0.2,4.2,2.1,50.0,0.8,1.8,0.6,1.1,0.8,0.2,0.4,1.9,7.8,3.5,0.3,0.9,5.0,63.3,14.5,0.6,CM,0
Wylan Cyprien,2019-2020,24,Nice,0.2,0.5,0.1,0.1,0.2,0.2,0.05,2.7,0.14,0.7,26.4,1.9,0.4,0.2,7.9,1049.7,301.5,12.3,59.1,163.7,103.8,1.2,1.0,0.1,0.9,0.8,0.7,0.3,4.3,2.2,58.3,0.7,1.6,0.4,1.0,0.4,0.1,1.0,1.8,7.5,3.4,0.1,0.6,4.9,60.9,14.8,0.8,CM,0
Wylan Cyprien,2021-2022,26,Nantes,0.2,0.3,0.1,0.0,0.2,0.1,0.04,1.2,0.25,0.5,40.0,1.9,1.0,0.1,5.8,828.5,243.4,10.0,63.0,174.1,77.3,0.5,0.8,0.0,0.9,1.0,0.5,0.2,3.7,2.1,27.8,1.1,1.0,0.8,1.1,1.0,0.4,0.6,2.6,5.8,2.4,0.2,0.6,4.2,71.4,11.9,0.7,CM,0
Xavier Chavalerin,2018-2019,27,Reims,0.1,0.1,0.1,0.0,0.1,0.1,0.05,0.6,0.29,0.2,31.8,1.3,0.6,0.2,4.1,617.1,207.5,9.4,54.6,109.5,50.0,0.7,0.6,0.1,0.8,0.5,0.1,0.1,2.2,1.5,30.3,1.3,0.3,0.8,1.2,1.2,0.3,2.0,4.9,3.7,1.9,0.2,0.8,3.0,74.2,14.9,0.4,CM,0
Xavier Chavalerin,2019-2020,28,Reims,0.1,0.2,0.0,0.0,0.1,0.1,0.04,0.9,0.33,0.1,14.3,1.8,1.0,0.3,4.7,664.8,226.8,10.0,52.9,106.5,48.2,0.7,0.7,0.2,1.4,0.4,0.2,0.1,3.0,1.8,37.9,1.7,0.4,0.8,1.3,1.0,0.3,1.5,4.5,5.2,2.5,0.1,0.8,4.5,59.1,14.4,0.7,CM,0
Xeka,2017-2018,22,2 Teams,0.2,0.3,0.1,0.2,0.1,0.1,0.07,2.2,0.2,0.6,29.4,1.5,0.6,0.0,4.1,670.0,173.5,9.1,60.1,182.4,76.5,1.2,0.9,0.2,1.9,1.6,0.3,0.1,3.5,2.1,36.8,2.0,1.9,0.6,1.8,0.9,0.1,1.1,2.7,3.5,1.6,0.6,1.0,2.2,57.7,11.9,2.3,CM,1
Xeka,2018-2019,23,Lille,0.0,0.1,0.1,0.1,0.0,0.0,0.05,1.4,0.18,0.4,32.4,0.5,0.2,0.0,4.5,696.1,186.0,7.1,57.0,191.2,99.0,1.6,1.0,0.0,1.3,0.6,0.1,0.0,1.4,1.0,51.4,2.2,1.1,0.7,1.6,0.8,0.1,0.8,3.2,1.5,0.8,0.2,0.8,1.0,50.0,10.2,0.7,CM,1
Xeka,2019-2020,24,Lille,0.0,0.0,0.0,0.2,0.1,0.1,0.13,1.1,0.0,0.4,33.3,1.0,0.3,0.0,7.5,831.8,222.1,7.1,75.0,212.1,108.4,2.2,0.4,0.0,1.4,0.4,0.1,0.0,2.7,2.2,45.2,2.0,1.1,1.1,2.5,1.4,0.1,0.5,2.8,1.3,1.3,0.1,1.3,0.8,66.7,7.4,2.3,CM,0
Xeka,2020-2021,25,Lille,0.1,0.2,0.1,0.1,0.2,0.1,0.05,1.4,0.2,0.4,27.8,1.4,0.7,0.1,6.2,1016.2,253.5,8.2,76.4,243.2,114.2,1.5,1.2,0.1,1.4,0.2,0.4,0.2,3.5,2.4,45.7,2.1,2.0,1.2,2.0,1.0,0.1,1.5,4.0,3.2,2.4,0.4,1.4,1.6,46.2,11.3,1.0,CM,0
Xeka,2021-2022,26,Lille,0.0,0.2,0.2,0.1,0.1,0.1,0.07,1.2,0.6,0.3,22.7,0.8,0.3,0.0,4.1,681.6,189.6,7.8,56.7,161.7,67.9,0.7,0.7,0.1,1.7,0.9,0.2,0.0,1.7,1.1,47.8,1.8,0.9,1.5,1.6,1.3,0.2,1.3,3.9,4.2,2.6,0.3,0.7,1.9,41.7,12.7,0.8,CM,0
Yacine Adli,2019-2020,19,Bordeaux,0.3,0.5,0.3,0.1,0.2,0.1,0.04,1.5,0.5,0.5,35.3,1.7,0.4,0.0,5.7,656.2,162.8,6.7,57.9,233.5,125.1,3.4,2.7,0.3,2.4,2.1,0.6,0.3,4.0,2.6,43.5,1.1,1.6,1.0,2.0,0.9,0.0,0.7,2.6,3.4,1.5,0.5,0.2,3.4,54.2,6.2,1.0,CM,0
Yacine Adli,2020-2021,20,Bordeaux,0.2,0.3,0.1,0.1,0.2,0.1,0.08,0.9,0.22,0.3,37.5,2.0,0.7,0.1,7.0,904.8,257.1,9.3,66.5,222.9,116.2,2.0,1.9,0.4,1.6,1.5,0.4,0.3,3.9,2.9,50.0,1.5,1.4,1.3,2.1,1.0,0.1,1.5,4.2,2.4,1.5,0.2,0.9,2.0,63.3,13.0,0.9,CM,0
Yacine Adli,2021-2022,21,Bordeaux,0.3,0.3,0.0,0.1,0.2,0.2,0.06,1.3,0.07,0.6,46.9,2.3,1.4,0.2,6.5,697.1,240.8,11.1,56.3,230.2,106.1,2.6,2.0,0.7,2.3,1.9,0.7,0.5,4.8,3.2,38.7,0.8,1.1,0.8,2.0,1.3,0.1,1.5,3.2,5.5,1.9,0.4,1.2,4.5,57.5,10.6,1.8,CM,1
Yann M'Vila,2017-2018,27,Saint-Étienne,0.0,0.0,0.0,0.0,0.0,0.0,0.04,0.2,,0.0,0.0,0.2,0.5,0.1,8.5,1336.9,423.2,13.1,77.3,205.7,97.8,0.9,0.7,0.0,0.6,0.5,0.0,0.0,0.9,0.9,57.6,0.5,1.2,0.4,1.0,0.8,0.1,1.9,3.5,2.0,1.7,0.1,1.4,0.4,83.3,22.5,0.1,DM,0
Yann M'Vila,2018-2019,28,Saint-Étienne,0.0,0.0,0.0,0.0,0.0,0.0,0.03,0.4,0.0,0.1,14.3,0.7,0.4,0.0,6.3,1080.2,359.7,12.0,72.7,150.3,57.4,0.2,0.4,0.0,0.6,0.5,0.2,0.2,1.9,1.6,52.4,0.6,0.9,0.8,1.2,1.2,0.3,2.0,4.0,1.9,1.8,0.2,1.8,0.2,78.6,20.8,0.1,DM,0
Yohann Magnin,2021-2022,24,Clermont Foot,0.0,0.1,0.1,0.1,0.0,0.0,0.06,1.0,0.33,0.2,15.8,0.4,0.8,0.1,4.1,613.4,177.5,5.5,56.7,170.3,64.2,0.4,0.5,0.1,1.4,0.7,0.1,0.1,1.4,1.2,48.0,1.1,1.3,1.3,0.9,0.9,0.4,1.0,3.8,0.5,0.5,0.0,0.4,0.6,53.3,18.2,1.6,DM,0
Younousse Sankharé,2017-2018,27,Bordeaux,0.0,0.4,0.3,0.3,0.1,0.1,0.14,1.9,0.5,0.7,35.9,1.0,0.5,0.1,5.5,521.2,166.4,3.1,63.1,186.0,103.9,1.9,1.1,0.1,1.0,1.1,0.1,0.1,2.6,2.0,50.9,1.6,1.7,0.2,1.4,0.7,0.2,1.0,2.6,0.9,0.7,0.2,0.1,0.2,61.8,7.3,2.0,CM,0
Younousse Sankharé,2018-2019,28,Bordeaux,0.2,0.2,0.1,0.1,0.1,0.0,0.12,1.0,0.33,0.2,17.6,1.1,0.5,0.1,4.3,409.1,133.0,2.9,38.3,136.7,81.6,1.8,1.6,0.2,1.7,1.2,0.2,0.2,2.4,2.0,48.5,2.2,2.1,0.4,0.8,0.9,0.0,0.5,2.1,0.9,0.5,0.2,0.2,0.1,59.2,5.4,1.5,CM,0
Youri Tielemans,2017-2018,20,Monaco,0.1,0.1,0.0,0.1,0.1,0.1,0.05,1.4,0.0,0.7,48.0,1.0,0.3,0.0,6.3,671.8,210.4,5.9,68.9,158.0,85.8,1.7,1.5,0.4,1.1,1.0,0.4,0.2,3.3,2.2,53.3,2.0,1.5,1.0,2.2,1.4,0.3,2.0,4.6,1.5,0.9,0.5,0.5,1.4,55.8,8.9,1.5,CM,1
Youri Tielemans,2018-2019,21,Monaco,0.1,0.3,0.2,0.1,0.1,0.1,0.05,1.8,0.67,0.3,17.6,1.0,0.7,0.2,7.8,729.9,252.4,9.3,54.0,174.6,106.5,2.0,1.6,0.1,1.4,1.0,0.2,0.2,2.6,2.0,61.4,1.2,1.7,1.3,1.2,1.1,0.2,1.0,3.4,5.0,2.8,0.3,0.7,2.9,51.4,11.7,0.9,CM,1
Youssef Aït Bennasser,2017-2018,21,Caen,0.0,0.0,0.0,0.0,0.0,0.0,0.03,1.0,0.0,0.1,13.0,0.5,0.3,0.0,7.8,825.5,258.0,9.4,71.8,205.6,114.4,1.6,1.1,0.1,0.8,1.5,0.0,0.0,2.3,1.8,41.8,0.9,1.1,0.7,2.2,1.5,0.1,1.4,3.5,0.7,0.4,0.2,1.1,0.5,84.3,13.1,0.2,DM,0
Youssef Aït Bennasser,2018-2019,22,2 Teams,0.1,0.1,0.0,0.0,0.1,0.0,0.03,0.7,0.0,0.1,13.3,0.9,0.6,0.1,6.9,1016.7,283.4,9.0,76.2,204.0,114.4,1.2,1.0,0.0,0.8,0.6,0.2,0.2,2.1,2.0,41.2,0.9,0.9,1.2,1.4,1.3,0.3,1.5,4.1,1.5,1.2,0.3,0.8,0.3,76.7,17.5,0.1,DM,0
Youssouf Fofana,2018-2019,19,Strasbourg,0.1,0.3,0.2,0.1,0.1,0.0,0.1,1.2,0.67,0.3,25.0,0.6,0.5,0.1,2.7,445.2,97.6,4.5,54.3,166.1,94.4,2.1,2.7,0.3,2.9,0.9,0.2,0.2,1.7,1.1,41.7,1.7,0.9,0.9,1.8,0.7,0.0,1.1,3.8,1.2,0.5,0.2,0.3,0.6,64.0,9.4,0.9,DM,1
Youssouf Fofana,2019-2020,20,2 Teams,0.1,0.2,0.1,0.1,0.1,0.1,0.05,1.2,0.17,0.3,28.6,0.7,0.5,0.1,5.7,640.1,174.3,5.2,72.0,198.2,117.4,2.6,2.2,0.3,1.8,1.3,0.1,0.1,2.0,1.4,61.0,1.3,0.7,1.2,1.3,1.3,0.1,1.2,3.5,0.3,0.1,0.2,0.4,0.8,41.7,11.0,1.1,DM,1
Youssouf Fofana,2020-2021,21,Monaco,0.1,0.1,0.0,0.0,0.1,0.1,0.04,1.1,0.0,0.1,11.1,0.9,0.9,0.2,5.9,812.3,217.5,7.6,63.2,183.9,92.9,1.8,1.6,0.1,1.4,0.8,0.3,0.2,2.2,1.6,52.8,1.5,1.0,1.3,1.3,1.3,0.2,1.1,3.9,1.7,1.1,0.1,0.6,1.2,52.5,12.1,0.4,DM,1
Youssouf Fofana,2021-2022,22,Monaco,0.2,0.2,0.0,0.0,0.1,0.1,0.04,1.2,0.0,0.2,20.0,0.8,0.9,0.1,6.0,621.2,193.0,6.7,46.9,199.4,102.6,1.8,1.7,0.2,1.6,1.4,0.3,0.3,2.2,1.8,58.3,1.4,1.0,1.2,1.1,1.2,0.3,1.3,4.2,0.9,0.9,0.8,0.7,0.2,64.5,9.8,0.7,DM,1
Yvan Neyou,2020-2021,23,Saint-Étienne,0.1,0.1,0.0,0.0,0.1,0.1,0.04,1.1,0.14,0.3,24.1,0.6,0.3,0.1,4.4,670.6,171.3,4.6,66.9,201.2,103.3,1.7,1.1,0.1,1.1,0.6,0.1,0.1,1.7,1.3,65.0,1.7,1.7,0.9,1.3,1.3,0.2,1.1,3.3,1.0,0.9,0.0,0.6,0.4,82.4,13.5,0.8,DM,0
Yvan Neyou,2021-2022,24,Saint-Étienne,0.0,0.0,0.0,0.0,0.0,0.0,0.02,0.6,0.0,0.2,33.3,0.7,0.3,0.0,3.7,669.5,170.9,5.2,66.7,151.6,65.6,0.8,0.8,0.0,1.0,0.8,0.0,0.0,1.8,1.4,42.9,1.6,1.9,0.9,1.7,0.8,0.3,2.2,5.0,1.5,1.1,0.1,0.4,0.4,63.6,15.5,0.1,DM,0
Yves Bissouma,2017-2018,20,Lille,0.1,0.2,0.1,0.1,0.0,0.1,0.06,2.4,0.33,0.3,14.6,0.6,0.4,0.0,6.5,826.2,241.8,6.3,73.6,311.7,169.7,3.7,2.5,0.4,1.6,1.0,0.2,0.1,2.7,1.8,66.7,2.1,0.6,1.1,1.2,0.7,0.1,1.8,5.7,3.5,1.1,0.5,0.3,0.5,73.3,15.0,1.3,DM,1
Zaydou Youssouf,2019-2020,20,Saint-Étienne,0.0,0.0,0.0,0.1,0.1,0.0,0.08,0.7,0.0,0.2,25.0,0.8,0.3,0.0,3.8,673.6,154.5,9.1,64.2,207.8,95.2,1.3,1.3,0.0,1.4,1.3,0.2,0.2,2.1,1.5,45.0,1.3,2.3,1.3,1.7,0.6,0.1,1.3,4.7,0.7,0.6,0.3,1.0,0.7,87.8,10.9,0.4,CM,0
Zaydou Youssouf,2020-2021,21,Saint-Étienne,0.1,0.1,0.1,0.1,0.0,0.0,0.09,1.1,0.25,0.3,26.7,0.7,0.8,0.2,3.5,535.6,138.8,7.9,54.6,178.5,70.7,1.0,1.0,0.1,1.8,1.5,0.3,0.1,1.6,1.2,31.8,1.3,2.8,1.2,1.8,1.1,0.0,1.8,4.0,1.2,1.2,0.0,0.8,1.5,74.2,13.5,0.5,CM,0
Boubacar Kamara,2019-2020,19,Marseille,0.1,0.1,0.0,0.0,0.0,0.0,0.1,0.05,0.07,0.33,0.1,85.7,3.3,0.2,0.0,3.7,825.5,5.1,8.0,191.7,106.9,0.4,0.5,0.0,0.6,0.4,0.2,0.2,0.8,0.6,55.2,1.0,1.2,1.1,1.3,1.1,0.6,1.4,4.2,2.1,2.1,0.1,0.5,0.0,58.3,24.7,0.6,DM,0
Boubacar Kamara,2021-2022,21,Marseille,0.0,0.0,0.0,0.0,0.0,0.1,-0.1,0.05,0.05,0.33,0.1,90.4,6.6,0.6,0.0,6.7,1134.5,5.7,8.1,255.9,113.3,0.8,1.2,0.1,1.0,0.5,0.2,0.1,1.7,1.4,51.9,1.3,1.4,0.8,0.7,0.9,0.3,1.5,3.7,2.8,1.8,0.2,0.6,0.3,61.5,20.8,1.2,DM,0
Boubacar Kamara,2020-2021,20,Marseille,0.1,0.1,0.0,0.0,0.0,0.0,0.04,0.6,0.0,0.2,36.8,0.8,0.5,0.0,6.3,895.2,299.7,7.2,65.2,179.7,92.1,1.3,1.0,0.2,1.2,0.8,0.3,0.2,2.0,1.6,60.0,1.5,1.7,1.2,1.1,1.1,0.4,1.1,3.8,2.5,2.4,0.0,0.7,0.1,63.0,18.6,0.7,DM,0
Chris Philipps,2017-2018,23,Metz,0.0,0.0,0.0,0.0,0.0,0.1,0.0,0.04,0.0,0.0,0.1,78.5,4.2,0.4,0.0,4.2,725.4,5.7,9.6,129.8,53.2,0.4,0.5,0.0,0.7,0.5,0.1,0.1,1.7,1.4,36.8,1.8,0.5,0.5,2.2,1.4,0.5,3.2,5.5,0.6,0.6,0.2,1.0,0.4,50.0,18.1,0.3,DM,0
Otávio,2017-2018,23,Bordeaux,0.0,0.0,0.0,0.0,0.0,0.0,0.03,0.7,0.0,0.1,8.3,0.7,0.4,0.2,4.8,911.6,246.7,9.9,76.7,147.7,67.2,0.7,0.4,0.1,0.4,0.5,0.1,0.1,1.7,1.4,48.4,1.5,0.6,1.2,2.5,1.6,0.2,1.9,5.8,2.1,1.7,0.1,1.6,0.5,94.1,19.2,0.2,DM,0
Otávio,2018-2019,24,Bordeaux,0.1,0.1,0.0,0.0,0.0,0.0,0.04,0.7,0.0,0.1,19.0,0.3,0.3,0.0,4.7,913.9,266.2,6.2,72.2,168.7,72.7,0.6,0.6,0.0,1.0,0.9,0.2,0.1,1.3,1.2,38.3,1.8,0.8,1.5,1.9,1.4,0.3,1.3,5.3,2.3,2.3,0.1,0.3,0.2,69.6,20.1,0.1,DM,0
Otávio,2019-2020,25,Bordeaux,0.1,0.2,0.1,0.0,0.0,0.0,0.03,0.9,0.29,0.3,31.8,0.3,0.3,0.1,3.4,947.7,216.4,6.2,71.2,164.6,73.5,0.5,0.7,0.1,0.7,0.5,0.2,0.2,1.1,0.8,51.4,1.8,1.1,1.4,1.9,1.1,0.4,1.7,4.9,1.7,1.7,0.1,0.3,0.2,81.0,17.1,0.1,DM,0
Otávio,2020-2021,26,Bordeaux,0.0,0.1,0.1,0.0,0.0,0.0,0.07,0.3,0.5,0.1,33.3,0.1,0.0,0.0,3.1,856.1,218.9,5.4,81.9,136.8,56.3,0.5,0.8,0.1,0.3,0.5,0.1,0.1,0.9,0.7,42.9,1.6,0.6,1.5,1.7,1.2,0.3,1.5,4.6,1.0,1.0,0.0,0.7,0.1,62.5,19.6,0.1,DM,0
Otávio,2021-2022,27,Bordeaux,0.0,0.0,0.0,0.0,0.0,0.0,0.03,0.9,0.0,0.2,25.0,0.5,0.3,0.2,3.8,877.8,241.9,7.1,80.0,165.9,74.0,0.3,0.6,0.0,0.7,0.2,0.1,0.1,1.6,1.2,33.3,1.6,0.8,1.3,1.8,0.7,0.2,1.4,4.2,1.3,1.3,0.0,1.0,0.3,60.0,15.6,0.1,DM,0
Pablo Rosario,2021-2022,24,Nice,0.1,0.1,0.0,0.0,0.0,0.0,0.06,0.6,0.0,0.1,15.8,0.7,0.5,0.1,6.1,860.8,221.4,5.5,74.1,174.8,84.9,0.8,1.1,0.0,1.2,0.6,0.2,0.2,1.7,1.6,58.1,1.2,0.7,0.9,1.3,1.1,0.2,1.3,3.2,1.2,1.0,0.0,0.2,0.5,63.3,11.6,0.6,DM,0
Pape Cheikh Diop,2020-2021,22,Dijon,0.0,0.0,0.0,0.0,0.1,0.0,0.05,0.5,,0.0,0.0,0.7,0.3,0.0,4.2,715.6,182.9,4.5,63.6,169.9,85.7,1.2,0.9,0.1,1.7,0.7,0.1,0.0,2.1,1.4,42.9,3.5,2.0,1.1,1.7,1.2,0.2,0.5,2.5,0.8,0.8,0.2,0.3,0.2,82.4,14.5,0.2,CM,0
Pape Gueye,2020-2021,21,Marseille,0.0,0.1,0.1,0.1,0.0,0.0,0.07,0.7,0.5,0.2,23.5,0.3,0.3,0.1,5.7,860.8,219.9,7.0,61.3,194.7,96.1,0.7,0.7,0.0,1.4,0.7,0.2,0.1,1.7,1.4,54.1,2.1,2.0,0.7,1.3,1.1,0.3,2.1,4.2,1.3,1.1,0.0,0.4,0.4,58.3,14.4,0.4,DM,1
Pape Gueye,2021-2022,22,Marseille,0.1,0.1,0.0,0.1,0.0,0.0,0.06,1.8,0.0,0.2,13.3,0.5,0.4,0.0,5.2,867.0,190.2,7.0,73.9,240.3,107.0,1.4,1.5,0.1,1.1,0.9,0.1,0.1,1.7,1.2,61.8,1.7,2.4,0.9,0.9,0.9,0.2,1.4,3.7,0.6,0.4,0.1,0.8,0.2,30.8,12.7,0.7,DM,1
Pape Matar Sarr,2020-2021,18,Metz,0.1,0.2,0.0,0.1,0.1,0.0,0.07,1.3,0.13,0.3,25.8,0.8,0.4,0.0,4.9,622.0,161.7,5.8,65.7,231.7,91.4,1.6,2.2,0.0,1.9,1.1,0.3,0.3,2.6,2.1,49.2,1.4,0.9,0.8,0.9,1.4,0.1,1.2,3.1,1.3,0.8,0.2,0.6,0.2,54.5,11.8,0.6,CM,1
Paul Lasne,2017-2018,28,Montpellier,0.1,0.1,0.0,0.0,0.1,0.1,0.03,1.3,0.08,0.4,26.7,1.1,0.9,0.3,7.1,765.3,224.7,8.5,65.2,202.9,89.0,2.1,1.7,0.3,1.4,0.8,0.2,0.1,2.6,2.1,53.4,1.7,2.1,0.4,1.2,0.6,0.0,1.7,3.7,1.4,0.8,0.3,1.3,1.5,71.1,8.3,0.8,CM,0
Pedro Chirivella,2020-2021,23,Nantes,0.1,0.1,0.0,0.0,0.1,0.1,0.05,0.3,0.0,0.0,12.5,0.7,0.6,0.1,5.8,696.0,200.5,6.6,61.3,141.4,64.1,0.7,0.6,0.0,0.7,0.5,0.2,0.1,1.6,1.4,28.1,0.9,0.6,0.6,1.4,0.9,0.2,1.6,2.6,1.1,0.9,0.1,0.4,0.2,54.5,9.0,0.7,DM,0
Pedro Chirivella,2021-2022,24,Nantes,0.0,0.1,0.1,0.0,0.0,0.0,0.05,0.7,0.5,0.2,28.6,0.9,0.6,0.0,7.4,947.6,252.8,12.0,65.8,159.7,65.6,0.4,0.8,0.1,0.5,0.3,0.1,0.1,2.1,2.0,42.9,0.8,0.9,0.9,1.5,0.8,0.1,1.3,2.9,2.7,1.9,0.1,1.2,0.3,50.0,9.7,0.7,DM,0
Pierre Lees-Melou,2018-2019,25,Nice,0.0,0.1,0.1,0.1,0.1,0.1,0.08,1.5,0.18,0.4,28.2,1.1,0.4,0.0,5.4,797.9,214.2,7.6,62.1,156.0,76.1,1.3,1.5,0.4,1.2,0.9,0.1,0.1,2.8,1.9,40.5,1.6,1.2,0.9,1.4,1.7,0.3,1.4,4.1,2.3,1.2,0.1,0.8,1.5,50.0,13.6,1.5,DM,0
Pierre Lees-Melou,2019-2020,26,Nice,0.2,0.4,0.2,0.2,0.2,0.1,0.08,2.2,0.24,0.8,38.9,1.3,1.1,0.2,6.3,698.6,194.8,5.8,68.1,181.6,95.3,2.3,2.0,0.4,1.8,1.3,0.4,0.3,2.7,2.0,51.9,1.5,1.3,1.2,2.3,1.5,0.5,1.3,3.8,2.0,1.2,0.1,0.7,1.8,58.1,14.5,1.9,DM,0
Pierre Lees-Melou,2020-2021,27,Nice,0.1,0.3,0.1,0.2,0.0,0.1,0.1,1.8,0.25,0.5,28.6,0.5,0.7,0.1,6.2,750.8,216.5,7.0,66.5,180.2,90.0,1.7,1.5,0.1,1.1,0.9,0.2,0.2,2.4,1.7,42.4,1.5,1.0,1.1,2.5,2.2,0.6,1.3,4.2,1.4,1.1,0.0,0.9,0.8,75.0,15.4,1.3,DM,0
Prince Oniangué,2017-2018,28,Angers,0.0,0.1,0.1,0.2,0.0,0.0,0.16,1.6,0.2,0.4,26.3,0.7,0.3,0.1,3.8,322.5,95.6,2.0,60.9,102.5,52.0,1.4,1.0,0.0,1.5,0.9,0.1,0.0,1.7,0.9,41.5,1.2,1.4,0.7,2.0,1.7,0.3,0.9,2.3,0.1,0.1,0.0,0.0,0.3,77.8,5.8,1.7,DM,0
Przemysław Frankowski,2021-2022,26,Lens,0.2,0.4,0.2,0.1,0.1,0.2,0.0,0.07,0.18,0.46,0.5,79.8,2.2,1.2,0.4,3.3,657.5,2.6,4.3,171.1,79.7,1.9,1.6,0.3,1.4,0.6,0.3,0.3,2.5,2.1,52.2,1.3,0.3,1.3,1.4,1.0,0.0,1.0,3.1,8.4,0.3,0.1,0.2,2.6,42.1,15.3,2.3,RM,0
Youcef Atal,2018-2019,22,Nice,0.0,0.2,0.2,0.2,0.1,0.1,0.11,1.4,0.43,0.6,40.0,0.9,0.9,0.3,3.4,590.8,164.1,3.6,49.5,296.1,173.1,5.4,3.8,2.1,3.3,1.3,0.1,0.0,3.0,1.7,51.8,1.7,2.3,1.4,1.3,1.5,0.3,2.2,4.9,8.1,0.1,0.3,2.9,2.9,49.8,14.5,3.5,RM,0
Youcef Atal,2019-2020,23,Nice,0.1,0.2,0.1,0.1,0.1,0.1,0.07,1.7,0.11,0.8,47.4,0.9,1.1,0.3,3.6,520.3,141.8,3.5,61.5,321.2,170.5,4.8,3.9,2.4,3.1,1.6,0.3,0.1,3.1,1.5,64.0,1.3,2.2,1.2,1.6,1.1,0.1,2.2,4.3,6.2,0.0,0.5,2.7,2.7,44.3,12.4,3.4,RM,0
Youcef Atal,2020-2021,24,Nice,0.0,0.1,0.1,0.0,0.1,0.1,0.05,0.8,0.2,0.5,62.5,0.5,1.0,0.6,4.1,694.6,189.9,5.6,44.1,269.3,147.1,4.0,2.7,1.0,3.7,1.2,0.1,0.1,2.2,1.5,28.6,1.7,2.5,1.2,1.2,0.9,0.2,2.4,4.8,9.1,0.1,0.5,4.8,4.8,55.6,18.1,2.1,RM,0
