Player,Season,Age,Team,Expected_assists,Shot_/90,Passes_attempted,Passes_completition%,Crosses_into18yard_box,TotProgressive_passes,Attempted_long_passes,PrgDist_Carries,Carries_into_final_third,Miscontrols,Dispossesd,Received,Shot_creating_actions,Aerials_Won%,Yellow_cards,Fouls_committed,Fouls_drawn,Tackles_won,Tackles_on_dribblers,Lost_challange_drib_player,Blocking_shots,Blocking_pass,Interceptions,Tackles_+Interc,Clearences,Dead_ball_pass,Passes_freeKick,Passes_behind_defenders,Swing_passes,Crosses,Corner_kikcs,Succ_Takes_on%,Touches_Def_Pen,Touches_Def__3rd,Touches_Mid__3rd,Touches_Att__3rd,Touches_Att__Pen,Role,Tier_league
Abdu Conté,2021-2022,23,Troyes,0.1,0.3,41,72.8,0.3,166.2,3.8,89.9,2.1,1.4,0.5,28.6,1.5,45,0.1,0.9,0.9,0.8,0.8,0.8,0.1,0.7,0.3,1.7,0.7,8.8,0,0.2,2.7,2.7,0,57.9,1.6,17.7,18.8,13,0.9,LB,0
Achraf Hakimi,2021-2022,22,Paris S-G,0.2,0.13,59,66.4,1.2,803.9,1.6,125,1.9,1.2,0.5,55.1,1.9,31,0.1,0.7,0.5,1.9,1.5,1.2,0.2,0.8,1,3.7,0.8,7.6,0.9,0,0.1,1.9,0.1,39.6,2.1,18.8,30.2,27.2,2.9,RB,1
Adama Mbengue,2017-2018,23,Caen,0.1,0.03,29.8,47.3,0.7,523.6,3.1,120.7,2.5,2.3,1.5,28.2,2.1,52.9,0.1,2.1,1.4,2.7,2.3,1.4,0.1,1.1,1.6,5.6,2.8,12.2,0.4,0,0.6,5,0.1,61.7,2.8,19.2,25.8,18.2,0.6,LB,0
Adama Mbengue,2018-2019,24,Caen,0,0.02,27.8,45.4,0.7,548.8,5,73.8,1.3,1.9,0.5,23.5,1.8,31.3,0.4,2.6,1,3.9,2.3,0.9,0.5,1.3,0.9,6.7,2.7,11.7,0.4,0,0.4,3.4,0,61.5,3.4,23.7,26.5,10.7,0.1,LB,0
Adrien Truffert,2020-2021,18,Rennes,0.2,0.05,49.1,59,0.8,737.7,1.9,93,1.8,1.4,0.6,45.2,1.7,42.9,0.1,1.1,1.2,0.8,0.6,0.5,0.2,1,0.8,2.6,1.8,8.5,0.8,0,0,3,0,51.4,2.1,14.6,32.2,23.1,2,LB,0
Adrien Truffert,2021-2022,19,Rennes,0.2,0.09,51.5,63.4,1,809.5,3.2,146.1,2.7,1.9,0.8,46.5,2,37.2,0.2,1.3,1.1,1.2,0.6,0.7,0.3,1.1,1,2.6,1.6,9.6,0.9,0,0.1,2.6,0,58.6,2.1,18.9,36.7,19.9,2,LB,0
Akim Zedadka,2021-2022,26,Clermont Foot,0.1,0.05,45.5,56.7,1.5,680.5,2.8,109.6,1.9,1.8,1.4,38.8,2.6,51.9,0.1,0.8,2.4,1.2,1,0.9,0.2,0.6,1.6,3.5,1.3,12.2,0.9,0,0.1,3.3,0,45.1,2.9,18.6,30.1,20.1,1,RB,0
Ambroise Oyongo,2018-2019,27,Montpellier,0.1,0.09,32.3,46.2,1.3,524.5,2.3,80.3,1.9,1.6,1.1,31.3,1.9,27.7,0.2,1,1,0.9,0.8,0.8,0.3,0.8,1.6,3.5,2.5,12.1,0.6,0,0.2,2.7,0,53.7,2,15,27,17.1,0.8,LB,0
Ambroise Oyongo,2019-2020,28,Montpellier,0.1,0.04,34,46.5,0.8,564.1,2.9,68.6,1.2,1.1,0.5,30.9,1.5,50,0.1,0.7,1.1,0.5,0.8,0.6,0,0.4,0.8,2.1,1.7,10.1,0.5,0,0.1,3.2,0,42.1,2.5,13.1,26.6,16.4,0.7,LB,0
Aníbal Chalá,2020-2021,24,Dijon,0,0,47.4,76,0,269,4.2,91.5,1.9,1.7,0.4,32.2,0.8,50,0,1.8,1.1,0.8,0.7,0.7,0.4,0.2,1.7,2.9,1.8,10,0,0.1,1.5,1.5,0,50,3.4,19.7,26.4,12.1,0.4,LB,0
Anthony Caci,2018-2019,21,Strasbourg,0,0.2,55.8,80.1,0.4,320.4,8.2,95.8,0.9,0.9,0.3,39.6,1.1,40.4,0,1.1,0.3,1.2,0.9,0.9,0.4,0.4,1.8,4,2.5,6.9,0,1.4,1.5,1.5,0,48,3.6,25,31.1,9.2,0.5,RB,0
Anthony Caci,2019-2020,22,Strasbourg,0.2,0.5,68,79.3,1.4,461.9,12.6,121.4,2.1,1.2,1.2,48.3,2.7,40,0,1.4,0.7,2.2,1,1.2,0.7,1.3,2.5,6.3,2,11.2,0.3,1.7,2.7,2.7,0,60,3,24.2,42.6,13.9,0.5,RB,0
Anthony Caci,2020-2021,23,Strasbourg,0.1,0.3,61.8,76.2,0.5,361.6,12.3,88.5,1.2,1.1,0.5,40.5,1.6,39.1,0,1,0.5,1.5,1.1,1.1,0.1,0.8,1.8,4.3,2.1,11.5,0.1,1.6,2.4,2.4,0,64.3,2.7,23.9,36.8,12.4,0.5,RB,1
Anthony Caci,2021-2022,24,Strasbourg,0.1,0.6,61.1,77.4,0.7,334.1,10.4,108.4,1.6,1.2,0.6,43.3,2.1,61.3,0.2,1.3,0.9,1.3,1.2,0.8,0.1,0.7,1.2,3.7,1.8,8.4,0,1.5,3.6,3.6,0.2,56.1,3,19,35.9,17,1.2,RB,1
Arial Mendy,2021-2022,26,Clermont Foot,0.2,0.05,35.8,45.9,0.8,561,3,98.7,2.4,1.8,0.5,36.1,1.7,35.7,0.1,0.7,1.2,0.5,0.2,1,0.1,0.6,0.8,1.5,1.9,6.5,0.2,0.1,0.5,4.4,0,25,2.8,14.2,23.7,18.5,1.8,LB,0
Arnaud Souquet,2017-2018,25,Nice,0.1,0.04,53,62.1,0.8,892.5,3.7,117.8,2,1.4,0.8,46.4,1.2,43.5,0.1,0.9,1.8,2.5,1.3,0.7,0.6,1.1,1.5,4.8,2.7,10,1.3,0.1,0.4,2.2,0,64.7,4.2,23,37.3,13.9,1,RB,0
Arnaud Souquet,2019-2020,27,Montpellier,0.1,0.03,36.1,48,0.6,560.5,2.1,77.2,1.9,1.2,0.6,31.1,1.9,48.4,0.3,1.5,1.4,1.8,1.3,1.7,0.3,0.6,0.8,3.5,2,11.3,0.6,0,0.1,3.3,0,45.1,3.3,16.7,25.3,18.2,1.2,RB,0
Arnaud Souquet,2020-2021,28,Montpellier,0.1,0.04,34.5,47.4,1.5,542.4,2.2,85.7,1.7,1.7,1,30.6,2,24.1,0.4,1.4,1.5,2.4,2,1.5,0.4,0.7,1.2,4.9,2.5,11.7,0.2,0,0,3.9,0,55,3.8,20.8,23.8,16.9,0.9,RB,0
Baba Rahman,2018-2019,24,Reims,0.1,0.04,42.1,52.9,0.6,696.8,2.9,106.9,1,1.4,0.7,35,1.1,45.7,0.3,1.4,1.2,1.9,1.7,0.3,0.3,1.7,1.5,3.9,3.5,10.3,0.9,0.1,0.1,1.2,0,50,3.7,22.7,33.4,11,0.7,LB,0
Benjamin Henrichs,2018-2019,21,Monaco,0.1,0.04,38,52.3,1.1,585.1,2.1,103.3,2,1.6,0.5,38,2.2,41.9,0.1,1.7,2.1,1.9,0.8,1.1,0,0.9,1.7,4.6,2.2,9.1,0.9,0.1,0.2,2.4,0,59.1,2.4,15.6,30.4,18,1.4,RB,1
Benjamin Henrichs,2019-2020,22,Monaco,0.1,0.07,42.6,53.2,0.6,721.2,3.1,104.6,2,0.9,0.8,39.3,1.8,50,0.3,1.3,2.1,2,1.4,1.9,0.4,1.5,1.4,4,1.8,6.2,1.3,0,0.6,1.7,0,57.1,2.6,17.8,33.9,14.3,1.2,RB,1
Birger Meling,2020-2021,25,Nîmes,0.1,0.05,40.1,50.4,0.7,641.8,3,80.3,1.4,1.2,0.4,31.4,1.6,55.3,0.2,0.6,1.5,1.2,1.3,0.7,0.3,1.3,1.4,3.3,2.7,11.2,1.2,0,0.2,1.5,0,66.7,4,21,26.6,14.4,1.3,LB,0
Birger Meling,2021-2022,26,Rennes,0.1,0.08,46.6,55.1,1,775.9,4.3,96.7,1.6,1.3,0.2,38.5,2.1,45.2,0.1,0.7,1,1.3,1.1,0.4,0.3,0.8,1.1,3.2,2,9.2,0.6,0,0.1,1.2,0,50,2.6,17.6,30.7,16.2,0.8,LB,0
Bouna Sarr,2017-2018,25,Marseille,0.2,0.06,57.1,66.9,1.6,757.7,2.8,184.4,3.3,1.5,1.3,49.2,3.4,52.9,0.3,1.9,1.3,2.1,1.1,0.8,0.2,0.8,1.6,4.9,2.7,10.2,1,0.1,0.1,4.2,0.5,62,2.4,19.6,41.3,21.5,1.3,RB,1
Bouna Sarr,2018-2019,26,Marseille,0.1,0.07,46.5,57.2,1,656.6,2.8,136.4,2.7,1.6,1.2,41.6,2.8,57.4,0.1,1.5,1.3,1.9,1,0.6,0.1,1,1.6,4.3,2.2,10.1,0.6,0.1,0.2,4.3,0.2,53.9,2.7,16.3,33.1,23.2,1.1,RB,0
Bouna Sarr,2019-2020,27,Marseille,0.2,0.09,45.4,56.4,1,612.2,2,139,3.4,2.2,1.3,44,2,52.6,0.1,1,1.8,1.5,1.2,1,0,0.7,1.3,3.8,1.6,9.1,1,0,0.2,4.2,0.4,57,1.7,14.1,33.7,23.2,1.5,RB,0
Bradley Locko,2021-2022,19,Reims,0,0.03,31.2,40.8,0.5,465.6,2.3,119.8,2,1.2,2,28.7,1.8,42.9,0.4,1.3,1.1,1.7,1.2,0.9,0.7,1.1,1.2,3.7,1.3,6.7,0.3,0,0.6,0.9,0,68.2,2,15.7,24.7,12.5,0.7,LB,0
Caio Henrique Oliveira Silva,2020-2021,23,Monaco,0.2,0.1,44.7,56.6,1.5,717.6,2.3,120.7,2.3,1.4,0.3,39.3,2.2,40.4,0,0.3,0.5,1.3,1.2,0.8,0.1,0.6,0.6,2.5,1.4,11.1,1,0,0.2,3,0,63,1.4,14.8,29,20.7,1.5,LB,1
Caio Henrique Oliveira Silva,2021-2022,24,Monaco,0.3,0.05,47.5,63.3,1.5,764.9,3.3,136.7,2.6,1.2,0.2,43.3,3.1,32.5,0.2,0.6,0.7,1,0.9,1,0.2,0.8,0.9,2.7,1.3,11.7,1.8,0,0.3,4.3,1.2,37.5,2.5,17.6,31.9,22.6,1.7,LB,1
Charles Traore,2017-2018,25,Troyes,0.1,0.05,39.4,52.7,0.7,644.5,3.4,78.9,1.1,0.8,0.4,31.7,1.5,53.3,0.2,0.9,0.8,1,0.8,0.9,0.5,1.1,1.7,3.5,5.1,12.2,0.8,0,0.3,2,0,55.6,4.8,24.9,28.2,12.5,0.5,LB,0
Charles Traore,2018-2019,26,Nantes,0.1,0.03,33,46.2,0.9,510.4,2.2,69,1.5,1.1,0.7,26,1.5,59.1,0.2,2,1.7,1.5,1.8,0.9,0.2,1,1.5,4.6,3.6,11.7,0.5,0,0,2.2,0,33.3,3.3,17.5,26.9,14.6,0.8,LB,0
Charles Traore,2019-2020,27,Nantes,0,0.03,42.2,57.6,0.8,697.4,2.8,73.2,0.7,0.7,0.3,35.3,1.2,60.3,0.2,1.1,1,1.8,1.9,1.3,0.2,0.9,2,4.5,3.3,11.8,1.2,0,0.2,1.7,0,65,3.6,22.4,36,11.2,0.2,LB,0
Charles Traore,2020-2021,28,Nantes,0,0.05,34.9,50.8,0.4,600.7,3.3,69,1.1,1.4,0.5,30.6,0.7,68.5,0.3,1.6,1.2,1.8,1.4,1.4,0.3,1.1,1.9,4.7,3.4,11.1,1,0,0.1,1.8,0,33.3,3.5,19.6,30.9,12.4,0.4,LB,0
Cheick Traoré,2018-2019,23,Guingamp,0.1,0.05,24.8,41.3,1,431.6,2.3,74.2,2,1,0.8,22.5,1.8,42.9,0.2,1.5,0.6,1.3,0.9,0.6,0.2,0.6,1.4,3.6,2.7,12.5,0.5,0.1,0.2,4.2,0,39,2.3,14.1,21.4,18.3,1.2,RB,0
Clément Michelin,2020-2021,23,Lens,0.3,0.04,37.4,53.1,1,711.7,4.3,70.8,1.6,0.9,0.3,34.5,2.4,55.6,0.2,1.8,1,1.5,0.7,0.5,0.3,0.7,1.9,3.9,2.5,11.2,1.6,0,0.7,6.6,1.6,57.1,3.4,15.4,28.2,19.5,0.9,RB,0
Colin Dagba,2018-2019,19,Paris S-G,0.2,0.3,64.2,91.6,0.4,174.7,1.3,93.3,2,0.8,1,52.3,2.1,15.4,0.2,1.9,0.6,1.2,1.3,0.6,0,1,0.9,3.2,1,6.6,0.1,0,1.7,1.7,0,62.5,2.5,17,34.6,20.4,2.7,RB,0
Colin Dagba,2019-2020,20,Paris S-G,0.1,0.3,55,88.7,0.5,147.8,1.8,112.2,1.9,0.9,0.7,42.2,1.6,25,0.1,1.8,0.4,0.5,0.7,0.5,0.1,0.7,0.8,2.2,1.2,7.5,0,0,3.4,3.4,0,53.8,2.8,16.3,26.9,20.6,2,RB,0
Colin Dagba,2020-2021,21,Paris S-G,0.1,0.5,62.6,88.1,0.3,171.7,1.9,107.4,2.2,1,0.8,50.3,1.6,15.4,0.2,1.3,0.6,0.7,0.9,0.3,0.3,0.9,1.1,2.6,1.2,7.4,0,0,2.6,2.6,0,63.6,2.5,16.2,32,23.1,2.1,RB,0
Danilo Avelar,2017-2018,28,Amiens,0.1,0.4,44.6,64.3,0.5,275.9,8.1,55.2,0.9,0.7,0.8,26.6,1.7,65.8,0.1,1.2,1,1.7,0.7,1.6,0.4,0.5,1.9,4.1,4.3,9.1,0.1,0.3,3.3,3.3,0,44,4.6,18.9,27.3,10.2,0.5,LB,0
Dennis Appiah,2019-2020,27,Nantes,0,0.1,55.1,74.7,0.1,273.4,4.9,80.2,1.5,1.2,1,33.4,1,52.8,0.1,1.5,0.4,2,1.6,1.3,0.2,0.3,1.3,4.5,1.9,11.2,0,0.1,1.8,1.8,0,75.9,2.9,22.4,31.9,10.9,0.3,RB,0
Dennis Appiah,2020-2021,28,Nantes,0.1,0.3,50.3,72.4,0.3,287.2,5.7,69.2,1.7,1.1,1,29.7,1.9,56.6,0.2,0.9,0.2,2,1.9,1.6,0.3,1,1.4,4.6,2.5,10.9,0,0.1,2.7,2.7,0,60,2.9,20,26.9,14.9,0.7,RB,0
Dimitri Foulquier,2017-2018,24,Strasbourg,0.1,0.04,38.6,49.2,0.7,596.8,2.5,128.4,1.8,1.4,1,32.5,2,38.5,0.1,1.5,0.5,0.9,0.5,0.7,0.3,0.8,1,2.8,2.4,11,0.6,0,0.2,1.8,0,61.1,2.4,16.9,31.6,12.9,0.7,RB,1
Djibril Sidibé,2017-2018,25,Monaco,0.2,0.05,59.1,70.6,1.5,910.6,3.3,110.9,1.8,1.6,0.8,51.8,2.8,66.1,0.2,1.4,1.5,1.6,1,0.9,0.2,0.7,1.9,4.4,2.2,11.7,1.3,0.2,0.7,2.4,0,41.2,2,15.5,45.9,21.7,1.9,RB,1
Djibril Sidibé,2018-2019,26,Monaco,0.2,0.07,45.5,62.2,1.6,709.6,2.3,102.5,1.8,2,0.9,42.7,2.9,53.6,0.2,1.6,1.3,1.5,1.1,1,0.4,0.7,1.3,3.5,2.2,13,1.3,0.1,0.4,3.5,0.1,25,2.7,14.5,36.7,23.6,1.4,RB,1
Djibril Sidibé,2020-2021,28,Monaco,0.1,0.04,69.3,84.2,1.1,1206,5.9,155.8,1.4,0.9,0.3,57.6,2.5,55.6,0.1,1.5,1,1.5,1.7,0.7,0.2,0.7,2.3,4.9,1.7,15.2,3.5,0.1,0.6,4.2,1.6,53.3,3,23.7,53.8,16.4,0.1,RB,0
Domagoj Bradarić,2019-2020,19,Lille,0.1,0.3,53.3,74.3,0.7,202,7.7,98.4,2.3,1.1,0.3,35.8,1.9,31.3,0.1,0.7,0.9,0.7,0.8,1,0.2,0.8,1.4,3.2,1.8,11,0,0.1,5.9,5.9,0.4,42.9,2.2,11.5,32.3,18.9,0.3,LB,0
Domagoj Bradarić,2020-2021,20,Lille,0.1,0.3,64.9,79.3,0.4,195.7,6.8,116,2.4,1.5,0.4,45.5,1.7,42.2,0.3,1.2,0.9,1.3,0.9,1.1,0.3,0.7,1.9,3.8,1.5,9.5,0,0,3.8,3.8,0.2,61.5,2.2,17.7,36.8,20.2,1,LB,0
Durel Avounou,2017-2018,19,Caen,0,0.7,36.9,67.8,0.1,128.7,5.7,32.5,0.7,1.7,0.8,23.2,0.7,38.5,0.1,1,0.7,1.5,0.7,1.7,0.1,1.5,1.4,3.6,3.5,5.1,0,0.1,2.9,2.9,0,83.3,3.2,11.2,27.6,10.4,0.8,LB,0
Emerson Palmieri,2021-2022,26,Lyon,0.2,0.06,61.3,72.3,0.6,940.9,3.9,143.4,2.2,1.6,0.2,54.9,2.5,59.2,0.1,0.6,0.9,1,0.9,0.5,0.3,0.6,1.1,2.9,2.6,10.5,1.1,0,0.2,2.7,1.1,63.8,3.6,23.7,41.9,18.9,1.4,LB,1
Emil Krafth,2018-2019,23,Amiens,0.1,0.07,31.5,45.4,0.6,563.1,3.3,59.4,0.8,1,0.4,24.3,1,56.8,0.1,1.2,1,1.1,1,1,0.4,0.5,0.7,2.4,2.8,12.3,1.1,0,0.1,2.1,0,36.4,3.7,17.6,25.8,11.4,0.6,RB,1
Enock Kwateng,2018-2019,21,Nantes,0.1,0.09,41.4,58.1,1.1,610.1,2.1,81.3,1.5,1.3,0.7,34.2,1.9,60.3,0.2,1.2,0.9,1.8,1.5,1.6,0.2,1.1,3.4,6.3,2.5,12.4,0.6,0,0.1,3.3,0,56.1,2.5,17.3,35.2,19.3,0.4,RB,0
Enock Kwateng,2019-2020,22,Bordeaux,0.1,0.1,42.9,56.2,0.6,657.5,3.3,76.3,1.4,1.6,1.1,39.5,1.8,70.5,0.4,1.8,1.1,2,2,2.3,0.5,0.9,2,5.3,3.8,9.4,1.6,0.1,0.1,2.4,0,68.8,4.1,20.9,37.5,12.8,0.5,RB,0
Enock Kwateng,2020-2021,23,Bordeaux,0.1,0.13,46.6,57.8,0.4,694.3,2.3,85.1,0.9,1.6,0.6,39.8,1.8,62.2,0.3,1.3,1.5,1,1.2,1.1,0.3,1,2.3,4.1,2.3,8.8,0.7,0,0.1,1.5,0,66.7,3.8,23,35.5,11.2,1,RB,0
Enock Kwateng,2021-2022,24,Bordeaux,0.1,0.04,44.7,55,1,713.6,3.5,97.8,1.3,1.2,0.2,38.4,1.4,51.1,0.3,1,0.7,1.6,1.5,1.8,0.2,0.6,1.9,4.4,2.2,7.8,0.9,0.1,0.2,1.8,0,62.9,3.5,22.7,33.7,9.5,0.4,RB,0
Fábio,2018-2019,28,Nantes,0.1,0.2,45.6,74.8,0.7,220.5,5.5,102.9,2.8,0.7,0.4,26.3,2.3,54.1,0.3,1.3,1.3,2.4,1.8,1.9,0.3,1,1.3,5,1.9,10.1,0.1,0.1,2.5,2.5,0,57.1,2.4,14.3,26.3,15.7,0.6,RB,0
Fabien Centonze,2019-2020,23,Metz,0.1,0.3,47.4,73.3,0.5,229.9,5.5,109.4,2.2,1.1,0.9,28.5,1.6,58.2,0.1,0.7,1.3,1.7,1.2,0.8,0.4,0.7,2.1,4.8,3.5,9.4,0,0.2,2.4,2.4,0,58.5,3.9,22.9,26.8,11.4,0.7,RB,0
Fabien Centonze,2020-2021,24,Metz,0.1,0.7,50.5,76.1,0.6,247.2,5,122.7,2.2,1.8,0.9,34.8,1.6,62.9,0.3,1.2,1.6,1.9,1.2,0.8,0.5,1.3,3.1,6,3.3,9.9,0.1,0.1,3.2,3.2,0.1,49.6,4.3,22,29.8,16,0.9,RB,0
Fabien Centonze,2021-2022,25,Metz,0,0.9,43.6,76.9,0.3,220.1,3.9,104.5,1.6,2,0.8,32.4,1.5,37,0.2,0.9,1.7,1.2,0.7,1.1,0.5,1.6,1.8,3.7,2.9,7.7,0,0.2,2.7,2.7,0,51.8,3.9,19.7,26,13.9,0.9,RB,0
Faitout Maouassa,2018-2019,20,2 Teams,0.1,0.09,30.5,43.2,0.8,499.2,2.6,107,2,1.1,0.9,25.1,1.6,62.5,0.1,0.5,1.1,1.3,1,0.7,0.2,0.8,1,3.3,3.4,12,0.5,0,0.2,3.3,0,45.1,2.4,17.5,24,13.5,0.5,LB,0
Faitout Maouassa,2019-2020,21,Rennes,0.1,0.05,37.8,50.5,0.6,595.9,2.5,126.4,2.8,1.2,0.8,36,1.7,48.5,0.1,0.7,1.6,1.6,0.7,0.6,0.2,0.4,1.1,3.7,2.9,10.6,0.5,0,0.1,3,0,42,2.8,21.2,29.3,13.4,0.5,LB,0
Faitout Maouassa,2020-2021,22,Rennes,0.1,0.04,49.2,62.5,1.2,809.5,3.9,137.2,3.2,2.2,0.9,49.5,1.8,63.6,0.3,1,1.4,0.8,0.8,0.6,0.1,0.6,1.3,2.8,2.8,11,1.1,0,0.5,4.6,0,55.9,3,20.1,36.4,20.2,0.8,LB,0
Faitout Maouassa,2017-2018,19,Rennes,0.1,0.04,18.8,26.8,0.5,244.7,0.7,195.9,3.8,0.7,2.6,2.1,0.2,31.6,0.1,1.2,1.4,0.3,0.2,0.8,0.2,1,0.6,1.2,0.5,1.4,0.3,0,0,3.3,0.7,29,0.5,3.3,17.7,18.2,1.2,LB,0
Falaye Sacko,2021-2022,26,Saint-Étienne,0,0.07,49.7,59,0,853.7,4.5,125.6,1.3,1.1,0.1,42.8,1.2,75,0,1.2,0.3,1.3,1.8,0.4,0.9,0.5,0.5,2.6,2.4,4.6,1.5,0,0.3,1.1,0,0,3.8,27.9,33.9,5.8,0.3,RB,0
Ferland Mendy,2017-2018,22,Lyon,0.1,0.04,56.9,66.8,1.1,814.6,2.8,169.8,2.6,1.8,1.1,50.9,2.9,59.7,0.2,1.3,2,1.2,0.8,0.5,0.2,0.6,1.1,3,1.8,9.8,0.9,0,0.2,2.5,0,68.6,2.4,17.4,41.9,19.3,1.4,LB,1
Ferland Mendy,2018-2019,23,Lyon,0.1,0.04,58.2,70.2,0.9,918.3,5,168.3,3,1.3,1.3,53.8,3.3,56.1,0.1,1,1.6,1,0.5,0.1,0.2,0.6,1.2,2.8,1.9,9.4,0.7,0.1,0.7,2.8,0,76.4,2.7,17.5,40.9,22.9,1.9,LB,1
Fernando Marçal,2017-2018,28,Lyon,0.1,0.04,57.5,69.7,0.6,889.3,4.4,142.3,1.9,1.3,0.6,51.6,2.2,59.6,0.1,1.1,1.7,1.4,1,1,0.4,0.6,1.8,4.2,4.8,11,1.8,0,0.1,1.9,0,20,3.8,22.9,46.1,13.9,0.8,LB,1
Florian Miguel,2018-2019,21,Nîmes,0.2,0.29,31,40.9,0.3,542.7,2.6,48.2,0.5,0.3,0.3,25.7,1.5,39.5,0.2,1,1.5,1.3,0.6,0.3,0.6,0.6,1.7,3.2,3.8,7.7,1.4,0,0.1,0.8,0,37.5,4.2,25,20.1,6.6,1,LB,0
Florian Miguel,2019-2020,22,Nîmes,0.1,0.07,30.5,43.4,0.8,498.1,2.2,76.2,1.2,1.3,0.4,27.5,1.8,52.1,0.4,2,2.1,1.1,1.4,0.9,0.2,0.7,1.4,3.7,1.4,11.6,0.5,0,0,2.8,0,39.5,1.7,16.4,24.3,14.3,1.4,LB,0
Florian Miguel,2020-2021,23,Nîmes,0.1,0.1,43.4,54.5,0.2,913.5,5.6,117,0.2,0.4,0.2,41.6,0.3,48.4,0.2,1,1.9,0.8,0.5,0.5,0.8,0.5,2.6,3.5,3.9,4.3,2,0,0.4,0.4,0,75,5.5,36.6,25.7,2.9,0.6,LB,0
Fodé Ballo-Touré,2017-2018,20,Lille,0,0.1,53.8,82.8,0.2,203.8,3,96.2,0.8,0.8,1,36.6,1,46.4,0.2,1.3,0.8,1.6,0.9,1.1,0.1,1.1,1.2,3.4,2.1,10.2,0,0.1,1.9,1.9,0,69.6,2.4,18.3,31.6,13.1,1,LB,0
Fodé Ballo-Touré,2018-2019,21,2 Teams,0.1,0.2,46,74.7,0.4,202.5,4.2,100.6,2.2,1.3,1,29.1,1.6,53.7,0.2,0.8,1.4,1.9,1.2,0.9,0.3,1,1.6,4.2,2.3,10.1,0.1,0,2.7,2.7,0,58.5,2.1,15.8,29.3,13.4,0.7,LB,0
Fodé Ballo-Touré,2019-2020,22,Monaco,0.1,0.3,46.8,77.9,0.4,190.4,5.2,130.6,1.7,1.6,0.5,33.3,1.7,53.8,0.2,0.9,1.2,1.3,0.9,0.8,0.1,0.5,1.3,3.2,2.4,8.5,0.1,0.1,3.3,3.3,0,64.9,2.6,16.4,28.4,13.9,1.1,LB,0
Fodé Ballo-Touré,2020-2021,23,Monaco,0.1,0.3,58.7,80.8,1,210.6,5.7,107.3,2.3,1,0.7,41.1,2,54.5,0.3,1.4,1.6,2.3,0.8,1,0,1,0.8,3.7,1.5,10.6,0,0,5.3,5.3,0,33.3,1.8,15.2,33.2,20.7,2.3,LB,0
François Moubandje,2017-2018,27,Toulouse,0,0.03,33.7,47.1,0.4,578.8,3,64.3,1,1,0.4,25.9,1,71,0.3,1.2,0.8,0.8,0.5,1.3,0.4,0.8,1.4,2.9,4,11.3,0.8,0.1,0.2,2,0,61.3,3.4,20.4,27.3,10.1,0.3,LB,0
François Moubandje,2018-2019,28,Toulouse,0.1,0.06,35.8,47.2,0.3,610.8,3.5,91.2,1.4,1.6,0.6,30.2,1.3,51.3,0.1,1,0.9,1,0.8,0.2,0.2,0.7,1.3,3,3.4,8,1.1,0,0.2,1.9,0,50,4,19.4,28.4,11,0.6,LB,0
Franck Tabanou,2017-2018,28,Guingamp,0.1,0.04,39.3,53.8,0.9,710.8,5.2,59.2,0.9,1,0.6,33.4,2.1,52.5,0.4,1.5,1.3,1.5,0.9,1.4,0.3,0.2,2.2,4.2,4.1,13.4,1.8,0,0.4,4.6,0.2,52.9,5.1,21.4,28.8,15.1,0.3,LB,0
Frederic Guilbert,2017-2018,22,Caen,0.1,0.11,29.6,43.2,0.8,535.4,3.7,58.2,1.6,1.2,1.1,23.4,1.6,59.5,0.3,1.6,1,2.5,1.4,1.5,0.4,0.8,2.4,6.2,3.8,10.2,0.2,0,0.4,3.5,0,59,3.1,17,27.9,13.7,0.4,RB,0
Frederic Guilbert,2018-2019,23,Caen,0.1,0.03,30.4,44,0.6,537.9,3.4,66.8,1.6,1.4,0.8,26.2,1.6,50,0.3,1.8,1.1,2.1,1.3,1.3,0.6,0.9,2.4,5.4,3.7,8.3,0.5,0,0.6,2.8,0,58,3.5,20.2,27.1,11.2,0.5,RB,0
Frederic Guilbert,2020-2021,25,Strasbourg,0.2,0.04,35.9,53.1,1.3,716.8,5.9,100.5,2.1,1.6,0.6,32.2,2.3,47.1,0.2,1.5,1.1,1.5,1.7,1.1,0.1,1.1,2.7,5.7,2.6,12.8,2.2,0,0.6,5.4,0.6,53.3,3.5,18.9,29.2,20,0.3,RB,0
Frederic Guilbert,2021-2022,26,Strasbourg,0.2,0.04,36.3,53.6,1.4,660.7,5,71.5,2,1.4,0.8,33.4,3.3,40.3,0.1,0.9,0.8,1.4,1.1,1.1,0.4,0.9,2,4.4,1.4,14.7,2.1,0,0.5,7.8,2.2,52.5,2.8,12,29.4,24.6,0.6,RB,0
Gabriel Gudmundsson,2021-2022,22,Lille,0.2,0.12,34.3,48.1,0.4,543.3,2.5,110.9,2.7,1.9,1.3,35.9,1.8,44.4,0.2,1.8,1.3,2.1,1.1,1.2,0.2,0.8,1.3,4.2,0.9,7.2,0.5,0,0.1,4.2,0,55,1.9,16.8,27.5,17.3,1.9,LB,1
Gabriel Silva,2017-2018,26,Saint-Étienne,0.1,0.06,38.6,48.9,1,619.6,3.5,72.1,1.5,1.4,0.9,32.7,1.2,48.2,0.1,1.5,1.9,0.9,0.8,0.5,0.3,0.6,1.6,2.8,3.6,12.3,1.2,0,0.3,2.3,0,64.3,3.7,18.9,26.3,15.3,0.7,LB,0
Gabriel Silva,2018-2019,27,Saint-Étienne,0.1,0.04,29.4,38.3,0.8,482.9,3,45.7,0.6,1.3,0.6,23.1,1.3,50.8,0.1,1.1,1.9,0.6,0.4,0.7,0.2,0.8,0.9,2.1,3.8,9.6,0.6,0,0.1,2.1,0,69.2,3.8,16.7,20.8,11.3,0.6,LB,0
Ghislain Konan,2018-2019,22,Reims,0.1,0.02,37.5,50.7,1.1,608.2,2.5,138.9,3.1,1.7,0.7,29.6,2.1,37.7,0,0.7,1.4,1.4,1.2,0.8,0.2,0.7,2,4.2,2.7,12.9,0.5,0.1,0.1,3.4,0,47.2,3.7,21.5,29.3,14.5,0.2,LB,0
Ghislain Konan,2019-2020,23,Reims,0.1,0.03,48.1,61.6,0.7,759.7,3.2,134.1,2,1.6,1.2,41.7,2.4,38.9,0.1,1.2,1.6,1.8,1.3,0.6,0.2,0.7,1.6,4.5,2.3,12,0.6,0,0.3,3.2,0.1,47.4,3.3,23.9,35.9,16.5,0.4,LB,0
Ghislain Konan,2020-2021,24,Reims,0,0.04,40.3,51.3,0.7,658.3,2.8,138.5,2.4,1.2,0.8,34.8,1.5,48.1,0.2,0.8,0.8,1.1,1.1,0.8,0.4,0.5,1,3,2.3,9.7,0.8,0,0.2,2.2,0,58.9,4.2,20.8,28,13.9,0.4,LB,0
Ghislain Konan,2021-2022,25,Reims,0.1,0.03,36.4,48.2,0.9,595.1,3.2,112.8,2.4,1.6,0.7,32.8,2,54.2,0,0.6,1.2,0.7,0.6,0.5,0.3,1,1,2.3,1.7,10.4,0.2,0,0.2,3.1,0,47.6,3.3,18.7,26.7,15.3,0.9,LB,0
Gideon Mensah,2021-2022,23,Bordeaux,0.1,0.07,47.5,58.9,1.1,756.2,2.4,141.8,2,1.7,1.1,40.3,2.6,64,0.1,1.2,0.3,1.8,1.3,1.5,0.1,0.7,1.2,3.9,1.6,9.5,0.6,0,0.1,4,0.1,64.7,2.2,18.5,33.6,18.2,0.9,LB,0
Hamari Traoré,2017-2018,25,Rennes,0.1,0.03,46,59.8,0.7,770.5,4.4,83.9,1.3,1,0.2,37.3,1.7,56.7,0.3,1.4,1.3,1.9,1.4,0.9,0.4,0.6,2.1,4.8,4,12,1.2,0.1,0.5,2.2,0,68.6,2.9,19.2,38.8,13.7,0.5,RB,0
Hamari Traoré,2018-2019,26,Rennes,0.2,0.07,47.3,58.4,0.8,784.4,4,122.8,1.7,1.2,0.4,37.6,2.2,37.6,0.2,1.5,0.8,1,1.1,1.1,0.3,0.8,1.3,3.2,2.5,12.1,1.2,0.1,0.3,2.4,0,50,3.3,19.9,35,15.1,1.2,RB,0
Hamari Traoré,2019-2020,27,Rennes,0.2,0.06,46.5,58.6,1.1,762.3,3.5,122.5,1.9,1.4,0.3,38.4,2.5,55.2,0.3,1.6,0.6,1,1.2,1.2,0.2,0.6,1.8,3.8,2.2,11.6,0.9,0.1,0.2,2.2,0.1,61,2.5,21.8,34.4,14,1.4,RB,0
Hamari Traoré,2020-2021,28,Rennes,0.1,0.05,60.5,73.6,1.6,1043.4,4.8,107.9,2,0.9,0.3,52.1,2.8,41.8,0.1,1.2,0.7,1.1,0.7,1.1,0.1,0.8,2.3,4,1.5,11.4,1.2,0,0.4,4,0,69.7,1.9,16.3,43.7,22.5,1.3,RB,1
Hamza Mendyl,2017-2018,19,Lille,0.1,0.03,33.6,43.7,0.6,514.4,2.2,89.7,2.9,1.5,0.2,31.6,1.1,40,0.2,1.2,0.3,1.1,1.2,1,0,0.5,1.8,3.7,2.7,8,0.3,0,0.1,3.5,0,50,1.9,17.1,24.9,14.1,0.6,LB,0
Hamza Mendyl,2019-2020,21,Dijon,0.1,0.05,40.5,53.1,0.4,638.7,3,111.9,2.5,1.5,0.3,37.5,2,17.4,0.4,1.5,0.3,2,1.8,1.1,0.2,0.7,1.4,4.5,2.9,10.2,1.1,0,0.1,2.9,0,43.8,3.1,21,31.8,14.1,0.9,LB,0
Hassane Kamara,2018-2019,24,Reims,0.1,0.1,34.1,44.5,0.1,527.9,2,125.4,1.6,1.6,1,31.1,1.4,37,0.1,1.2,1,2,1.6,0.3,0.1,0.5,1.4,4.2,4,8.1,0.5,0,0.2,1.5,0,75.9,3.3,22,27.8,9,1,LB,0
Hassane Kamara,2019-2020,25,Reims,0.1,0.06,46.9,58.8,0.8,775.9,3.7,149.9,2.9,1.9,0.8,44.4,1.7,60.5,0.3,1.1,1.2,2.5,1.3,0.6,0.1,0.8,3.1,6.1,3.1,8.4,0.4,0,0.7,3,0,69.8,3.1,25.5,34.6,15.9,1,LB,0
Hassane Kamara,2020-2021,26,Nice,0.1,0.05,48.1,59.4,1.1,774.5,3.5,130.5,2.3,1.5,0.7,46,1.8,48.6,0.1,0.7,0.9,1.2,0.8,0.7,0.4,0.8,1.7,3.6,1.9,8.1,0.7,0,0.5,3.4,0,59,2.8,20.7,31.2,18.9,1.3,LB,1
Henrique,2021-2022,27,Lyon,0.1,0.14,56.1,64.8,0.6,793.2,1.7,143.8,2.1,1.1,0.7,48.2,1.5,58.1,0.2,1.1,1.1,0.6,0.4,0.9,0.1,1,1.8,2.9,1.1,9,0.5,0,0,1.7,0,58.8,1.6,18.6,38,17.5,1.5,LB,0
Hiroki Sakai,2017-2018,27,Marseille,0.1,0.04,44.6,55.7,0.5,569,1.6,75.2,1.6,0.9,0.5,36.8,1.5,61,0,0.9,1,1.6,1.1,0.6,0.2,0.9,1.6,4,3.2,10.7,0.4,0.1,0,1.6,0,55.6,2.3,16.7,33.3,16.8,0.6,RB,0
Hiroki Sakai,2018-2019,28,Marseille,0.1,0.06,44.4,55.2,0.6,617.1,2.4,75.4,1.1,0.9,0.6,35.7,2.7,70.7,0.1,1.2,0.9,1.6,1.1,0.9,0.4,0.6,1.4,3.6,2.9,10.1,0.4,0,0.1,1.3,0,60,2.4,16.7,35.6,13.9,1.1,RB,0
Houboulang Mendes,2020-2021,22,Lorient,0,0.03,30,42.4,0.3,460.1,1.5,57.3,1,2.1,0.7,28,1,38.2,0.2,1.6,0.4,1.3,1.1,0.8,0.1,0.8,1,2.9,2.4,11.6,0.5,0,0,3.1,0,35.7,2.4,16,23.1,14.9,0.7,RB,0
Houboulang Mendes,2021-2022,23,Lorient,0.1,0.05,32.8,40.4,0.3,561.9,2.6,84.3,1.2,1.2,0.2,29,1.1,42.9,0.1,1.1,0.5,0.8,1.1,0.5,0.6,0.6,1.1,2.8,3.6,5.8,1,0,0.3,1.8,0,34.2,4.4,20.3,23.1,8.6,0.8,RB,0
Igor Carioca,2021-2022,24,Lorient,0,0.8,44.3,75.2,0.4,171.8,4.5,79.3,1.2,1.7,0.6,29.4,1.8,50,0.2,1.4,1.3,0.9,0.9,1.6,0.1,0.9,1.4,3,1.6,9.8,0,0.2,3.9,3.9,0,52,2.6,13.2,23.3,18.4,1,RB,0
Ismaël Boura,2020-2021,19,Lens,0.1,0.2,52.9,76.9,0.8,203.9,6,112.8,2.4,1.7,1.6,37.2,1.4,54.5,0.1,1.5,2,0.8,0.3,0.7,0.2,0.5,2.3,3.5,1.3,10.9,0,0.7,5.2,5.2,0.7,64.7,2.2,15.6,29.3,19.1,0.5,LB,0
Ismail Jakobs,2021-2022,21,Monaco,0.3,0.08,46.8,67.9,1.9,748.6,3.7,106.6,2.4,1.3,0.4,46.7,2.9,71.7,0.1,1.1,0.7,1.2,1.2,1.4,0.1,1.1,1.3,3.7,2.3,10.9,0.7,0.1,0.3,6.1,0.6,54.5,2.8,17,35.6,26.8,1.6,LB,1
Issa Kaboré,2021-2022,20,Troyes,0.1,0.04,28.8,40.2,1.2,455.2,2,116.8,2.2,2.4,1,29.8,2.1,42.3,0.3,1.2,1.7,0.9,0.8,0.7,0.1,1,0.8,2.6,1.5,8,0.2,0,0.2,4.4,0,52.8,2,13.7,19.6,19.4,1.4,RB,0
Issiaga Sylla,2017-2018,23,Toulouse,0.1,0.03,34,48.1,1.2,571.7,2.6,105.5,2,2.2,1,31.1,2.4,60.8,0.3,1.4,0.7,1.8,1.1,1.6,0.2,1.5,1.9,4.4,3.7,8.7,0.8,0,0.2,4.1,0.1,44.8,3.2,16,29.8,17,1,LB,0
Issiaga Sylla,2018-2019,24,Toulouse,0.2,0.12,39,51.6,0.7,599.8,2.4,96,1.5,1.5,0.9,32,1.7,56.3,0.2,1.6,0.7,1.6,1.3,1.1,0.5,1.2,1.8,4.2,3.5,9.3,0.6,0,0.1,2.2,0,48.5,4.4,18.8,30.1,16.3,1.4,LB,0
Issiaga Sylla,2019-2020,25,Toulouse,0.1,0.06,38.4,53.1,0.8,593.6,2.4,107.1,2,1.7,0.9,32.7,1.8,60,0.1,1.3,0.8,1.7,1.4,1,0.2,0.9,2.4,5,3.2,10.3,1.5,0,0.2,3.4,0.1,57.4,4.2,20.6,31.6,15.7,1.5,LB,0
Issiaga Sylla,2020-2021,26,Lens,0.2,0.16,41.8,54.9,1,676,2.7,96.4,2.1,1.5,1,37.7,1.6,58.7,0,1.4,0.6,1.6,0.9,0.8,0.2,0.8,1.3,3.5,1.7,11.2,0.8,0.1,0.1,3.8,0.3,57.1,2.2,12.9,34,21,1.6,LB,0
Iván Balliu,2017-2018,25,Metz,0.1,0.2,55.6,76.2,0.2,369.4,8.9,69.8,2.2,0.8,0.3,36.3,1.8,52.1,0.3,1.1,1.6,1,0.6,0.7,0.4,0.6,1.2,2.8,3,12,0,0.4,2.4,2.4,0,59.3,3,18.2,30.3,16.7,0.5,RB,0
Jérôme Roussillon,2017-2018,24,Montpellier,0.3,0.08,36.5,48.6,1.1,579.6,2.8,92,1.8,2,1.1,34.4,3.1,40.7,0.1,0.5,1.3,1.3,0.7,0.5,0.1,1.1,0.7,2.6,2.5,11.5,1.2,0,0.4,4.5,0.5,51.4,2.1,14.5,27.2,20,2.3,LB,1
Jérémy Cordoval,2017-2018,27,Troyes,0.1,0.1,42.3,78,0.3,227.6,4,70.5,1,0.6,0.3,22.6,0.9,26.7,0.1,0.4,0.8,1.6,0.9,0.5,0.2,1,0.9,2.8,3.4,11.7,0,0,1.6,1.6,0,66.7,3.2,17.9,21.6,11.8,0.6,RB,0
Jere Uronen,2021-2022,27,Brest,0,0.02,36.4,46.9,0.8,603.8,2.9,72.5,0.8,0.7,0.1,28,0.5,63.2,0,0.4,0.9,1.5,1.4,1,0.3,0.9,1.6,4.5,2.2,10.4,0.6,0.1,0.2,1.8,0.1,50,3.5,18.5,26.8,11.9,0.3,LB,0
Jonathan Clauss,2020-2021,27,Lens,0.3,1.2,50,70.5,0.9,213.8,8.6,110.1,2.5,1.9,0.5,32.3,3.5,40.9,0.1,0.8,0.5,0.7,0.6,0.7,0,0.8,1.6,3.1,1.6,12.3,0,0.1,7.7,7.7,2.5,44.9,1.9,11.5,24.2,26.2,2.2,RB,0
Jonathan Clauss,2021-2022,28,Lens,0.2,1.2,55.6,66,0.7,278.8,11.8,108.3,2.3,1.4,0.4,34.1,4.2,61.5,0.1,1.1,0.4,1,0.7,1,0,1.2,2.2,4,1.5,15.4,0.1,0.2,10.3,10.3,5.5,48.3,2,12.8,24.3,30.2,1.9,RB,0
Jordan Amavi,2017-2018,23,Marseille,0.1,0.8,56.2,80.4,0.4,205.2,5.7,124,2.4,1.3,1.1,39.2,2.2,66.7,0.3,1.2,0.9,1.4,0.9,1.4,0.5,0.7,1.8,4,3.5,9.4,0.1,0.2,2.5,2.5,0,62,3.6,19.5,36.2,14.6,0.4,LB,0
Jordan Amavi,2018-2019,24,Marseille,0.1,1,53,75,0.7,188,5.9,109.8,2.7,1.5,1,33.8,2.2,69.6,0.3,1.9,1.4,2.1,1.4,0.9,0.3,0.7,1.9,5,3.8,10.3,0,0.1,3.4,3.4,0,53.5,3.3,19.1,33.4,16.6,0.8,LB,0
Jordan Amavi,2019-2020,25,Marseille,0,0.7,51.4,78.8,0.2,218.5,5.2,98.9,2.2,1.3,0.8,34.7,1.5,73.3,0.4,1.7,0.8,1.2,1.3,1.4,0.2,0.9,2.3,4.6,4,8.9,0,0,1.3,1.3,0,57.7,3.2,21.2,31,14.6,1.2,LB,0
Jordan Amavi,2020-2021,26,Marseille,0,0.4,48.9,77.6,0.2,192.2,5.2,74.8,2.1,1.4,1,33.2,1.9,67.6,0.3,1.4,1.5,1,1,0.3,0.2,1.1,3,4.2,3.7,8.7,0,0.3,1.1,1.1,0,60,4,22.7,28.8,12.4,0.9,LB,0
Jordan Ikoko,2017-2018,23,Guingamp,0.1,0.1,39.5,49.5,0.6,602.4,3.2,93.9,1.7,1.3,0.7,31.8,1.6,51.4,0.2,1,0.7,1.1,0.8,0.7,0.1,0.7,1.8,3.4,2.8,11.1,1.3,0.1,0.5,2,0,58.5,2.7,16.2,28.9,14.7,1,RB,0
Jordan Ikoko,2018-2019,24,Guingamp,0.1,0.05,31.4,43.5,0.7,485.7,2.1,83.8,1.6,1.4,1.1,25,1.4,24.1,0.2,0.9,1.1,1.3,0.8,0.6,0.3,0.7,1.3,3.2,1.6,12,0.6,0,0.1,2.2,0.1,69.6,2,15,23.9,13.8,0.8,RB,0
Jordan Lotomba,2020-2021,21,Nice,0.1,0.04,49.2,60.3,0.6,698.8,2,115.5,1.4,1.2,1.1,44.6,1.4,40,0.3,1.1,1.5,1.1,0.8,0.6,0.3,0.5,1.4,2.9,2.2,10.8,1,0,0.2,2.2,0,60,2.8,21.3,35.1,14.2,1.1,RB,0
Jordan Lotomba,2021-2022,22,Nice,0.1,0.09,41.3,51.1,0.8,599.6,2.2,114.3,2,1.5,0.9,36.6,1.9,44.4,0.2,0.6,1.2,0.9,0.8,0.7,0.2,0.7,0.6,2.3,1.4,9.7,1,0,0.2,2.2,0,53.7,2.5,16.4,27.4,17.1,1.3,RB,0
Jorge,2017-2018,21,Monaco,0.1,0.03,34.4,46.4,0.9,556.6,2.8,99.5,2.3,1.5,1,30.6,1.5,43.5,0.4,1.3,2,1.9,1.1,0.7,0.1,0.8,3.1,6.3,4,9.2,0.7,0,0.2,2.9,0,40.4,2.7,17.2,31.9,13.7,0.7,LB,0
Juan Bernat,2018-2019,25,Paris S-G,0.2,0.2,57.7,88.5,0.3,149.9,2.8,98.2,1.4,1.4,1.1,48.8,2.3,39,0.3,1.6,1,1.6,1.1,1.2,0.2,0.7,1,3.3,2,5.4,0.1,0.1,2,2,0.2,56.3,2.3,13.5,33.9,20.6,2.3,LB,1
Juan Bernat,2019-2020,26,Paris S-G,0.2,0.4,73.3,89.1,0.1,177,1.8,119.2,2.3,1.2,1,59.9,1.8,25,0.3,1.1,1,1.8,1.3,2,0.1,0.8,0.6,3.4,1.7,7.7,0,0,1.6,1.6,0,71.8,2.4,16.7,44.9,22.6,3,LB,1
Juan Bernat,2021-2022,28,Paris S-G,0.1,0.1,64,92.2,0.1,180.4,1.6,108.6,1,0.7,0.5,54.2,0.9,50,0.2,0.4,0.8,1.3,1.2,0.5,0,0.8,0.8,3,1.5,5.7,0.1,0,1.1,1.1,0,60.9,3.1,18.4,36.1,18.6,2,LB,1
Jules Koundé,2017-2018,18,Bordeaux,0.1,0.13,39.9,47.8,0.2,773.4,5.4,159.8,0.6,0.1,0.2,36.7,0.8,46.9,0.1,0.5,0.3,1.1,0.7,0.2,0.6,0.2,0.8,2.3,5.5,1.4,1.4,0.2,0.7,0.1,0,50,5.7,27.6,28.8,1.7,0.6,RB,1
Jules Koundé,2018-2019,19,Bordeaux,0,0.07,43.6,54.5,0.2,821.4,4.9,147.7,0.4,0.4,0.2,39.9,0.8,56.9,0.1,0.7,0.6,0.8,0.7,0.4,0.6,0.6,1.4,2.6,5.2,2.7,1.6,0.1,0.3,0.1,0,86.7,6.6,33.2,30.9,2.1,0.6,RB,1
Junior Sambia,2020-2021,23,Montpellier,0.1,0.06,37.5,48.6,1.4,626.8,3.6,99,2.6,1.5,1.4,35.8,2.9,53.9,0.1,0.8,1.6,1.1,1,0.4,0.5,0.5,1.4,2.9,1.7,9.3,0.4,0,0.6,3.4,0.2,50,2.6,15.8,28.2,16.8,0.9,RB,0
Junior Sambia,2021-2022,24,Montpellier,0.1,0.08,32.3,42.6,0.7,514.3,2.9,98.2,2.4,1.9,1.1,32.1,2,56.8,0.3,1.1,1.5,0.8,0.8,0.5,0.2,1.1,1.2,2.5,1.8,8.9,0.5,0,0.3,2.9,0.1,56.5,3.4,14.4,24.6,16.1,1.2,RB,0
Junior Sambia,2018-2019,21,Montpellier,0.1,0.09,29.5,40.3,1.5,517.6,4.1,250.2,3.4,0.6,3.7,2.7,0,41.4,0.3,1.8,2.3,0.7,0.6,0.9,0.2,1.2,0.5,1.9,0.3,6.3,1.5,0,0.8,5.6,3.4,60.4,0.4,4.7,26,26.1,2.8,RB,0
Kévin Malcuit,2017-2018,26,Lille,0.2,0.04,46.8,59.4,1,701.7,3,184.3,3.5,1.9,1.5,46.2,2.6,52,0.1,0.6,1.6,1.8,0.8,0.4,0.2,0.4,1.9,4.4,2.3,8.8,1.2,0,0.3,3.3,0,59.4,2.6,20.6,35,18.4,1.5,RB,1
Kelvin Amian,2017-2018,19,Toulouse,0,0.4,37.2,77.7,0.3,214.2,5.6,61.7,0.9,1,0.6,21.3,0.9,48.6,0.1,0.8,0.4,1.2,0.6,0.3,0.2,0.5,1.3,3,3.6,9.2,0,0.2,1.2,1.2,0,55.9,3.5,16.3,21.1,9.6,0.5,RB,0
Kelvin Amian,2018-2019,20,Toulouse,0,0.6,37.7,78,0.1,192.5,4.1,78.7,1.5,1,0.6,22.5,1.2,49,0.2,1.2,0.3,1.4,0.6,0.3,0.4,0.7,1.1,3.2,3.5,7.7,0,0.1,0.7,0.7,0,61.5,3.8,16.6,23.7,8.7,0.3,RB,0
Kelvin Amian,2019-2020,21,Toulouse,0,0.4,37.3,80.8,0.1,188.6,4.7,89,1.5,1,0.6,23.5,0.8,50,0.2,1.3,0.4,1.2,0.8,0.6,0.4,0.4,1,2.5,3.1,7.8,0.1,0.1,0.7,0.7,0,45.8,4.1,15.8,21.6,9.5,0.6,RB,0
Kenny Lala,2017-2018,25,Strasbourg,0.2,0.04,44.3,58.3,1.3,925.4,9.8,164.7,3.2,1.3,1.2,38.5,2.3,50,0.2,0.9,1,1.6,0.7,0.9,0.3,0.3,1.4,4.3,2.3,12.9,1.6,0.1,1.3,2.3,0,57.9,3.8,21.5,35,14.5,0.4,RB,0
Kenny Lala,2018-2019,26,Strasbourg,0.2,0.06,49,64.5,1.6,954.5,8.5,153.4,3.4,2,1.4,45.3,3,40,0.1,1,1.1,1.3,0.9,0.7,0.3,0.5,0.8,3.1,1.8,13.7,1.9,0.2,1.6,5.9,1.6,43.4,2.6,16.7,36.7,23.3,0.8,RB,0
Kenny Lala,2019-2020,27,Strasbourg,0.3,0.1,44.4,60,1.2,900.9,8.8,167.2,3,1.4,1.2,39.8,2.6,61.5,0,0.7,0.8,0.7,0.5,0.7,0.2,0.4,0.9,2.2,1.8,13.9,2.2,0.1,1.3,5.8,1.7,64.7,3,18.5,32.6,19,1.1,RB,0
Kenny Lala,2020-2021,28,Strasbourg,0.3,0.05,39.6,55.6,1.3,800.3,7.4,111.1,2.3,1.8,1.1,36.9,2.7,55.9,0,0.9,0.7,0.6,0.5,0.5,0.3,0.3,1.1,2.2,1.6,13.4,2,0,0.8,5.2,1.4,47.1,3.1,17.6,28.6,18.8,1,RB,0
Kenny Tete,2017-2018,21,Lyon,0.2,0.1,47.8,60.1,1.1,754.1,4,107.7,1.7,1.4,1.2,42.9,1.7,48.8,0.2,1.2,1.1,1.4,0.8,0.6,0.4,0.7,1.6,3.7,2.9,10.8,0.8,0.2,0.4,3.2,0,40,3.8,17.1,37.9,16.6,1.5,RB,1
Kenny Tete,2018-2019,22,Lyon,0.2,0.09,53.5,66.1,1.7,874.2,3.9,149.1,1.9,1.5,0.6,50.8,2.8,48.6,0.1,1.6,1,2,1.1,0.5,0.4,0.7,1.5,4.1,2.5,7.6,0.4,0.1,0.3,4,0,16.7,2.3,14.9,44.1,19.3,2.2,RB,1
Kenny Tete,2019-2020,23,Lyon,0.2,0.1,57.1,71.9,1.3,894.5,4.3,112.1,1.7,1.3,0.4,52,2.4,50,0.1,1.1,1.6,1.8,1.3,0.7,0.3,0.8,1.6,4.4,2.9,12.1,0.9,0,0.1,4,0,55,2.9,19.9,42.1,22,1.9,RB,1
Léo Pétrot,2021-2022,24,Lorient,0,0.11,39,47.3,0,790.9,5.7,99.8,0.3,0.4,0.1,37.2,0.3,38.2,0,0.3,0.5,0.8,1,0.4,0.8,0.8,1.1,2.6,4.3,1.1,1,0,0.1,0,0,50,7.7,32.2,24,1.1,0.4,LB,0
Layvin Kurzawa,2017-2018,24,Paris S-G,0.2,0.06,50.4,59.6,0.4,580.6,1,88.7,1.9,1.5,0.8,45.4,1.3,55.9,0.1,1.6,0.6,1.7,0.8,1.3,0.2,0.7,1.8,4.2,2.2,9.1,0.9,0.1,0.1,2.1,0,60,2.1,16.4,34.9,19.3,3.4,LB,1
Layvin Kurzawa,2018-2019,25,Paris S-G,0.4,0.18,42.4,51.3,0.8,510.2,1,56.9,1.3,1.5,0.8,37.5,1.9,67.5,0.4,2.5,0.5,1,0.5,0.9,0.2,0.7,0.9,2.6,1.4,6.9,0,0,0.2,2.1,0.1,54.5,1.8,12,26.6,22.4,3.1,LB,1
Layvin Kurzawa,2019-2020,26,Paris S-G,0.1,0.15,63,70.8,0.7,805.3,1.8,78.5,1.7,1.5,1.6,56.5,1.3,51.5,0.4,2.1,0.7,1.7,1.2,1.3,0.1,1.2,1.9,4.3,2.5,7.2,0.7,0,0.1,2.2,0,40,2.4,20,42,22.9,2.8,LB,1
Layvin Kurzawa,2020-2021,27,Paris S-G,0.2,0.09,58.2,68.5,1.1,800.6,1.7,87.3,1.6,1.8,1,52.1,1.5,69.8,0.3,2.3,0.5,1.3,0.6,1.3,0.4,1.1,2,3.8,1.8,8.2,1.1,0,0.1,3,0,63.6,3.3,21.5,36.4,22.2,2,LB,1
Leo Dubois,2017-2018,22,Nantes,0.2,1.3,59.5,70.2,0.7,385.7,13.2,109,2.5,1.5,0.8,35.3,3.5,49.3,0.1,0.7,0.9,1.2,0.6,0.8,0.4,1,1.5,3,2.9,15.7,0,0.4,7.5,7.5,2.4,70.4,3.1,19.7,30.2,21.7,1.1,RB,0
Leo Dubois,2018-2019,23,Lyon,0.2,0.8,66.6,82.7,0.9,281.1,5.5,145.6,2.2,0.9,0.5,47.7,2.4,53.8,0.1,1.3,0.7,1,0.9,0.7,0.4,0.9,1,3.2,2.7,9.9,0,0.2,3.9,3.9,0.1,44.8,3.3,16,41,20.1,1.8,RB,0
Leo Dubois,2019-2020,24,Lyon,0.1,0.3,64.5,78.6,0.4,299.1,8,105.8,1.5,1.3,0.3,46.1,1.8,76,0.2,1.1,0.7,1.5,0.9,0.6,0.3,0.5,1.2,3.3,2.3,11.2,0,0.3,3.9,3.9,0.1,52.4,3,19.1,39.1,16.8,0.6,RB,0
Leo Dubois,2020-2021,25,Lyon,0.2,0.6,70.8,78.2,0.7,350.9,10.4,134.4,2.6,1.3,0.5,48.2,3.9,60.4,0.1,0.7,1,0.8,0.6,0.6,0.3,0.6,1,2.1,2.1,14.8,0,0.3,6.6,6.6,2.8,56.6,2.9,17.8,35.5,27.5,2.1,RB,0
Leo Dubois,2021-2022,26,Lyon,0.1,0.5,70.6,82.4,0.4,298,9.5,120.7,1.9,1.1,0.6,53.2,2.3,52.5,0.3,0.9,0.7,1.4,1.4,1,0.2,1.2,1.1,3.4,1.8,10.1,0.1,0.4,3.9,3.9,0.3,50,2.9,19.3,40.6,21.1,1.2,RB,0
Lionel Carole,2018-2019,27,Strasbourg,0.1,0.4,54.8,78.2,0.5,276.7,5.4,113.5,2.4,1.5,1.3,38.1,1.9,47.4,0.1,0.6,1.4,0.6,0.6,0.3,0.3,0.7,1.7,3,2.7,10.6,0.1,0.5,2.7,2.7,0,38.5,3.9,19,28.5,17.8,0.9,LB,0
Lionel Carole,2019-2020,28,Strasbourg,0,0.4,57.2,77.4,0.3,333.7,9.8,111.3,1.9,1,0.7,41.3,2.3,76.7,0.2,0.8,1.4,0.6,0.9,0.3,0.1,0.1,1.3,3,1.6,8.6,0.1,0.8,3.5,3.5,0,63.6,2.8,17.3,34.3,14.4,0.8,LB,0
Lucas Lima,2017-2018,25,Nantes,0.2,0.04,34.1,53.5,1.5,588.8,4.6,76.7,1.5,1.8,1.3,32.3,3.5,48.8,0.1,0.9,0.8,1.6,1.1,1.3,0.2,1.2,1.3,3.8,2.9,13.9,2.4,0,0.3,8.4,2.7,47.1,2.8,17,27.1,22.7,0.7,LB,0
Lucas Lima,2018-2019,26,Nantes,0.2,0.05,44.2,64,1.4,717.9,4.4,112.2,2.2,2.1,1.1,40.4,3.5,46.4,0.2,1.7,1.1,1,0.7,1.2,0.1,1.3,1,2.8,2.2,15.7,2.7,0.1,0.3,7.8,1.7,55,2,15.7,32.3,27.7,1,LB,0
Malo Gusto,2021-2022,18,Lyon,0.2,0.05,61.6,71.8,1.1,949.5,2.9,151.3,2.9,1.9,0.8,55.8,2.2,48.5,0.1,1.2,1,1.7,1.1,0.8,0.3,0.7,1.6,4.2,2,8.5,0.8,0,0.1,3.3,0.1,55.9,2.7,20.4,42.3,21.9,1.4,RB,1
Massadio Haïdara,2020-2021,27,Lens,0.2,0.18,42.5,52.3,0.8,723.3,3.7,119.8,1.1,1.4,0.3,37.4,1.6,60.9,0.3,1.4,1.5,1.4,1,0.6,0.3,1,1.5,3.5,2.5,8.3,1.5,0,0.6,1.9,0,48.4,2.6,17.7,34.1,12.4,1.3,LB,0
Massadio Haïdara,2021-2022,28,Lens,0.1,0.14,45.1,54,0.3,680.7,2,104.2,1.6,0.8,0.6,39.5,1,56,0.4,1.7,0.9,1.8,1.3,0.8,0.3,1.2,1.8,4.2,2.6,6.7,1.3,0,0.3,1.5,0,37.5,4.6,19.7,33.8,11.4,1.1,LB,0
Mathieu Deplagne,2017-2018,25,Troyes,0,0.2,50.5,79.2,0.3,279.6,5.5,70,1.3,0.4,0.6,29.5,1.2,55.7,0.2,0.8,1,1.4,0.7,1,0.4,0.6,2.2,4.2,3.5,11.6,0,0.3,2,2,0,65.2,3.7,20.3,27.4,13.7,0.6,RB,0
Matthieu Udol,2019-2020,23,Metz,0.1,0.23,35.3,48.9,0.7,590.6,2.5,122.5,2.4,0.7,0.5,30.7,1.7,48.1,0.2,1.1,1.4,1.6,1.1,0.9,0.3,1.4,1.9,4.2,3.5,10.7,1.6,0,0.2,3.1,0,63.6,3.9,22.6,28.2,11.3,0.3,LB,0
Matthieu Udol,2020-2021,24,Metz,0.2,0.05,40.5,50.1,0.8,633.4,2.3,96.5,1.6,1.7,0.9,34.5,2,54.8,0.1,0.8,0.9,1.1,0.9,1.1,0.3,1,2,3.8,1.6,10.3,1.2,0,0.2,3.1,0,48.4,2.1,19.1,27.9,14.8,1,LB,0
Matthieu Udol,2021-2022,25,Metz,0.1,0.1,34.6,44.4,0.1,602,3.1,104.2,0.9,0.6,0.3,31.5,1.4,67.6,0,0.2,0.5,1.3,1.1,0.5,0.6,1.2,2.8,4.8,2.6,5,0.7,0.1,0.1,2.4,1.1,69.2,3.9,22.6,26.3,7.2,0.5,LB,0
Mattia De Sciglio,2020-2021,27,Lyon,0.1,0.2,60.1,82.6,0.4,301.9,6.1,78.2,1.1,1,0.1,42.6,1.2,61.3,0.2,1.3,0.6,1,1.1,0.6,0.2,0.6,1.7,3.4,2.8,7.7,0,0.6,2,2,0.1,57.1,3.6,21.7,34,14.4,1,RB,1
Maxime Busi,2021-2022,21,Reims,0.1,0.4,49.2,77.3,0.3,251.5,7,138,1.6,2.1,0.6,34,2.1,36.7,0.2,1.3,0.5,1,1.3,1.2,0.3,1,1.2,3,1.9,9.5,0.1,0.8,2.1,2.1,0,62.5,3.7,21,23.3,15.8,1.2,RB,0
Maxime Poundjé,2017-2018,24,Bordeaux,0.1,0.03,37,50,0.8,524.9,2.1,113.4,2.4,1,0.9,32.9,1.7,76.5,0.3,1,0.7,1.5,1.5,1.2,0.3,0.4,1.8,4.7,3.3,11,0.6,0.2,0.2,4.3,0.1,60.3,2.2,16.9,30.1,16,0.3,LB,0
Maxime Poundjé,2018-2019,25,Bordeaux,0.1,0.04,39.6,51.8,1.2,579.9,2.2,111,2.2,1,0.4,34.4,1.9,50.6,0.1,0.9,0.7,1.2,1.1,1.1,0.2,0.7,1,2.7,2.8,10.6,0.9,0,0.1,3.8,0,53.6,2.4,16.8,30.4,14.7,0.3,LB,0
Mehdi Zeffane,2017-2018,25,Rennes,0.1,0.03,41,53.2,0.4,655.6,3.2,77.7,1.3,1,0.3,37.5,1.2,48,0,0.6,0.4,1.1,0.8,1.5,0.2,0.7,1.1,2.6,4,8.7,0.5,0.1,0.5,2.1,0,57.1,2.9,18.3,33.9,12.6,0.3,RB,0
Mehdi Zeffane,2018-2019,26,Rennes,0.1,0.1,47.2,57.8,0.6,741.9,3.5,103.3,1.4,1.1,0.7,41.5,1.5,47.2,0.3,0.8,0.4,1,0.7,1.2,0.4,0.7,1.3,2.7,2.6,10.1,0.7,0,0.2,2.1,0,40,2.7,20.6,31.1,17.1,0.6,RB,0
Melvin Bard,2021-2022,20,Nice,0.1,0.2,65.3,80.3,0.5,300.8,7.2,126.2,1.9,1.4,0.6,44.9,1.6,56.9,0.1,0.7,1,1.3,1.4,0.8,0.3,0.8,1.8,3.8,1.9,10.3,0,0.1,3,3,0,59.5,3,20.6,42.5,13.7,0.5,LB,0
Miguel Trauco,2019-2020,26,Saint-Étienne,0.1,0.08,37.8,51.5,0.7,572.3,2,69.5,1,1.2,1,33.4,1.4,35.7,0.4,1.5,0.2,1.2,1.2,1.5,0.1,0.4,1.4,3.4,1.5,10.8,0.8,0,0.5,1.6,0.3,65.8,2.3,17.1,30.6,13.7,0.7,LB,0
Miguel Trauco,2020-2021,27,Saint-Étienne,0.1,0.03,47.9,63.3,1.3,796.7,4,64.7,1.3,1.1,0.5,40.8,2.1,55,0,1.3,0.5,1.3,1,0.9,0.2,0.7,1.3,3.4,1.5,13,2,0,0.4,3.3,0.2,35.7,2.3,23.4,34.1,15.2,0.4,LB,0
Miguel Trauco,2021-2022,28,Saint-Étienne,0.1,0.04,41.4,57.5,0.9,661.9,2.8,83.4,1.2,0.6,0.4,40.3,1.2,45.8,0.2,0.6,0.6,1.5,1,0.8,0.3,0.7,1.9,3.9,1.4,9.9,0.9,0.1,0.6,3.7,0,37.5,3,18.9,32.6,16.2,0.6,LB,0
Mihailo Ristić,2019-2020,23,Montpellier,0.1,0.04,30.2,41.6,0.9,521,3.9,74.9,1.6,2.8,0.4,31.2,2.1,46.4,0.1,1.7,0.6,1.6,1,1.2,0.2,0.6,0.8,2.8,2,6.1,0.4,0,0.1,3.1,0,40,2.3,11.4,25.5,15.5,1.3,LB,0
Mihailo Ristić,2020-2021,24,Montpellier,0.1,0.04,38.6,50.9,1.4,718.6,5.5,97.6,2,1.3,0.8,35.3,1.8,46.2,0.2,1.1,0.7,0.9,1.1,0.6,0.4,0.8,1,2.9,2.3,9.8,0.7,0,0.6,3.8,0,48.9,3.9,17.6,28.7,16.9,0.5,LB,0
Mihailo Ristić,2021-2022,25,Montpellier,0.1,0.03,39.1,52.7,0.7,630.4,3.2,117.9,2,1.4,1,35.4,2.2,60,0.1,1.3,1.3,1.6,1.2,0.9,0.3,0.5,0.8,3,2.4,11.2,1.2,0.2,0.6,3,0,68.3,3.9,20.3,29.8,14.4,0.8,LB,0
Mitchel Bakker,2020-2021,20,Paris S-G,0.1,0.1,70.9,88.2,0.5,222.9,3.4,78.4,1.6,1,0.6,54.4,2,63.9,0.1,0.9,0.5,1.6,0.9,0.5,0.1,1.1,1.2,3.2,1.1,7,0,0.1,2.7,2.7,0,50,2.4,17.1,36.9,25.6,1.5,LB,1
Muzinga Ngonda,2020-2021,25,Dijon,0.1,0.03,46.6,66,1.2,781,4.1,90.1,1.8,1.6,0.7,43.2,1.4,44.3,0.2,1.4,0.6,1.6,1.2,0.8,0.1,1,2.8,5.1,2.3,11.6,1.1,0.1,0.2,2.7,0.1,64.3,4.1,26.6,38.5,14.1,0.4,LB,0
Nicolas Cozza,2018-2019,19,Montpellier,0,0,43,83.8,0,203.8,4.9,96.4,0.8,1.7,0.7,31.6,0.7,42.4,0,1,0.9,1.4,0.4,0.5,0.9,0.3,2.1,3.8,3.4,3,0,0.5,0.2,0.2,0,57.1,3.7,24.5,26.2,5,0.3,LB,0
Nicolas Cozza,2020-2021,21,Montpellier,0,0.1,39.6,78.8,0.1,256.5,5.7,89.9,1.5,1.4,0.2,28.1,0.8,40.5,0.1,1.1,1.1,2,1.3,1.3,0.7,0.6,1.7,4.3,4.1,5.3,0,0.1,0.9,0.9,0,60,5.7,22.3,22.7,7.4,0.4,LB,0
Nicolas Cozza,2021-2022,22,Montpellier,0,0.2,44.7,81,0.1,229,6.1,94.7,1,1.6,0.5,33.1,1,53.3,0.1,0.8,0.6,1.5,1.1,1,0.6,0.5,1.2,3.8,2.7,4.2,0,0.2,0.8,0.8,0,54.5,5.3,26.9,23,6.7,0.9,LB,0
Nordi Mukiele,2017-2018,19,Montpellier,0.1,0.06,42.6,56.9,1.1,776.6,5.2,141.1,1.9,1.4,0.9,40.1,2.3,67.6,0.2,1.1,2.1,1.8,0.8,0.6,0.5,0.4,2.4,4.6,3.4,7.4,2.7,0.1,0.7,3.6,0.1,65.1,3.4,21,37.6,12,1.1,RB,1
Nuno Mendes,2021-2022,19,Paris S-G,0.2,0.04,53.2,61.4,0.7,783.5,2.9,106.4,2.3,1.4,1,47.2,2.4,47.6,0.2,1,1.3,1.6,1.4,1.2,0.3,1.2,1.1,3.7,0.9,8.3,1,0,0.2,2.1,0.4,47.5,2.4,16.7,36.3,21.5,1.4,LB,1
Oualid El Hajjam,2017-2018,26,Amiens,0.1,0.03,31.2,44.5,0.5,496.4,2,67.6,1.2,1.6,1.2,24.3,1.2,37,0.2,1.5,1.1,1.8,0.9,1.1,0.2,0.8,2.4,5,3.7,11.9,0.5,0,0.3,2.2,0,59.4,3.8,20.1,27.5,10.9,0.7,RB,0
Patrick Burner,2017-2018,21,Nice,0.1,0.2,64.3,86.1,0.3,295.7,5.7,151.9,1.9,0.8,0.6,47.9,2.2,50,0.2,1,1.4,1.2,0.7,1.3,0,0.6,1.3,3.1,2.3,10.5,0,0.1,1.5,1.5,0,79.4,2.6,25.5,37.7,10.3,0.8,RB,0
Patrick Burner,2018-2019,22,Nice,0,0.5,50.6,83.4,0.3,231.7,3.9,64.7,1.2,1.3,0.7,36.3,0.9,40.7,0.2,1,0.8,1.5,1.1,1.2,0.3,0.7,2.1,4.5,2.7,8.9,0,0,1.6,1.6,0.1,39.4,3.6,22.8,31.2,9.4,0.3,RB,0
Patrick Burner,2019-2020,23,Nice,0,0.4,69,85.6,0.3,348,6,100.2,0.7,0.4,0.2,50.5,1.3,25,0.4,1.1,0.6,1.6,0.9,0.7,0.1,0.6,1.9,4.1,2.3,10,0,0.1,1.5,1.5,0,64.5,2.4,26.1,43.6,9.2,0.6,RB,0
Patrick Burner,2020-2021,24,2 Teams,0,0.4,46.6,76.4,0.2,221.6,6.3,60.6,0.7,1,0.2,28.3,1.6,38.2,0,1,0.8,0.8,0.9,0.9,0.2,0.5,1.6,3.3,2.8,10.9,0,0,1.8,1.8,0,54.5,4.1,20.5,26.9,9.2,0.4,RB,0
Pedro Rebocho,2017-2018,22,Guingamp,0.1,0.04,41,53.9,0.9,637.5,3.4,76.6,1.4,1.7,0.6,35.2,1.8,44.1,0.2,0.9,0.6,1.2,0.6,0.8,0.3,0.7,1,2.5,4,11.5,1.2,0,0.2,3.1,0.2,69.6,3.1,19.1,30.9,14.7,0.4,LB,0
Pedro Rebocho,2018-2019,23,Guingamp,0.2,0.04,42.4,58.6,1.1,735.3,4.1,94.7,1.8,0.9,0.8,33.2,2.5,54.3,0.1,0.5,0.9,1,0.8,0.7,0.4,1,1.1,2.8,2.6,15.8,2.3,0,0.2,6.9,2.3,73.3,2.9,18.2,31.3,18.9,0.5,LB,0
Pierre-Yves Polomat,2018-2019,24,Saint-Étienne,0.2,0.03,41.5,52.8,1.1,658.2,2.8,72.8,0.8,0.9,0.9,36.9,2.2,51.6,0.2,1.1,0.6,1.2,0.9,0.8,0.2,0.2,2,3.7,2.6,9,0.3,0,0.4,3.3,0,40,1.4,17.2,29,18.2,1,LB,0
Pol Lirola,2020-2021,22,Marseille,0.2,0.13,36.2,47.6,1.1,558.7,2.8,116.7,2.1,2.2,0.6,32.6,2.2,63,0.2,0.8,0.9,0.9,0.9,0.7,0.3,0.8,1.4,3.1,1.5,9.2,0.6,0,0.8,3.4,0,60.4,2.4,14.6,25.8,19.4,2.4,RB,1
Pol Lirola,2021-2022,23,Marseille,0.2,0.1,45.5,56.5,1.6,678.8,2.9,133.7,1.7,1.9,0.9,45.3,2.8,70.4,0.1,0.6,0.7,0.8,0.7,0.8,0,0.8,0.7,2.1,1.1,7.5,0.6,0.2,0.3,3.6,0.1,54.3,1.5,12.7,30,24.2,3.1,RB,1
Quentin Merlin,2021-2022,19,Nantes,0.1,0.03,48,63.5,1.2,840.7,5.4,128.7,1.9,1.2,0.5,43,2.9,29.4,0,0.5,0.2,1.3,1.2,1.1,0.2,1,1.3,3.4,1.4,13.1,1.4,0,0.4,6.4,2.1,62.1,2.1,16.4,35.3,21.6,0.7,LB,0
Racine Coly,2019-2020,23,Nice,0,0.8,74.1,84.3,0.1,340,5,111.4,0.6,2.2,0.4,55.6,1.7,60,0.7,1.7,1.1,1.8,1.2,1.1,0,0.7,1.7,4.6,3.2,12.5,0,0.4,1.2,1.2,0,55.6,4,28.8,49.9,9.7,1,LB,0
Rafael,2017-2018,27,Lyon,0.2,0.09,49.2,62.1,0.7,708.5,2.4,132.6,3.1,1.2,0.7,44.1,2.4,49.1,0.4,1.7,1.3,1.4,1.1,1,0.1,0.8,2.1,4.8,2.6,11.2,0.7,0,0.2,3.1,0,54.5,2.4,16.9,39,19.4,1.5,RB,0
Rafael,2018-2019,28,Lyon,0.1,0.03,52,65.6,0.9,741.7,1.8,155.5,2.6,1.4,1.3,46.4,2.9,53.1,0.4,1.9,1.7,1.7,1.5,0.6,0.2,1.5,1.3,4,2.6,10.7,1.3,0.2,0.3,4.1,0,55,3.3,18.3,40.6,18.5,0.8,RB,0
Ramy Bensebaini,2017-2018,22,Rennes,0.1,0.7,55.7,74.8,0.3,269.2,8.6,92.9,1.1,0.5,0.2,37.4,1.3,71,0.2,1.5,1.5,1.5,1,1.1,0.6,0.3,1.4,3.6,6.8,8.2,0,0.5,2.4,2.4,0,67.6,4.7,23.4,34.6,11.4,1.1,LB,1
Ramy Bensebaini,2018-2019,23,Rennes,0.1,0.7,53.2,77,0.2,278.9,7.4,114,1.7,1.3,0.4,35.7,1.5,61.4,0.4,1.3,1.4,2,1.7,0.8,0.4,0.6,1.7,4.6,4.1,9.8,0,0.3,1.4,1.4,0,42.9,3.8,21.9,32.2,12.8,1,LB,1
Rayan Aït-Nouri,2019-2020,18,Angers,0.1,0.3,56.7,76.5,0.9,288.8,6.9,113.1,2.5,1.9,1.7,38.6,1.8,73.9,0.2,0.8,0.8,1.5,0.7,0.8,0.1,0.9,1.3,3.3,2.3,10.6,0,0.1,3,3,0,54.3,2.4,21.2,30.9,16.7,0.9,LB,1
Reinildo Mandava,2019-2020,25,Lille,0,0.03,42.2,54.2,0.7,615.8,2.2,81.3,2,0.9,0.6,36.2,1.4,50,0.3,1.7,1.7,1.7,2,1.3,0.1,1.2,1.5,4.5,1.6,8.6,0.8,0,0.2,3.2,0,57.1,1.8,12.7,36.2,16.2,0.6,LB,1
Reinildo Mandava,2020-2021,26,Lille,0.1,0.03,51.9,65.7,1.2,786,3.1,93.2,1.8,1,0.5,44.3,1.8,75.4,0.1,1.6,1.4,1.8,1.4,0.9,0.1,0.9,1.9,5.1,2.2,10.4,1.1,0,0.1,3.4,0,71.8,2.9,20.1,37.8,19.2,0.5,LB,1
Reinildo Mandava,2021-2022,27,Lille,0,0.08,47.3,56.8,0.2,689.5,1.8,115.4,1.8,0.9,0.5,39.3,1.6,71.1,0.4,1.9,1.6,1.4,1.9,1.1,0.2,0.5,2.2,4.7,3.2,10.1,1.2,0,0.1,1.2,0,51.9,3.8,21.9,34.7,12.6,1.1,LB,1
Ricardo Mangas,2021-2022,23,Bordeaux,0.1,0.1,30.9,40.4,0.5,532.5,2.8,93.7,1.3,1.3,0.5,27.5,1.5,44.6,0.1,1,1.1,0.8,1,0.6,0.2,0.5,1,2.3,1.8,8.3,0.7,0.1,0.4,1.5,0,48.8,3.3,17.6,20.9,12.1,1.6,LB,0
Romain Perraud,2019-2020,21,Brest,0.1,0.05,47.9,62.5,0.8,755.3,3,96.8,1.2,1.9,1,41.1,1.7,28.6,0.1,1.2,1.6,0.8,0.8,0.8,0.5,0.8,1.5,3,2.7,14.9,1.5,0,0.4,3.2,0,57.1,3.4,25.2,33.5,17,1,LB,1
Romain Perraud,2020-2021,22,Brest,0.2,0.06,45.5,58.5,1.3,753,3.9,113.5,1.8,0.9,0.5,41.3,2.5,36.4,0.1,1.3,1.5,1,0.7,0.6,0.1,0.9,1.3,3,2.2,11.1,0.8,0,0.2,3.8,0.1,64.6,3.1,23,27.4,19.1,1.1,LB,0
Ronaël Pierre-Gabriel,2017-2018,19,Saint-Étienne,0,0.03,40.2,49.4,0.3,631.6,2.2,78.7,1.5,1.2,1,33.4,1.1,31.8,0.2,1.1,1.2,2.4,1.3,0.8,0.2,0.7,0.7,4,2.7,11.3,0.8,0.1,0.1,0.9,0,60.9,3.1,19,30.8,10.2,0.5,RB,0
Ronaël Pierre-Gabriel,2020-2021,22,Brest,0.1,0.06,45.2,55.3,0.9,750.7,3.1,80.7,1.2,0.5,0.5,38,1.6,44.7,0.2,1.1,1.1,1.6,1.4,0.7,0.3,0.4,1.2,3.5,2.2,10.5,0.7,0,0.1,1.6,0,61.4,3.9,20.9,31.2,13.2,0.6,RB,0
Ronaël Pierre-Gabriel,2021-2022,23,Brest,0.1,0.11,42.3,50.4,0.7,644.8,2.4,98.9,1.6,1.1,0.7,34.1,1.7,35.9,0.2,1,1,1.6,1.5,1.1,0.2,0.5,1.7,4.5,2.6,10.5,0.6,0,0.2,1.3,0,58.9,3.6,18.6,29.1,14.3,0.9,RB,0
Ruben Aguilar,2017-2018,24,Montpellier,0.1,0.6,56.5,76.8,0.8,289.1,5.4,125,2.8,1.2,1,39.3,2.6,44.4,0.1,1.1,1.8,1.8,1.3,1.3,0.1,0.8,1.4,4.7,3.3,12.8,0.1,0.4,3.5,3.5,0,62.5,2.3,16.8,33.7,20.1,1.2,RB,0
Ruben Aguilar,2018-2019,25,Montpellier,0.1,0.5,58.4,80.2,0.9,268.9,5.7,112.9,2.1,1.7,0.9,41.7,3.7,46.7,0.3,1.3,1.4,1.8,1.4,1.1,0.1,0.7,1.3,4.5,1.8,10.6,0,0.2,4.1,4.1,0,50.7,2.2,14.8,33.9,21.9,1.2,RB,1
Ruben Aguilar,2019-2020,26,Monaco,0.2,0.5,66.1,84.1,1.3,290.8,5.8,124.4,1.6,0.8,0.9,48.8,3,55.2,0.2,0.8,1.7,1.8,1.6,0.8,0.2,0.3,0.9,3.9,1.8,10.2,0.1,0.3,5.3,5.3,0,54.5,2.7,17.5,37,22.5,1.8,RB,1
Ruben Aguilar,2020-2021,27,Monaco,0.2,0.3,63.4,80.7,0.8,217.8,6.7,109.9,2.1,1.6,0.6,47.4,3.2,54.8,0.2,1.6,1.5,1.5,1.3,0.8,0.1,1.1,1.9,4.4,1.7,8.9,0,0.6,4.8,4.8,0.9,41.4,2.1,15,36,25.6,2.3,RB,0
Ruben Aguilar,2021-2022,28,Monaco,0.1,0.4,72.7,83,0.2,368.7,7.5,122.8,2.3,1.3,0.2,49.9,1.3,45.2,0.2,1.3,1.2,2.2,1.8,1.1,0.2,0.6,1.9,5.1,2.4,11.6,0.2,0.7,2.7,2.7,0,45.5,3.2,21.3,42.7,20.5,1.1,RB,0
Sacha Boey,2020-2021,19,2 Teams,0.1,0.5,51.7,76.7,0.6,261.7,6.9,53.4,1,1.7,0.6,31.3,1.8,49,0,1.7,0.6,1.9,1.4,1.3,0.2,0.9,1.9,4.5,2.9,12.1,0,0.1,2.4,2.4,0.1,48.9,3.5,20.4,29.1,15,0.9,RB,1
Saidy Janko,2017-2018,21,Saint-Étienne,0.1,0.03,39.4,51.5,0.7,584.1,1.8,133.4,2.7,1.2,1.3,34.4,1,48.5,0.3,1.5,0.8,1.9,0.9,0.6,0.1,1.3,0.9,3.6,3.2,12.3,0.6,0,0.1,3.6,0.1,71.1,3.2,16.5,28.4,18.6,0.5,RB,0
Sergi Palencia,2018-2019,22,Bordeaux,0.1,0.03,42.1,54.4,0.9,667.5,3.3,87.6,1.4,0.8,0.6,34.7,1.9,31.7,0.3,1.3,1.2,2.3,1.2,1.3,0.1,0.9,0.8,4.1,3.2,10.6,0.7,0.1,0.4,3.4,0,41.4,3.4,18.9,31.3,15.7,0.4,RB,0
Sofiane Alakouch,2018-2019,20,Nîmes,0.1,0.6,52.1,75.9,0.2,249.2,5,93.9,1.7,1.5,0.8,33.5,2.7,40.9,0.2,1.4,1.5,2.1,1.7,1.3,0.2,0.5,2.2,6,2.7,12.1,0.1,0.1,1.9,1.9,0,61.8,2.6,18.5,30.1,17.4,0.8,RB,0
Sofiane Alakouch,2019-2020,21,Nîmes,0,0.6,51.3,81.2,0.5,269,5.1,95,1.4,1.4,0.5,31.4,2.1,38.5,0.2,0.9,1.7,1.7,1.6,1.5,0.1,0.7,1.5,4.4,2.5,12.6,0,0.3,1.9,1.9,0,51.5,2.5,18.3,30.4,15.6,1.1,RB,0
Sofiane Alakouch,2020-2021,22,Nîmes,0.1,0.3,54.6,78.6,0.1,279.6,6.3,80.7,1.3,1.6,1,36.2,1.3,35,0.2,1.5,1.6,2,1.7,1,0.1,0.9,1.3,4.4,2.3,11.4,0,0.2,1.1,1.1,0,50,2.8,22.5,31.7,13.6,0.5,RB,0
Souleyman Doumbia,2020-2021,23,Angers,0.1,0.3,51.5,79.3,0.4,204.3,5.1,108.4,2.1,1.9,0.9,35.3,1.5,52.3,0.3,1.3,0.6,1.3,0.9,0.6,0.2,0.6,1.7,3.6,2,10.1,0,0.2,2.6,2.6,0,59.5,2.5,18.2,30.3,14.1,0.5,LB,0
Souleyman Doumbia,2021-2022,24,Angers,0.1,0.6,43.9,81.8,0.5,149.9,3.3,107.6,1.9,2.1,1,34.8,1.7,46.7,0.4,0.9,1,0.8,0.5,0.6,0.2,0.9,1.6,2.8,2.1,7.5,0,0.1,2.8,2.8,0,52.3,2.8,16.2,25.8,15.5,1.2,LB,0
Steeve Yago,2017-2018,24,Toulouse,0,0,32.5,41.9,0.6,525.8,2.7,60.4,1.1,1,0.7,21.6,1.4,57.1,0.4,2.4,1.4,2.1,1.1,1,0.4,0.5,1.9,4.7,3.7,12,1.4,0.1,0.1,1,0,43.8,3.5,17.3,24.9,11.4,0.4,RB,0
Steven Moreira,2018-2019,23,Toulouse,0.1,0.07,32.7,43.1,0.5,501.5,2,69,1.3,1.8,1,26.9,1.1,26.3,0.2,1.4,0.5,0.8,1,0.7,0,1.5,1,3,2,11.1,0.4,0,0.4,1.8,0.2,45.5,2.4,14.9,25,15.3,1.6,RB,0
Steven Moreira,2019-2020,24,Toulouse,0.1,0.04,36.2,47,0.8,595.5,3.2,106.7,2.1,1,0.7,29.9,1.9,36,0.2,1.8,0.6,1.6,1.2,0.8,0.2,0.8,1,3.4,1.9,9,0.5,0.1,0.1,2.1,0,68.8,3.7,18.7,24.1,14.1,0.5,RB,0
Thomas Delaine,2019-2020,27,Metz,0.1,0.5,49.3,68.9,0.6,208.1,6.2,144.5,3.9,1.6,0.8,33.9,1.7,33.3,0.3,1.6,0.8,1.1,0.9,0.6,0.1,1.1,1.1,2.9,2,10.9,0,0.2,4.8,4.8,0,58.6,1.8,15.1,27.8,17.9,0.9,LB,0
Thomas Delaine,2020-2021,28,Metz,0.1,0.9,42,72.4,0.7,146.9,4.7,152.5,3.5,1.4,0.6,31.6,1.5,29.6,0.2,1.1,0.9,0.9,1,0.8,0.3,0.9,1.2,2.8,1.5,7.1,0,0.1,4.3,4.3,0,56.9,2.4,14.9,22.5,15.4,1.2,LB,0
Thomas Foket,2018-2019,23,Reims,0,0.1,44.9,74.5,0.2,226.8,4.6,69.8,1,0.9,0.5,25.9,1.2,40.6,0.2,1.5,1.3,1.6,1.3,0.8,0.1,0.8,1.5,4.4,2.5,10.5,0,0.2,1.7,1.7,0,52.4,3,19.2,23.9,12.2,0.6,RB,0
Thomas Foket,2019-2020,24,Reims,0.1,0.06,38.4,48.4,0.7,646.4,2.8,97.7,1.1,0.8,0.4,30.3,1.8,42,0.1,1,1.2,1.3,1.1,0.7,0.1,0.4,1.4,3.7,2.2,11,0.8,0,0.4,1.8,0,61.9,3.1,19.7,25.6,12.7,0.9,RB,0
Thomas Foket,2020-2021,25,Reims,0,0.03,40.8,52.1,0.7,721.2,4,101.6,1.6,1,0.5,34.3,1.3,40,0.1,0.9,0.9,1.2,1.1,0.8,0.2,0.6,1.9,4,2.5,10.7,0.8,0,0.5,1.6,0,60,3.3,23.9,24.3,13.6,0.6,RB,0
Thomas Foket,2021-2022,26,Reims,0.1,0.07,33.6,43.3,1,556.8,3.2,71.5,1,1.4,0.7,31,1.4,44.1,0.2,1,1.1,0.8,0.7,0.9,0.2,0.9,1.3,2.5,1.4,6.7,0.7,0,0.5,2.6,0.1,50,3.5,17.4,20.3,14.3,1.1,RB,0
Thomas Meunier,2017-2018,25,Paris S-G,0.3,0.07,54.2,66.2,1.5,701.3,2.7,162.2,3.9,0.8,0.5,49.4,2.3,67.6,0.2,1.7,0.3,1.2,1,0.9,0.1,0.3,1,3.2,3.1,8.7,0.9,0.2,0.3,4.3,0.1,73.1,3.1,16.2,36.6,22.7,2.7,RB,1
Thomas Meunier,2018-2019,26,Paris S-G,0.3,0.13,44.8,54.7,1.3,659.1,2.6,127.8,2.6,0.8,0.6,39.7,2.2,65.4,0.1,1.3,0.2,1.8,1.2,0.8,0.1,0.6,1.1,3.5,1.6,6,0.2,0.2,0.4,2.9,0.1,50,2.2,14,27.3,22.8,3,RB,1
Thomas Meunier,2019-2020,27,Paris S-G,0.2,0.11,55.7,67.4,1.6,914.8,4.8,113,2.3,0.7,0.3,48.3,2.1,63,0.2,1.4,0.1,1.5,1.2,0.7,0.4,0.9,1.3,3.3,1.4,9.1,0.5,0,0.5,4,0.1,56.3,2.2,15.9,36.2,24.3,2.3,RB,1
Timothee Pembele,2021-2022,18,Bordeaux,0.3,0.05,27.6,38.8,0.6,383,0.8,122.7,2.4,4.1,1.3,29.3,2.3,38.5,0.2,1.2,1.1,0.5,0.6,1.2,0.2,0.6,1,2.3,1.5,11.3,0.4,0,0,2.6,0,50.6,1.9,13.1,24.2,18.8,3.4,RB,0
Valentin Rosier,2017-2018,20,Dijon,0.1,0.07,36.6,47.6,0.7,577.3,2.7,110.4,1.9,1.4,1.7,30.6,1.6,53.1,0.2,2,0.6,1.7,0.8,1.4,0.3,1.1,1.9,4.2,4,10.1,0.4,0.1,0.2,1.7,0,77.4,3.4,18.1,29.2,13.1,0.6,RB,0
Valentin Rosier,2018-2019,21,Dijon,0.1,0.04,44.2,53,0.6,709,2.5,100.8,1.7,1.6,1.5,34.6,2,56.3,0.1,2.2,1.2,1.5,1,0.9,0.2,1.3,2,4.7,2.8,10.8,0.7,0,0.4,1.7,0,61.5,3.1,18.2,31.6,16.3,0.7,RB,0
Vanderson,2021-2022,20,Monaco,0.2,0.09,34,47.5,1.8,586,3.6,101.6,1.4,3.6,1.5,39.5,2.3,46.7,0.2,1.5,0.9,1.5,1.2,0.6,0.3,1,1,3.9,1,3.6,0.3,0.1,0.5,2.3,0.2,37.8,2.1,10.3,27.2,25.6,3.5,RB,1
Vincent Manceau,2017-2018,28,Angers,0.1,0.04,40.3,52.6,0.8,647.3,3.2,87.7,1.5,0.7,0.6,30.8,1.5,53.6,0,0.8,0.9,1.5,1.3,1,0.1,1,1,3.6,3.1,13.8,1,0.1,0.2,1.9,0,66.7,2.6,19.5,29.8,14.4,0.7,RB,0
Vital N'Simba,2021-2022,28,Clermont Foot,0.2,0.03,45.7,59.2,1.6,724.1,3,128.5,1.8,1.6,1.3,43.3,2.1,40,0.1,0.9,1.6,1.5,1.2,0.9,0.2,0.7,0.9,3.1,1,10.3,0.8,0.2,0.5,3.6,0.1,69.4,2,20.2,32.8,16.9,0.6,LB,0
Yoël Armougom,2018-2019,20,Caen,0.1,0.5,43.8,70.5,0.5,227.4,7.8,81.9,1.5,1.4,0.4,28.9,1.9,49.1,0.2,0.9,0.7,1,0.7,0.7,0.1,0.3,1,2.5,3.2,9.1,0,0.1,3.4,3.4,0,35.5,2.3,17,26.2,11.2,0.3,LB,0
Yoann Andreu,2017-2018,28,Angers,0.1,0.2,52.9,77.8,0.6,278.2,5.4,89.8,2.2,0.9,0.8,32.3,1.7,57.4,0.2,0.9,0.7,1.3,0.7,1,0.2,0.8,1.6,3.7,3.3,11.3,0,0.2,2.6,2.6,0,54.2,2.5,21,28.1,14.1,0.5,LB,0
Youcef Atal,2021-2022,25,Nice,0.1,1,58.3,75.3,0.6,213.6,6.9,146.7,3.3,1.5,1.5,42.4,2.4,68.4,0.3,1.3,1.8,1.5,1.1,0.9,0.2,0.9,2.5,4.8,1.7,9.5,0.3,0.2,4.3,4.3,0.1,46.2,2.1,17.3,32.2,22.9,2.3,RB,0
Youssouf Koné,2018-2019,23,Lille,0.1,0.03,44.6,56.6,1.2,715.3,3.3,123,3,0.9,0.5,39.1,2,34.2,0.2,0.9,1.4,2,2.2,1.3,0.2,1.5,2.1,5.6,2.7,10.4,1,0,0.3,3.7,0,63,2.8,20.5,35,14.2,0.3,LB,0
Youssouf Koné,2019-2020,24,Lyon,0,0.02,61,72,0.4,993.2,5.5,139.4,2.2,1.4,1,55.5,1.9,46.2,0.1,0.4,0.7,1.5,1.3,0.9,0.1,0.1,0.9,3.3,1.7,9.4,0.9,0,0.6,2.6,0,72.7,2.2,21.6,45.1,14.5,0.1,LB,0
Youssouf Koné,2021-2022,26,Troyes,0.1,0.02,29.6,40.3,1,540.2,3.5,102.2,1.3,0.4,1,30.3,1.2,37.5,0.2,0.6,1.8,1.7,1.7,1,0.3,0.5,0.9,3.7,2.3,4.4,0.4,0.2,0.6,3,0,71.4,2.9,18,23.1,9.8,0.3,LB,0
Youssouf Sabaly,2017-2018,24,Bordeaux,0.1,0.06,48.3,61.2,1.3,707,3.3,113,2.6,1.6,1,39.7,2.1,49.4,0.1,1.1,0.9,1.8,1.3,0.7,0.2,0.6,1.6,4.3,3,12.7,1,0.1,0.2,4,0,64.6,2.8,19,35.9,18.7,0.7,RB,0
Youssouf Sabaly,2018-2019,25,Bordeaux,0.1,0.05,47.1,59.2,1.1,662.6,1.6,118.8,2.4,1.8,1.5,41.2,1.7,37.5,0.1,1.5,1.4,1.5,1.2,1,0.1,0.8,1.2,3.4,2,10.4,0.7,0,0.1,2.5,0,44.4,3,20.2,34.2,17.1,1.4,RB,0
Youssouf Sabaly,2019-2020,26,Bordeaux,0.1,0.05,46.4,58.2,1.2,694.1,2.3,92,1.8,0.9,1.2,40.9,2.4,48.1,0.1,1.1,1.4,1.1,0.6,1.6,0.1,0.7,1.8,3.5,2.3,9.2,0.7,0.3,0.1,3.1,0,52.6,3.5,16.5,38.4,16.4,1.4,RB,1
Youssouf Sabaly,2020-2021,27,Bordeaux,0.1,0.05,50.6,60.5,0.7,729.4,2.3,101.2,1.7,1.5,1,43.3,2.1,50,0.1,1,1.3,1,0.8,0.6,0.2,0.7,1.5,3,1.8,11,0.6,0,0,1.5,0,57.7,3,19.6,35.6,16.2,0.7,RB,1
Yuri Berchiche,2017-2018,27,Paris S-G,0.1,0.5,62.1,86.5,0.4,223.1,2.4,88.9,1.2,1,0.4,47.4,1.9,69.6,0.2,0.9,1.5,1.4,0.6,0.7,0.1,0.7,1.3,3.3,2.8,7.4,0,0.1,2.9,2.9,0,75,2.2,16.7,35.5,19.5,2.2,LB,1
Yvann Macon,2021-2022,22,Saint-Étienne,0.1,0.02,44,59,1.1,711.5,3.5,110.2,1.5,2.4,0.8,40.5,1.6,35.6,0.4,1.4,0.7,1.3,0.9,1.5,0.2,0.8,1.1,3.5,1.6,12.7,0.7,0.1,0.9,3.4,0.1,38.8,2.3,19.9,35.4,17.5,0.5,RB,0
Zeki Çelik,2018-2019,21,Lille,0.1,0.5,52.3,74.5,0.5,222.9,5.5,82.1,1.8,0.9,0.6,32.4,2.5,41.4,0.2,1.7,0.8,1.8,1.1,1.6,0.2,0.9,1,3.8,2.7,11.7,0.1,0.1,2.6,2.6,0,59.3,2.9,16,29.9,16.9,1,RB,1
Zeki Çelik,2019-2020,22,Lille,0.1,0.2,59.8,78.1,0.3,284.3,7.8,107.3,2,1.3,0.8,39.3,1.6,44.4,0.2,1.7,0.5,1.2,1.2,1.4,0.2,0.9,1.1,3.4,1.7,11.9,0,0.4,2.3,2.3,0,44.1,2,14.1,37.4,19.1,1.3,RB,1
Zeki Çelik,2020-2021,23,Lille,0.1,0.6,62.3,77.2,0.3,295.9,6.9,108.5,2,1.3,0.5,44.3,2,53.2,0.3,2.1,0.6,1.2,1.7,1.4,0.2,1,1.4,4.2,2,10.9,0,0.3,2.3,2.3,0,52.5,2.5,18.7,37.3,17.9,1.7,RB,1
Zeki Çelik,2021-2022,24,Lille,0.1,0.8,58.6,79.2,0.4,269.9,6.5,126.8,1.8,1,0.4,41.7,1.7,64.5,0.3,1.3,0.5,1.2,1.2,0.9,0.3,0.8,1.4,3.6,2.1,9.7,0.1,0.7,2.2,2.2,0,50,3.1,18.3,34.9,16.7,1.8,RB,1
