Player,Season,Age,Team,Assist,Non_penalty_goals,Non_penalty_xG,Expected_assists,Non_penalty_expGoals_perShot,Shot_/90,Goals_perShot_onTarget,Shots_onTarget%,Passes_completed,Passes_completition%,Passes_into18yard_box,Crosses_into18yard_box,Progressive_passes,Attempted_long_passes,Carries/90,PrgDist_Carries,Miscontrols,Dispossesd,Goal_creating_actions,PassLive_lead_goal,Shot_creating_actions,PassLive_lead_shot_attempt,Aerials_Won%,Fouls_committed,Fouls_drawn,Tackles_on_dribblers,Lost_challange_drib_player,Blocking_ball,Interceptions,Tackles_+Interc,Dead_ball_pass,Passes_behind_defenders,Swing_passes,Crosses,Corner_kikcs,Offsides,Succ_Takes_on%,Touches_Def_Pen,Touches_Def_3rd,Touches_Mid_3rd,Touches_Att_3rd,Touches_Att_Pen,Role,Tier_league
Abdoul Camara,2017-2018,27,Guingamp,0.1,0.2,0.2,0.1,0.09,1.9,0.33,31.6,22.6,72.2,0.9,0.4,2.4,2.7,27.2,106.7,1.8,1.5,0.1,0.1,2.1,1.5,50.0,0.7,1.1,0.3,0.8,0.7,0.7,1.3,1.1,0.0,0.0,3.9,0.7,0.2,47.1,0.3,6.0,16.1,19.6,3.3,LW,0
Abdoul Kader Bamba,2019-2020,25,Nantes,0.2,0.1,0.1,0.3,0.11,1.2,0.11,47.4,34.7,78.0,1.6,0.3,3.6,4.2,40.8,157.2,2.8,1.9,0.4,0.1,4.5,2.8,43.5,1.2,2.9,0.6,1.3,0.5,1.0,2.1,3.1,0.2,0.1,3.4,1.3,0.1,54.7,0.6,6.6,28.4,24.3,2.6,RW,0
Abdoul Kader Bamba,2020-2021,26,Nantes,0.1,0.3,0.2,0.1,0.11,1.4,0.5,42.9,36.1,75.1,1.0,0.0,4.2,5.4,38.2,114.9,2.6,1.7,0.3,0.2,4.4,2.7,28.6,0.8,4.0,1.1,0.7,1.0,0.7,2.5,4.6,0.1,0.4,3.8,1.7,0.0,56.3,0.3,6.9,27.9,27.1,3.1,RW,0
Adam Ounas,2019-2020,22,Nice,0.3,0.2,0.2,0.2,0.1,1.7,0.22,42.9,29.9,75.1,1.9,0.6,4.2,5.9,30.3,105.0,2.7,1.8,0.4,0.3,4.2,2.8,12.5,0.6,2.3,0.4,0.6,0.7,0.9,1.7,3.8,0.6,0.6,4.2,1.3,0.0,63.4,0.3,5.1,24.0,24.4,3.0,RW,0
Adama Traoré,2019-2020,24,2 Teams,0.3,0.1,0.1,0.2,0.08,1.5,0.25,23.5,35.3,81.5,1.0,0.0,5.2,5.1,29.1,77.0,1.6,1.2,0.3,0.3,5.3,3.5,35.7,0.6,2.9,0.3,0.8,0.6,0.3,0.6,6.3,0.3,0.1,3.8,3.4,0.0,71.8,0.9,4.2,30.1,18.7,0.5,RW,0
Adil Aouchiche,2020-2021,18,Saint-Étienne,0.3,0.1,0.2,0.2,0.13,1.4,0.17,46.2,29.7,69.8,1.3,0.4,4.5,9.4,32.2,101.2,3.2,1.4,0.4,0.3,4.9,2.7,31.7,1.0,1.6,0.7,1.9,0.8,0.5,2.5,7.1,0.2,0.7,6.8,4.0,0.0,55.7,0.6,6.6,27.6,21.1,2.5,AM,0
Adil Aouchiche,2021-2022,19,Saint-Étienne,0.3,0.0,0.1,0.1,0.06,1.7,0.0,47.6,38.0,74.4,0.7,0.2,6.2,8.9,39.8,130.0,2.6,1.4,0.4,0.2,3.2,1.7,37.0,0.8,1.1,0.4,2.3,1.5,1.4,2.5,5.1,0.1,1.5,5.7,3.2,0.2,37.5,0.3,8.4,35.4,22.3,1.8,AM,0
Adrien Thomasson,2017-2018,23,Nantes,0.1,0.2,0.1,0.1,0.07,2.0,0.31,27.6,34.7,74.7,0.7,0.2,4.5,3.4,31.9,69.4,1.7,1.6,0.3,0.1,3.1,2.4,27.7,1.0,1.1,0.8,1.8,2.0,0.6,3.1,0.8,0.2,0.1,1.9,0.0,0.2,60.0,0.7,9.0,27.2,21.9,2.8,AM,0
Adrien Thomasson,2018-2019,24,Strasbourg,0.3,0.2,0.2,0.1,0.08,1.9,0.29,32.1,32.5,75.4,1.0,0.3,3.8,4.5,32.6,65.3,2.5,1.6,0.5,0.4,3.4,2.5,23.7,0.9,1.5,0.8,1.6,1.1,0.7,2.6,1.3,0.2,0.2,2.3,0.6,0.2,65.6,0.4,7.3,24.7,22.4,2.6,AM,0
Adrien Thomasson,2019-2020,25,Strasbourg,0.0,0.3,0.2,0.1,0.11,2.2,0.44,36.0,31.8,76.0,1.3,0.3,4.1,3.4,33.8,68.5,3.2,1.3,0.3,0.3,3.7,2.8,30.4,1.2,1.7,0.7,1.4,0.9,0.4,2.0,2.9,0.1,0.2,2.6,0.2,0.3,60.4,0.4,5.0,25.4,24.2,3.9,AM,0
Adrien Thomasson,2020-2021,26,Strasbourg,0.0,0.2,0.2,0.1,0.13,1.6,0.33,31.9,29.5,76.1,0.8,0.2,3.4,3.3,26.9,45.1,2.5,1.6,0.3,0.2,3.1,2.2,27.0,1.8,1.5,0.4,1.6,1.5,0.8,2.0,1.7,0.0,0.3,1.3,0.1,0.2,51.1,0.2,4.6,24.8,20.5,4.0,AM,0
Adrien Thomasson,2021-2022,27,Strasbourg,0.2,0.3,0.2,0.2,0.13,1.8,0.42,39.6,37.3,75.9,1.5,0.3,5.7,4.9,36.8,66.1,2.3,1.3,0.5,0.4,3.4,2.5,34.8,1.3,1.3,1.1,2.4,2.1,1.1,3.5,1.7,0.3,0.1,2.1,0.2,0.2,56.4,1.0,8.9,30.5,24.2,4.4,AM,0
Alberth Elis,2021-2022,25,Bordeaux,0.1,0.6,0.4,0.1,0.19,1.9,0.82,36.7,11.8,59.9,0.4,0.2,1.7,1.3,21.6,70.3,3.4,2.0,0.1,0.1,2.4,1.7,38.8,1.4,1.5,0.7,0.9,0.6,0.4,1.7,1.1,0.0,0.0,1.8,0.0,0.6,35.6,0.7,4.0,12.1,17.3,4.9,RW,0
Aleksandr Golovin,2018-2019,22,Monaco,0.1,0.1,0.2,0.1,0.09,1.9,0.19,32.7,33.8,78.1,1.5,0.4,4.7,4.6,35.4,110.6,2.0,1.3,0.3,0.2,3.2,2.2,26.7,1.8,1.7,0.4,1.3,1.3,0.9,2.3,1.5,0.1,0.2,2.6,0.7,0.0,56.9,0.5,5.1,26.1,22.6,2.4,AM,1
Aleksandr Golovin,2019-2020,23,Monaco,0.2,0.1,0.1,0.2,0.09,1.7,0.21,36.8,37.0,75.3,1.2,0.0,6.2,7.9,37.2,140.7,2.0,0.6,0.5,0.3,4.0,2.1,33.3,1.4,1.5,0.6,2.4,1.2,1.4,3.5,5.5,0.4,0.6,5.5,3.6,0.0,70.7,1.2,7.8,31.3,23.2,2.1,AM,1
Aleksandr Golovin,2020-2021,24,Monaco,0.8,0.4,0.2,0.4,0.11,2.3,0.42,44.4,33.3,67.7,1.3,0.3,3.0,7.6,33.9,112.9,2.4,1.0,1.0,0.6,4.6,2.1,40.7,1.6,1.1,0.7,2.6,1.8,0.9,3.3,7.7,0.3,0.0,8.6,5.1,0.3,54.5,0.4,4.9,26.9,31.2,4.2,AM,1
Aleksandr Golovin,2021-2022,25,Monaco,0.2,0.2,0.2,0.2,0.12,1.4,0.43,30.4,32.8,72.2,2.2,0.5,5.2,7.4,35.0,107.1,1.6,1.3,0.5,0.4,4.1,2.5,31.6,1.3,1.3,1.1,1.4,1.6,0.7,3.1,6.7,0.2,0.1,6.7,4.7,0.1,71.0,0.8,5.6,22.3,28.6,2.3,AM,1
Alexis Claude-Maurice,2019-2020,21,Nice,0.1,0.1,0.2,0.1,0.08,2.1,0.1,26.3,27.7,84.2,1.0,0.1,3.5,2.6,30.3,115.7,3.0,2.0,0.3,0.2,3.2,1.6,56.3,0.7,2.4,0.7,1.2,1.1,0.6,2.0,1.4,0.1,0.2,1.5,0.7,0.1,68.2,0.5,5.9,23.0,18.5,2.9,AM,0
Alexis Claude-Maurice,2020-2021,22,Nice,0.2,0.2,0.2,0.1,0.12,1.6,0.27,44.1,28.5,80.2,0.5,0.0,3.6,3.4,32.1,99.8,2.9,2.0,0.5,0.4,3.3,2.1,29.6,1.1,2.5,0.7,1.6,0.8,0.7,2.5,2.6,0.0,0.0,2.7,1.4,0.0,65.8,0.6,6.5,21.9,19.5,2.6,AM,0
Alexis Flips,2021-2022,21,Reims,0.3,0.1,0.1,0.3,0.07,1.5,0.11,50.0,26.4,61.0,1.5,0.9,2.5,8.9,29.7,65.6,2.8,1.2,0.3,0.1,4.2,2.3,28.6,1.5,1.0,1.9,2.0,1.8,2.0,5.2,9.1,0.2,0.2,7.5,3.8,0.1,46.4,2.1,14.0,24.6,21.5,2.0,AM,0
Allan Saint-Maximin,2017-2018,20,2 Teams,0.3,0.1,0.2,0.2,0.1,1.6,0.19,41.0,26.9,73.4,1.6,0.4,3.4,3.0,36.5,206.2,2.4,3.0,0.6,0.4,3.9,2.9,37.0,0.4,1.6,0.5,0.6,0.5,0.4,1.2,0.4,0.0,0.9,2.8,0.1,0.2,64.7,0.3,5.4,20.1,23.8,4.8,LW,1
Amine Harit,2021-2022,24,Marseille,0.3,0.3,0.2,0.2,0.17,1.2,0.57,46.7,47.2,86.9,1.2,0.1,5.0,3.6,52.7,142.1,3.8,2.5,0.5,0.3,3.8,2.8,30.0,1.3,3.0,0.7,0.6,0.8,0.3,1.7,3.4,0.2,0.3,2.2,1.2,0.2,44.6,0.2,4.6,31.9,31.1,3.7,AM,0
Angel Gomes,2021-2022,20,Lille,0.1,0.1,0.1,0.1,0.08,1.3,0.5,14.3,28.9,76.5,1.6,0.1,4.1,5.0,33.2,66.4,1.5,1.0,0.3,0.2,2.6,2.2,26.3,1.2,1.4,0.9,0.5,0.4,0.3,2.5,1.1,0.7,0.6,1.5,0.5,0.0,33.3,0.8,4.9,25.5,16.2,0.8,AM,1
Angelo Fulgini,2017-2018,20,Angers,0.3,0.2,0.2,0.2,0.08,2.2,0.33,24.3,31.7,73.4,1.1,0.2,4.4,5.4,34.1,81.1,2.4,2.4,0.4,0.1,3.5,2.1,20.9,1.1,1.9,0.5,1.1,1.2,1.2,2.4,3.9,0.7,0.3,3.4,1.8,0.1,65.0,0.8,6.8,26.7,21.9,2.6,AM,0
Angelo Fulgini,2018-2019,21,Angers,0.1,0.2,0.2,0.2,0.11,1.6,0.36,37.9,32.5,74.3,1.5,0.0,4.8,4.7,33.1,91.2,2.6,2.6,0.1,0.1,3.8,2.8,46.3,1.2,2.5,0.7,1.0,1.2,1.5,3.6,3.1,0.2,0.1,2.5,1.3,0.1,41.3,1.0,9.5,27.2,21.8,3.6,AM,0
Angelo Fulgini,2019-2020,22,Angers,0.1,0.1,0.2,0.2,0.09,2.0,0.06,45.7,40.9,77.8,1.4,0.4,6.0,5.8,38.2,126.1,2.4,2.1,0.3,0.2,3.9,2.0,43.2,1.6,3.2,0.7,0.6,0.3,1.1,2.7,4.0,0.2,0.3,3.4,2.1,0.1,64.9,0.6,8.9,34.0,23.4,2.7,AM,0
Angelo Fulgini,2020-2021,23,Angers,0.1,0.2,0.2,0.2,0.07,2.1,0.21,43.1,42.6,79.6,1.3,0.2,6.6,7.0,46.2,131.5,3.2,2.3,0.4,0.2,4.0,2.7,31.3,1.0,4.4,0.4,0.7,0.6,0.5,1.2,4.3,0.3,0.3,3.3,1.9,0.1,52.3,0.4,6.4,37.8,23.4,2.8,AM,0
Angelo Fulgini,2021-2022,24,Angers,0.1,0.2,0.2,0.1,0.1,1.8,0.29,29.3,34.0,80.5,0.8,0.2,4.5,4.1,38.4,95.0,2.4,1.7,0.3,0.2,2.9,1.9,44.6,1.1,2.6,0.4,0.9,0.6,0.7,1.8,3.9,0.1,0.2,2.1,1.3,0.2,39.2,0.3,5.8,28.6,20.2,2.6,AM,0
Anwar El Ghazi,2017-2018,22,Lille,0.2,0.2,0.2,0.1,0.06,3.4,0.13,48.4,24.0,68.2,1.0,0.4,3.0,4.4,27.1,113.7,1.8,2.1,0.4,0.3,2.7,1.6,38.6,0.9,0.8,0.5,1.1,0.6,0.4,1.6,4.3,0.1,0.2,5.6,2.3,0.2,54.5,0.7,4.9,17.7,23.8,3.1,RW,1
Arber Zeneli,2020-2021,25,Reims,0.2,0.2,0.1,0.1,0.07,1.5,0.3,47.6,20.0,71.9,0.6,0.1,2.3,3.4,25.3,100.4,3.8,1.7,0.4,0.2,2.6,1.6,26.9,0.9,1.7,0.6,1.0,0.8,0.2,1.6,4.0,0.0,0.1,3.7,2.4,0.3,47.5,0.3,7.5,14.6,21.3,3.5,LW,0
Armand Lauriente,2020-2021,21,Lorient,0.3,0.2,0.2,0.3,0.06,3.3,0.15,33.9,23.7,75.2,0.9,0.2,2.4,4.2,30.1,120.9,3.6,2.0,0.6,0.4,5.0,2.6,44.8,1.3,2.1,0.4,1.1,1.2,0.8,2.5,3.3,0.1,0.1,5.0,2.7,0.4,56.7,0.3,4.2,19.9,24.4,3.1,RW,1
Armand Lauriente,2021-2022,22,Lorient,0.1,0.2,0.2,0.1,0.08,3.1,0.14,42.9,20.1,77.9,1.0,0.3,2.4,1.9,26.5,97.3,3.6,1.9,0.3,0.1,3.6,2.1,34.4,1.6,1.5,0.4,0.7,1.0,0.5,1.7,1.6,0.2,0.1,1.6,0.8,0.4,47.8,0.3,2.9,16.7,19.4,3.2,RW,1
Arnaud Nordin,2018-2019,20,Saint-Étienne,0.1,0.3,0.3,0.1,0.09,3.5,0.17,43.9,22.8,77.1,0.9,0.2,2.6,1.5,27.8,109.5,2.8,2.6,0.3,0.3,2.7,1.6,40.7,1.1,3.0,0.3,0.6,1.1,0.4,1.6,1.5,0.1,0.0,2.7,0.5,0.1,59.5,0.6,5.5,19.2,20.5,3.9,RW,0
Arnaud Nordin,2019-2020,21,Saint-Étienne,0.0,0.1,0.1,0.1,0.07,1.3,0.17,46.2,19.7,74.3,0.7,0.4,2.0,2.3,24.2,111.0,3.0,1.9,0.5,0.3,2.6,1.6,22.2,1.2,3.1,0.4,0.9,1.1,0.4,1.1,1.9,0.1,0.0,3.3,0.7,0.0,61.3,0.6,4.5,17.3,16.4,2.7,RW,0
Arnaud Nordin,2020-2021,22,Saint-Étienne,0.2,0.2,0.2,0.1,0.09,2.2,0.31,29.5,19.4,74.5,0.9,0.3,2.3,3.6,24.2,88.1,2.5,1.2,0.4,0.2,3.6,1.4,22.6,0.6,3.0,0.3,0.8,0.7,0.5,1.2,2.3,0.0,0.2,3.8,1.3,0.2,50.0,0.5,4.7,15.6,17.2,2.8,RW,0
Arnaud Nordin,2021-2022,23,Saint-Étienne,0.2,0.2,0.2,0.1,0.08,2.2,0.2,44.4,21.2,73.7,0.6,0.2,2.1,2.8,25.1,93.6,3.2,1.4,0.5,0.2,2.4,1.2,30.8,1.0,2.3,0.4,0.7,0.9,0.3,1.3,3.2,0.0,0.0,4.0,1.7,0.2,45.0,0.2,4.7,16.7,20.5,3.9,RW,0
Bassem Srarfi,2017-2018,20,Nice,0.0,0.3,0.2,0.1,0.1,2.5,0.43,29.2,31.2,81.0,0.7,0.2,2.4,2.8,30.5,128.4,2.1,1.4,0.4,0.2,3.3,2.0,35.3,1.6,2.1,0.4,1.0,1.2,0.7,2.5,0.3,0.0,0.4,1.8,0.1,0.4,51.0,0.5,7.6,24.6,20.9,4.0,RW,0
Bassem Srarfi,2018-2019,21,Nice,0.0,0.1,0.2,0.1,0.15,1.2,0.33,27.3,28.4,77.9,0.6,0.2,2.9,3.1,30.6,105.4,2.2,0.9,0.0,0.0,2.3,1.5,40.0,1.5,2.3,0.7,1.2,0.9,0.6,2.8,1.4,0.0,0.3,2.2,0.3,0.4,61.1,0.9,6.9,22.3,20.0,2.8,RW,0
Dango Ouattara,2021-2022,19,Lorient,0.2,0.1,0.2,0.1,0.09,2.7,0.13,33.3,18.8,60.9,0.8,0.0,2.5,3.2,24.2,63.7,2.1,1.0,0.2,0.2,2.7,1.6,51.2,2.3,2.2,1.2,1.3,1.1,1.6,3.9,1.3,0.3,0.1,2.0,0.1,0.0,40.0,2.0,9.3,19.4,17.8,4.7,RW,1
David Costa,2021-2022,20,Lens,0.3,0.2,0.1,0.2,0.08,1.5,0.38,32.0,39.7,81.0,1.2,0.1,5.9,3.7,42.8,123.6,1.8,1.5,0.6,0.5,4.3,3.7,8.3,0.6,0.9,0.7,0.9,0.7,0.8,2.2,2.2,0.4,0.1,2.2,0.9,0.0,64.9,0.4,6.5,28.4,23.6,3.4,AM,0
Denis Bouanga,2018-2019,23,Nîmes,0.1,0.3,0.3,0.1,0.09,2.9,0.25,37.2,14.8,67.1,0.8,0.4,1.6,2.4,23.8,94.7,3.5,1.8,0.3,0.1,2.6,1.6,26.7,1.4,0.9,0.4,1.6,0.8,0.7,2.5,0.7,0.1,0.2,1.6,0.1,0.2,38.5,0.7,6.1,15.1,19.0,4.4,LW,0
Denis Bouanga,2019-2020,24,Saint-Étienne,0.1,0.3,0.3,0.1,0.11,3.3,0.21,45.3,18.1,67.7,0.5,0.2,1.5,3.2,25.7,99.0,3.8,2.6,0.3,0.1,2.8,1.3,41.5,2.3,1.5,0.9,1.5,1.3,0.4,2.4,3.2,0.0,0.4,2.6,0.3,0.3,47.2,0.9,6.2,20.3,20.0,4.6,LW,0
Denis Bouanga,2020-2021,25,Saint-Étienne,0.1,0.1,0.3,0.1,0.1,3.2,0.11,36.1,16.7,63.7,0.5,0.2,1.7,3.7,24.7,82.7,4.0,1.8,0.4,0.2,2.7,1.5,41.7,2.0,1.2,0.5,1.4,1.1,0.7,2.4,2.0,0.0,0.5,2.1,0.2,0.4,44.9,1.5,6.9,19.4,18.5,5.4,LW,0
Denis Bouanga,2021-2022,26,Saint-Étienne,0.2,0.3,0.3,0.1,0.1,3.1,0.3,35.7,19.9,67.8,0.8,0.3,2.4,4.1,28.5,92.6,4.2,2.4,0.4,0.2,3.2,1.8,41.4,1.8,1.8,0.8,1.5,1.1,0.3,2.0,2.8,0.1,1.2,2.5,0.7,0.2,46.3,1.9,6.6,20.0,21.4,5.0,LW,0
Dereck Kutesa,2020-2021,22,Reims,0.3,0.1,0.1,0.0,0.2,0.1,0.1,0.5,40.0,19.5,1.4,0.5,0.1,0.4,50.0,198.3,1.8,2.8,8.9,0.3,0.3,2.2,40.9,1.6,2.1,0.7,1.2,0.9,0.9,2.9,0.1,0.0,0.0,2.1,0.0,0.7,45.2,0.5,4.2,14.5,15.6,3.3,LW,0
Elba Rashani,2021-2022,28,Clermont Foot,0.2,0.4,0.3,0.1,0.0,0.17,0.27,0.6,40.0,29.8,1.3,0.5,0.3,0.6,48.0,142.1,0.5,2.7,5.6,0.3,0.2,1.7,31.3,2.0,1.5,0.9,1.9,1.7,0.6,2.6,0.7,0.0,0.2,1.9,0.2,0.3,54.3,1.6,7.8,18.6,16.4,3.2,LW,0
Farid Boulaya,2021-2022,28,Metz,0.1,0.2,0.1,0.2,-0.1,0.08,0.21,0.4,31.6,44.8,3.5,1.0,0.1,5.5,54.4,238.4,0.4,1.5,4.3,0.1,0.0,2.7,32.1,0.4,1.0,0.8,1.4,0.5,0.7,1.8,5.2,0.3,0.9,4.2,2.2,0.1,59.4,0.6,7.0,29.4,17.8,1.1,AM,0
Farid Boulaya,2019-2020,26,Metz,0.1,0.2,0.2,0.2,-0.1,0.07,0.08,1.0,37.5,45.8,2.7,1.4,0.2,2.6,36.9,217.9,0.8,2.6,5.9,0.2,0.1,4.2,27.8,0.7,0.7,0.8,1.3,0.5,0.7,2.2,3.7,0.7,0.2,5.6,2.9,0.3,51.7,0.4,6.0,26.2,26.4,3.0,AM,0
Farid Boulaya,2020-2021,27,Metz,0.3,0.2,0.1,0.2,0.0,0.05,0.06,0.8,33.3,50.5,5.3,1.6,0.3,5.9,49.3,260.0,0.6,2.3,3.7,0.4,0.3,5.4,39.1,0.6,2.0,0.4,1.2,0.6,0.4,1.2,8.4,0.3,1.1,5.9,3.8,0.0,63.0,0.3,5.3,33.4,22.5,1.4,AM,0
Florent Mollet,2017-2018,25,Metz,0.1,0.4,0.2,0.1,0.08,2.7,0.29,48.8,36.8,80.4,0.4,0.2,4.1,8.7,37.5,79.0,2.4,1.5,0.3,0.2,3.1,1.7,20.8,2.1,1.7,0.2,1.4,0.5,0.7,2.3,4.7,0.1,1.3,4.5,2.0,0.2,56.8,0.9,6.1,30.7,20.3,2.1,AM,0
Florent Mollet,2018-2019,26,Montpellier,0.1,0.2,0.1,0.2,0.05,2.9,0.18,39.3,41.4,79.6,0.8,0.3,5.9,9.0,35.8,76.4,1.7,1.7,0.5,0.3,4.8,2.9,31.3,1.6,1.2,0.5,1.3,1.1,0.8,2.1,7.3,0.1,1.1,7.1,4.1,0.2,39.2,0.3,4.8,34.0,25.4,2.0,AM,0
Florent Mollet,2019-2020,27,Montpellier,0.2,0.3,0.2,0.2,0.07,2.5,0.3,43.5,36.4,76.9,0.7,0.2,4.5,8.6,33.7,68.6,1.8,1.3,0.5,0.3,4.0,2.2,36.4,1.2,1.3,0.4,1.1,0.5,0.5,1.2,6.4,0.2,0.7,6.8,3.4,0.1,58.3,0.3,5.0,29.2,22.3,1.8,AM,0
Florian Thauvin,2017-2018,24,Marseille,0.3,0.6,0.4,0.3,0.0,0.11,0.15,1.4,37.3,56.1,4.1,1.8,0.5,2.8,37.6,326.0,2.3,2.5,9.9,0.8,0.4,5.9,32.6,0.8,1.6,0.5,0.9,0.7,0.5,1.9,4.8,0.9,0.5,6.2,2.3,0.5,69.6,0.8,5.3,33.7,31.8,5.9,RW,1
Florian Thauvin,2018-2019,25,Marseille,0.3,0.5,0.3,0.2,0.1,0.1,0.14,1.1,33.3,42.9,2.1,1.3,0.4,2.5,40.9,253.3,1.9,3.2,10.3,0.4,0.2,3.8,38.8,1.0,1.7,0.6,0.7,0.7,0.3,1.7,3.8,0.5,0.4,4.3,1.8,0.3,50.0,0.3,3.3,27.9,26.7,5.4,RW,1
Florian Thauvin,2020-2021,27,Marseille,0.3,0.3,0.2,0.3,-0.1,0.11,0.12,0.6,26.1,46.3,3.1,1.5,0.4,3.0,43.3,225.3,1.1,2.6,9.3,0.4,0.2,3.3,50.0,0.8,1.7,0.7,1.1,0.9,0.5,1.8,4.8,0.2,0.8,6.7,2.2,0.2,53.2,0.7,5.4,26.7,27.3,3.9,RW,0
Fousseni Diabaté,2019-2020,23,Amiens,0.2,0.1,0.0,0.1,0.1,0.09,0.14,0.2,28.6,35.5,1.8,0.5,0.2,1.1,66.7,212.2,1.2,3.9,8.4,0.3,0.2,1.8,32.0,0.9,0.7,0.4,0.8,0.8,0.6,1.8,0.6,0.2,0.1,2.4,0.0,0.2,61.7,0.2,7.5,21.0,19.4,3.1,RW,0
François Kamano,2019-2020,23,Bordeaux,0.0,0.1,0.1,0.1,0.15,0.7,0.5,40.0,34.6,79.6,0.7,0.3,2.5,2.6,35.3,122.9,1.8,1.4,0.4,0.3,2.5,1.5,17.6,1.4,2.2,1.1,1.0,0.7,0.4,2.1,2.2,0.4,0.4,1.1,0.0,0.1,39.3,1.2,7.9,29.2,16.8,2.1,LW,0
François Kamano,2017-2018,21,Bordeaux,0.2,0.3,0.3,0.1,0.1,0.12,0.11,0.8,29.5,30.7,0.8,0.8,0.2,0.9,44.4,268.6,2.1,3.2,9.5,0.3,0.2,2.8,33.3,1.7,1.6,0.4,1.1,0.8,0.7,2.1,0.8,0.2,0.2,2.7,0.4,0.7,48.9,0.2,4.5,18.7,22.3,4.5,LW,0
François Kamano,2018-2019,22,Bordeaux,0.0,0.2,0.2,0.1,-0.1,0.09,0.08,1.0,37.2,32.7,1.6,0.8,0.0,1.7,67.1,224.6,1.1,2.5,7.8,0.2,0.1,3.0,24.0,1.7,1.8,0.4,0.7,0.9,0.6,1.6,0.9,0.2,0.3,1.0,0.4,0.4,47.6,0.1,4.0,22.7,18.4,3.2,LW,0
Franck Honorat,2021-2022,24,Brest,0.1,0.3,0.1,0.2,-0.1,0.07,0.18,0.9,50.0,38.0,1.5,1.5,0.7,2.9,46.6,194.8,1.3,2.4,9.0,0.5,0.2,3.8,36.7,0.7,0.7,0.8,0.6,0.7,0.5,2.1,4.5,0.1,0.5,5.8,1.6,0.2,46.8,0.8,6.6,16.5,26.6,3.2,RW,1
Franck Honorat,2020-2021,23,Brest,0.1,0.3,0.2,0.3,-0.1,0.11,0.2,0.9,58.5,38.7,1.5,1.9,1.1,3.1,48.3,158.6,0.8,1.5,8.3,0.3,0.2,4.1,46.8,1.4,0.5,0.5,0.8,0.5,0.4,1.4,4.2,0.2,0.4,6.8,1.9,0.1,41.7,1.2,7.2,15.1,26.0,2.9,RW,0
Franck Honorat,2019-2020,22,Saint-Étienne,0.3,0.0,0.0,0.1,0.1,0.02,0.0,0.1,20.0,41.3,1.8,1.2,0.6,1.3,26.7,181.7,0.4,2.0,8.1,0.4,0.4,3.2,27.3,0.7,0.6,0.8,1.6,1.3,0.5,2.2,4.9,0.1,0.1,5.5,0.0,0.0,42.9,1.7,9.9,21.7,20.5,1.6,RW,0
Gaël Kakuta,2017-2018,26,Amiens,0.2,0.2,0.1,0.2,0.0,0.06,0.11,0.5,34.0,41.5,3.3,1.1,0.4,2.6,38.9,160.1,0.2,3.2,5.7,0.3,0.2,3.6,30.4,0.5,1.8,0.3,0.9,1.0,0.8,2.3,4.7,0.3,0.2,5.1,2.4,0.2,62.7,0.7,5.3,28.2,20.8,1.2,AM,0
Gaël Kakuta,2019-2020,28,Amiens,0.2,0.1,0.1,0.1,0.1,0.07,0.05,0.5,25.6,38.2,2.7,1.4,0.3,1.5,34.7,177.1,0.7,4.0,7.0,0.4,0.3,2.8,29.1,1.4,1.2,0.8,1.4,0.7,0.7,2.8,3.2,0.4,0.1,4.2,1.6,0.0,64.9,0.3,4.0,26.1,22.4,1.8,AM,0
Gabriel Boschilia,2018-2019,22,Nantes,0.3,0.3,0.3,0.1,0.2,0.11,0.1,1.2,42.5,37.9,2.8,0.8,0.1,1.8,34.7,188.6,0.6,2.9,5.6,0.4,0.3,3.5,18.5,1.2,1.6,0.5,1.7,1.0,0.5,2.8,5.2,0.1,0.1,4.3,3.1,0.0,48.3,0.5,5.9,21.8,23.6,2.3,AM,0
Gelson Martins,2018-2019,23,Monaco,0.1,0.3,0.2,0.2,0.0,0.11,0.13,1.0,53.3,33.7,1.6,1.1,0.6,0.8,44.4,213.8,1.0,3.1,9.8,0.3,0.2,3.0,26.9,0.9,1.6,0.8,1.2,0.6,0.5,1.8,0.4,0.0,0.0,3.8,0.0,0.1,47.2,0.4,3.9,16.1,26.4,5.0,RW,0
Gelson Martins,2019-2020,24,Monaco,0.1,0.2,0.3,0.2,-0.1,0.18,0.14,0.5,35.7,42.3,1.9,1.1,0.4,1.0,46.2,287.9,2.0,2.3,9.2,0.3,0.2,3.5,36.4,0.8,1.2,0.9,1.3,0.5,1.0,2.6,3.9,0.1,0.1,3.4,0.0,0.1,67.1,0.9,8.9,23.3,22.6,4.0,RW,0
Gelson Martins,2021-2022,26,Monaco,0.1,0.2,0.3,0.1,0.0,0.19,0.13,0.5,36.7,31.4,1.1,0.9,0.1,0.7,55.6,208.4,1.4,3.6,11.1,0.1,0.1,1.8,48.9,1.0,1.6,1.0,1.8,1.2,0.8,2.8,0.1,0.0,0.1,1.7,0.0,0.7,54.9,0.6,4.2,18.6,23.7,4.5,RW,0
Gelson Martins,2020-2021,25,Monaco,0.1,0.2,0.2,0.2,-0.1,0.11,0.12,0.6,40.0,36.2,1.4,1.0,0.2,0.9,59.3,218.9,1.5,3.4,11.1,0.5,0.2,2.8,26.5,1.3,2.1,0.9,1.3,1.2,0.8,3.1,0.3,0.1,0.0,1.6,0.0,0.3,50.6,0.3,5.0,20.3,25.6,4.2,RW,0
Gil Bastião Dias,2019-2020,22,Monaco,0.0,0.0,0.1,0.2,0.06,1.4,0.0,29.4,43.6,79.4,1.4,0.3,5.7,3.9,38.6,164.2,1.9,1.3,0.3,0.1,2.6,1.6,53.8,1.1,1.3,2.5,2.5,1.3,1.1,5.6,8.4,0.0,0.1,2.0,0.4,0.2,57.5,2.5,13.8,38.4,18.8,2.0,RW,0
Gilles Sunu,2017-2018,26,Angers,0.0,0.1,0.2,0.1,-0.1,0.15,0.09,0.3,18.2,35.3,2.6,1.2,0.4,1.5,61.1,247.2,0.7,2.9,10.0,0.0,0.0,2.5,42.1,1.8,2.2,0.0,0.5,1.0,0.4,1.0,1.4,0.0,0.3,2.6,0.0,0.3,61.1,0.3,4.8,20.7,19.8,1.9,RW,0
Giovani Lo Celso,2017-2018,21,Paris S-G,0.2,0.2,0.1,0.1,0.07,1.9,0.29,36.8,72.7,89.5,1.5,0.1,7.4,9.1,64.8,228.5,1.7,1.5,0.4,0.2,3.1,2.1,27.8,1.1,2.1,1.3,2.4,1.5,1.0,4.9,2.4,0.9,0.6,0.8,0.5,0.0,70.1,1.9,14.7,58.5,20.4,1.5,AM,1
Haris Duljević,2020-2021,26,Nîmes,0.2,0.0,0.1,0.1,0.1,0.08,0.0,0.6,33.3,34.9,3.0,1.2,0.2,2.0,54.8,219.8,0.6,2.7,6.1,0.1,0.1,2.9,32.4,1.0,1.4,0.7,1.9,0.3,0.9,2.7,1.7,0.2,0.5,2.1,0.2,0.1,63.3,0.5,4.4,24.8,19.8,2.2,LW,0
Harrison Manzala,2017-2018,23,Amiens,0.1,0.1,0.1,0.1,0.1,0.06,0.1,0.5,32.3,32.7,1.0,0.4,0.2,1.0,42.9,183.1,1.2,2.7,6.6,0.3,0.2,2.0,32.4,0.7,1.1,0.4,0.8,1.1,0.9,2.4,0.8,0.1,0.1,2.6,0.0,0.2,61.5,0.9,7.5,23.1,14.6,2.6,RW,0
Hervé Bazile,2017-2018,27,Caen,0.1,0.0,0.1,0.1,0.0,0.08,0.0,0.5,29.4,32.9,1.5,0.9,0.7,2.6,29.1,208.6,0.6,3.5,11.3,0.2,0.1,3.2,28.6,1.5,1.5,0.5,1.0,2.3,1.5,3.7,4.5,0.0,0.7,11.0,3.5,0.5,46.3,0.3,7.0,17.8,24.7,2.2,LW,0
Houssem Aouar,2017-2018,19,Lyon,0.2,0.2,0.2,0.1,0.11,1.8,0.35,34.0,49.2,84.7,0.7,0.0,7.2,4.6,47.9,134.1,1.8,2.0,0.6,0.4,3.6,2.6,42.3,0.7,1.7,0.7,1.7,1.1,1.4,3.9,1.3,0.3,0.3,0.5,0.3,0.2,71.7,1.3,8.5,45.6,17.2,3.0,AM,1
Houssem Aouar,2018-2019,20,Lyon,0.2,0.2,0.2,0.1,0.1,2.1,0.32,31.0,52.7,86.3,1.1,0.0,8.1,5.4,51.2,136.8,1.7,1.9,0.6,0.3,3.6,2.9,34.0,0.9,1.6,0.5,1.3,1.0,0.9,2.8,1.1,0.2,0.3,0.2,0.1,0.3,59.8,1.0,9.0,46.2,17.8,3.1,AM,1
Houssem Aouar,2019-2020,21,Lyon,0.2,0.1,0.2,0.1,0.08,2.1,0.17,39.1,41.9,84.1,1.2,0.0,6.2,4.4,42.5,148.0,2.4,1.7,0.5,0.4,3.9,2.4,58.6,1.1,1.9,0.5,1.2,0.7,0.6,1.9,2.3,0.2,0.3,1.1,0.4,0.1,59.8,0.5,5.1,38.4,20.5,3.3,AM,1
Houssem Aouar,2020-2021,22,Lyon,0.2,0.3,0.4,0.2,0.12,3.4,0.2,36.8,42.1,84.1,1.5,0.0,6.6,3.5,42.4,125.5,2.7,1.7,0.6,0.4,5.3,3.7,19.0,1.0,1.2,0.4,0.9,0.9,0.9,1.7,2.1,0.1,0.3,1.0,0.4,0.2,56.8,0.4,3.9,33.0,27.0,6.0,AM,1
Houssem Aouar,2021-2022,23,Lyon,0.1,0.2,0.2,0.2,0.08,2.7,0.25,31.6,44.7,86.0,1.2,0.0,5.9,3.6,46.7,117.7,2.6,1.9,0.2,0.2,3.6,2.8,22.2,1.0,1.4,1.0,1.0,0.9,0.7,2.4,2.3,0.5,0.4,0.8,0.4,0.1,54.3,0.5,6.4,35.9,24.2,3.9,AM,1
Hwang Ui-jo,2019-2020,26,Bordeaux,0.1,0.3,0.2,0.1,0.11,2.0,0.46,36.1,18.8,82.2,0.4,0.1,1.7,1.3,22.8,55.8,2.4,1.2,0.3,0.1,1.6,0.9,40.5,0.7,1.7,0.2,0.9,0.4,0.3,0.8,0.2,0.1,0.2,0.4,0.0,0.4,38.9,0.4,2.6,17.8,12.1,2.5,AM,0
Hwang Ui-jo,2020-2021,27,Bordeaux,0.1,0.3,0.4,0.1,0.14,2.6,0.33,37.0,13.6,78.4,0.4,0.1,0.8,0.5,16.8,37.6,2.4,1.0,0.1,0.0,1.7,0.8,34.5,1.2,1.3,0.2,0.7,0.6,0.3,0.8,1.2,0.0,0.1,0.4,0.0,0.6,48.1,0.6,2.3,12.8,12.0,4.1,AM,0
Hwang Ui-jo,2021-2022,28,Bordeaux,0.1,0.4,0.3,0.0,0.0,0.16,0.2,0.8,40.0,15.3,0.3,0.3,0.2,0.6,43.2,79.5,0.7,2.5,4.7,0.0,0.0,1.1,24.6,0.6,0.8,0.1,0.3,0.3,0.2,0.5,2.5,0.1,0.0,1.1,0.3,0.8,32.4,0.8,2.2,11.2,10.4,3.0,AM,0
Ilan Kebbal,2021-2022,23,Reims,0.2,0.1,0.1,0.2,0.1,0.05,0.04,0.3,22.2,42.1,3.7,1.9,0.3,2.6,55.9,247.0,0.6,2.7,6.9,0.4,0.2,3.6,10.0,0.6,2.5,0.6,1.6,0.8,0.7,2.2,3.1,0.1,0.1,3.6,1.5,0.4,54.7,0.6,6.2,24.6,23.5,2.1,RW,0
Isaac Mbenza,2017-2018,21,Montpellier,0.0,0.3,0.3,0.1,-0.1,0.13,0.15,0.9,38.2,28.0,1.2,0.4,0.2,2.4,45.2,156.7,0.9,2.0,7.7,0.1,0.0,3.0,38.9,0.5,0.8,0.3,0.4,0.3,0.2,0.9,3.5,0.0,0.2,5.2,1.8,0.6,62.9,0.1,2.4,15.1,19.2,2.7,RW,0
Ismaila Sarr,2018-2019,20,Rennes,0.2,0.2,0.2,0.2,0.0,0.1,0.13,0.6,35.8,24.4,1.5,1.5,0.2,0.6,48.6,238.4,1.8,2.9,8.8,0.6,0.3,3.6,36.2,1.2,3.2,0.5,0.5,0.5,0.5,1.6,0.5,0.0,0.1,1.5,0.0,0.3,47.3,0.1,3.6,14.9,19.7,4.3,RW,1
Ismaila Sarr,2017-2018,19,Rennes,0.1,0.2,0.2,0.1,0.0,0.12,0.12,0.7,34.1,21.4,0.8,0.7,0.1,0.6,48.0,214.9,1.5,4.3,9.9,0.4,0.2,3.3,25.6,1.0,3.1,0.3,1.1,0.8,0.4,1.4,0.4,0.1,0.0,1.7,0.0,1.0,60.0,0.1,3.0,13.1,19.8,3.8,RW,1
Javairô Dilrosun,2021-2022,23,Bordeaux,0.3,0.1,0.1,0.2,0.1,0.07,0.05,0.5,25.0,31.3,2.2,0.9,0.2,2.4,57.5,226.5,1.0,2.0,5.6,0.6,0.3,4.3,30.0,0.7,1.6,0.4,0.9,0.7,0.6,1.2,3.4,0.1,0.2,3.6,1.9,0.1,64.8,0.3,3.3,19.4,19.5,2.2,LW,0
Javier Pastore,2017-2018,28,Paris S-G,0.3,0.3,0.1,0.2,0.1,0.08,0.17,0.7,41.7,68.0,5.7,2.2,0.2,2.9,57.1,275.9,1.3,2.1,8.8,0.7,0.6,4.0,33.3,0.9,0.9,0.3,1.2,0.9,0.7,2.9,2.0,1.6,0.3,0.7,0.5,0.1,64.3,1.0,6.9,46.4,26.9,4.1,AM,1
Jeff Reine-Adélaïde,2018-2019,20,Angers,0.1,0.1,0.2,0.1,0.13,1.3,0.21,38.9,32.9,82.3,0.9,0.0,4.8,2.7,35.9,154.8,2.6,2.6,0.3,0.2,3.5,2.4,38.6,1.1,2.4,0.6,0.8,0.7,0.7,2.1,1.2,0.2,0.1,0.7,0.0,0.1,61.6,0.7,6.7,27.7,20.0,2.6,AM,0
Jeff Reine-Adélaïde,2019-2020,21,2 Teams,0.2,0.3,0.2,0.1,0.29,0.6,0.75,66.7,40.2,84.8,0.9,0.2,5.0,3.8,43.0,159.0,2.7,2.6,0.7,0.4,4.1,3.1,47.1,1.5,1.7,0.6,0.8,0.4,0.7,2.1,2.3,0.0,0.1,1.6,0.7,0.0,74.6,0.8,7.2,34.0,18.9,2.0,AM,0
Jeff Reine-Adélaïde,2020-2021,22,Nice,0.2,0.1,0.1,0.2,0.11,1.3,0.2,33.3,42.2,83.8,1.0,0.1,6.0,5.9,43.3,113.5,2.8,3.4,0.3,0.2,2.9,1.8,28.6,0.5,1.8,0.2,0.6,0.9,0.3,0.9,2.5,0.3,0.6,1.8,0.8,0.2,62.7,0.9,7.5,37.3,18.8,2.3,AM,0
Jeremy Doku,2020-2021,18,Rennes,0.1,0.1,0.1,0.2,0.0,0.08,0.06,0.3,19.4,37.7,1.6,1.9,0.5,1.4,62.5,266.4,1.9,3.3,10.9,0.4,0.4,4.2,39.1,1.4,2.7,0.4,0.6,0.7,0.4,2.1,0.3,0.2,0.1,2.2,0.0,0.2,65.1,0.2,4.2,18.6,29.2,4.6,LW,1
Jim Allevinah,2021-2022,26,Clermont Foot,0.1,0.1,0.2,0.1,0.0,0.07,0.02,0.9,34.9,33.0,2.7,0.6,0.1,1.8,65.9,278.5,1.0,2.5,7.1,0.2,0.1,3.2,41.0,1.0,2.1,0.3,0.8,0.7,0.4,1.5,1.0,0.1,0.3,2.1,0.5,0.1,47.1,0.5,6.4,20.5,19.3,3.9,RW,0
Jonathan Bamba,2020-2021,24,Lille,0.3,0.2,0.1,0.2,0.07,1.8,0.3,33.3,39.3,77.7,1.3,0.3,3.9,6.3,40.6,111.1,2.7,2.2,0.5,0.3,3.6,2.3,35.7,0.8,2.0,0.7,1.8,0.7,0.7,2.1,5.5,0.1,0.2,4.4,2.3,0.1,43.7,0.8,5.6,30.8,27.2,2.1,LW,1
Jonathan Bamba,2018-2019,22,Lille,0.1,0.4,0.2,0.1,-0.1,0.12,0.18,0.8,40.9,36.9,2.5,1.0,0.2,1.7,52.8,233.2,0.8,2.4,7.9,0.3,0.2,3.1,42.9,0.7,1.9,0.4,0.8,0.7,1.2,2.1,2.2,0.5,0.4,1.7,0.7,0.1,44.7,0.3,5.6,23.2,20.4,2.8,LW,1
Jonathan Bamba,2017-2018,21,Saint-Étienne,0.3,0.1,0.2,0.2,0.0,0.09,0.05,0.7,32.8,42.7,2.5,1.0,0.2,2.5,51.8,228.9,1.2,2.7,8.6,0.5,0.2,3.7,35.3,1.0,1.7,0.4,1.7,1.0,0.7,1.7,4.6,0.3,0.1,3.7,1.9,0.7,51.8,0.6,5.7,24.2,25.2,3.2,LW,1
Jonathan Bamba,2019-2020,23,Lille,0.2,0.0,0.2,0.1,0.1,0.07,0.0,1.1,51.1,38.8,3.2,0.8,0.0,2.6,60.0,223.3,1.4,2.3,6.1,0.3,0.2,4.0,40.0,0.7,2.1,0.3,1.0,0.9,0.7,1.3,2.9,0.3,0.2,2.4,1.4,0.2,54.9,0.4,4.8,23.6,22.7,2.7,LW,0
Jonathan Bamba,2021-2022,25,Lille,0.1,0.0,0.1,0.2,-0.1,0.06,0.02,0.4,23.5,42.6,2.8,1.3,0.3,2.9,51.3,237.4,1.3,2.8,7.4,0.3,0.2,3.3,45.7,0.4,2.1,0.5,0.9,0.9,0.8,1.9,5.2,0.1,0.1,4.3,2.6,0.5,33.0,0.6,6.7,25.5,24.5,3.0,LW,0
Jonathan Cafu,2017-2018,26,Bordeaux,0.1,0.3,0.3,0.1,0.0,0.14,0.14,0.7,35.7,44.9,2.0,0.9,0.0,1.7,66.7,318.9,1.7,4.5,10.7,0.4,0.3,4.0,33.3,2.6,2.7,0.7,1.1,0.9,1.4,3.7,0.7,0.1,0.3,1.8,0.0,0.3,50.0,0.9,6.4,27.4,27.3,5.1,RW,0
Jonathan Ikone,2017-2018,19,Montpellier,0.1,0.1,0.1,0.1,0.05,1.6,0.25,22.2,24.3,68.2,1.0,0.0,3.6,3.9,29.6,117.7,2.7,2.4,0.2,0.2,3.4,2.0,25.0,1.0,0.6,0.4,0.9,0.7,0.5,1.7,2.4,0.4,0.4,2.3,1.4,0.0,63.5,0.5,3.2,20.6,24.2,3.3,RW,1
Jonathan Ikone,2018-2019,20,Lille,0.3,0.1,0.2,0.1,0.1,1.6,0.18,33.3,22.1,72.2,1.0,0.1,3.1,2.6,29.2,103.5,2.6,2.1,0.7,0.5,3.9,3.0,20.0,1.2,0.9,0.3,0.7,0.8,0.2,1.0,0.5,0.6,0.3,0.7,0.0,0.0,61.0,0.3,2.9,19.6,18.6,2.7,RW,1
Jonathan Ikone,2019-2020,21,Lille,0.3,0.1,0.1,0.2,0.09,1.5,0.15,37.1,23.3,76.1,1.4,0.2,3.2,2.7,29.1,86.7,3.2,2.1,0.6,0.5,3.3,2.5,32.0,0.8,1.1,0.3,0.8,1.1,0.2,0.9,1.5,0.8,0.2,0.9,0.1,0.1,60.5,0.2,1.8,20.0,22.1,3.1,RW,1
Jonathan Ikone,2020-2021,22,Lille,0.2,0.1,0.1,0.1,0.08,1.9,0.27,23.9,25.1,80.0,0.9,0.0,3.0,2.4,29.4,96.0,2.5,2.3,0.4,0.2,2.6,1.7,29.8,0.5,1.0,0.4,0.5,0.7,0.3,1.0,1.5,0.4,0.3,0.3,0.0,0.2,60.9,0.6,3.4,20.9,18.5,2.3,RW,1
Jonathan Ikone,2021-2022,23,Lille,0.0,0.1,0.2,0.1,0.1,1.9,0.13,36.4,28.1,78.1,1.5,0.1,4.2,4.3,31.5,105.3,2.5,1.5,0.2,0.1,3.0,2.4,33.3,1.1,0.6,0.3,0.6,1.1,0.4,1.4,1.4,0.4,0.4,0.7,0.1,0.2,44.6,1.3,5.3,24.1,21.0,3.7,RW,1
Juan Ferney Otero,2018-2019,23,Amiens,0.1,0.1,0.1,0.1,0.0,0.06,0.04,0.6,25.9,31.2,1.8,0.8,0.3,1.1,32.5,189.2,0.6,3.2,8.0,0.2,0.2,2.7,40.6,1.2,1.6,0.5,1.4,1.0,0.9,2.1,1.9,0.0,0.1,3.7,0.6,0.6,47.4,0.7,5.8,19.4,20.7,2.5,RW,0
Juan Ferney Otero,2019-2020,24,Amiens,0.1,0.1,0.1,0.1,0.0,0.1,0.05,0.4,31.6,27.2,0.7,0.7,0.4,0.7,32.3,127.7,0.7,2.4,7.0,0.2,0.1,1.8,42.5,1.4,1.3,0.6,1.2,0.9,1.4,2.7,1.6,0.0,0.1,2.7,0.4,0.4,33.3,1.1,5.9,17.4,16.8,1.9,RW,0
Julian Draxler,2017-2018,23,Paris S-G,0.3,0.2,0.2,0.2,0.16,1.2,0.44,39.1,66.3,91.1,1.3,0.1,6.2,5.8,51.6,144.6,1.5,1.7,1.0,0.8,4.2,3.4,52.6,0.7,0.5,0.3,1.4,1.0,1.5,2.5,2.7,0.7,0.7,1.3,1.9,0.1,72.6,0.7,8.2,51.1,22.1,2.9,LW,1
Julian Draxler,2018-2019,24,Paris S-G,0.3,0.1,0.2,0.2,0.13,1.4,0.19,51.6,61.7,88.1,1.8,0.0,8.5,5.1,50.2,164.2,1.5,1.8,0.7,0.6,4.0,3.1,60.0,1.1,0.6,0.7,1.2,0.9,0.7,2.5,2.7,0.5,0.4,1.6,1.5,0.0,74.1,0.4,7.2,45.3,26.9,2.9,LW,1
Julian Draxler,2019-2020,25,Paris S-G,0.5,0.0,0.1,0.2,0.08,1.7,0.0,38.5,56.3,88.5,2.4,0.0,8.0,3.1,43.3,150.7,1.7,1.4,1.0,0.7,2.9,2.2,75.0,2.2,0.5,0.9,1.0,0.9,1.3,3.0,2.2,0.4,0.0,1.4,1.2,0.0,60.0,0.3,8.0,43.6,21.6,2.8,LW,1
Julian Draxler,2020-2021,26,Paris S-G,0.3,0.3,0.1,0.2,0.15,0.9,1.0,36.4,46.4,85.9,1.4,0.1,5.9,4.3,39.8,131.1,0.6,1.1,0.4,0.3,4.0,3.0,57.1,0.7,1.1,0.4,1.3,0.3,1.2,2.3,2.6,0.1,0.2,2.5,1.7,0.3,60.0,0.2,4.7,31.0,25.3,3.1,LW,1
Justin Kluivert,2021-2022,22,Nice,0.2,0.2,0.1,0.2,0.09,1.4,0.4,33.3,20.4,63.6,1.2,0.6,2.7,6.8,27.2,116.9,2.4,1.7,0.4,0.1,3.1,1.6,53.8,1.9,1.4,0.2,0.8,0.6,0.7,1.6,6.4,0.2,0.4,7.8,4.0,0.2,51.3,0.7,4.4,15.7,24.0,2.7,AM,1
Kévin Monnet-Paquet,2017-2018,28,Saint-Étienne,0.2,0.1,0.2,0.1,0.14,1.4,0.25,28.6,26.6,75.8,1.0,0.2,2.8,1.5,26.1,76.1,1.7,2.7,0.4,0.3,2.7,2.1,32.7,1.7,0.7,0.6,1.9,0.8,0.7,2.3,0.8,0.0,0.1,1.5,0.0,0.3,50.0,1.3,8.1,19.0,19.1,2.9,LW,0
Kamaldeen Sulemana,2021-2022,19,Rennes,0.2,0.4,0.2,0.2,0.09,2.3,0.5,30.8,23.6,76.0,2.0,0.5,3.7,4.8,33.4,134.6,3.3,2.2,0.4,0.3,4.1,3.0,62.5,1.7,1.2,0.9,0.6,0.9,0.4,2.4,0.4,0.1,1.0,2.5,0.1,0.3,58.7,0.4,4.3,18.7,25.3,4.2,RW,0
Keagan Dolly,2017-2018,24,Montpellier,0.2,0.1,0.2,0.1,0.08,2.2,0.14,31.8,34.7,76.2,1.1,0.6,4.7,5.5,28.6,102.9,2.5,1.8,0.3,0.3,5.6,2.8,33.3,0.3,0.2,0.1,1.0,1.1,0.1,1.3,6.5,0.0,0.3,6.5,3.6,0.2,66.7,0.2,3.4,23.0,30.0,2.1,LW,0
Keita Baldé,2017-2018,22,Monaco,0.3,0.5,0.3,0.1,0.17,2.0,0.73,34.4,17.0,70.9,0.8,0.4,2.0,1.4,23.6,76.8,2.5,1.6,0.6,0.3,2.6,1.5,34.9,1.4,1.6,0.1,0.6,0.6,0.4,1.1,0.6,0.1,0.1,2.4,0.0,0.9,65.2,0.4,3.2,14.6,17.2,3.8,LW,1
Keita Baldé,2019-2020,24,Monaco,0.1,0.4,0.4,0.1,0.14,2.9,0.31,46.4,20.0,67.0,0.6,0.1,2.4,2.0,22.8,54.5,2.5,1.0,0.5,0.3,3.1,2.2,41.7,1.3,1.6,0.3,0.6,0.4,0.2,0.8,1.8,0.0,0.0,1.7,0.6,0.5,62.5,1.0,4.2,16.5,20.3,4.7,LW,0
Kevin Volland,2020-2021,28,Monaco,0.2,0.5,0.4,0.1,0.21,1.8,0.53,53.6,16.9,65.5,0.9,0.1,2.7,2.1,19.7,37.5,2.6,1.3,0.4,0.3,2.2,1.6,45.9,2.0,1.5,0.3,0.8,0.7,0.1,1.2,0.4,0.2,0.2,0.9,0.0,0.4,40.5,0.2,2.5,16.5,16.6,4.8,AM,1
Konrad De La Fuente,2021-2022,20,Marseille,0.2,0.0,0.1,0.1,0.06,1.7,0.0,26.7,20.6,78.3,1.1,0.2,1.8,1.7,28.1,122.8,1.9,2.4,0.6,0.3,2.5,2.1,40.0,0.2,0.7,0.8,0.5,0.6,0.2,1.5,0.6,0.2,0.2,2.2,0.0,0.1,56.8,0.3,4.4,7.8,26.4,5.3,LW,0
Kwon Chang-hoon,2017-2018,23,Dijon,0.1,0.5,0.3,0.1,0.1,2.8,0.41,40.9,19.3,65.0,1.0,0.3,1.7,4.6,26.2,78.9,2.1,1.9,0.4,0.2,3.0,2.0,20.0,1.0,1.9,0.5,1.0,1.3,1.0,2.6,2.9,0.3,0.3,3.7,1.7,0.5,57.1,0.8,6.0,16.1,20.0,2.8,RW,0
Kwon Chang-hoon,2018-2019,24,Dijon,0.0,0.2,0.2,0.1,0.09,1.9,0.33,30.0,22.6,67.8,1.2,0.3,3.6,4.2,23.8,57.1,2.2,2.1,0.0,0.0,2.5,1.5,42.1,0.8,1.2,0.0,1.2,1.5,0.8,1.4,3.5,0.1,0.3,4.2,2.2,0.4,52.9,0.5,4.8,16.2,24.9,2.1,RW,0
Lamine Gueye,2020-2021,22,Metz,0.1,0.2,0.3,0.1,0.11,2.5,0.19,39.0,21.1,68.3,0.5,0.2,1.9,2.8,28.0,66.8,3.8,1.9,0.2,0.1,2.6,1.4,38.2,0.7,2.3,0.4,1.1,0.4,1.3,2.4,2.0,0.0,0.1,4.3,1.1,0.6,57.7,0.3,5.8,18.8,20.0,3.7,RW,0
Lovro Majer,2021-2022,23,Rennes,0.4,0.3,0.3,0.3,0.12,2.2,0.33,40.0,39.4,76.1,1.5,0.2,7.2,7.9,43.1,136.5,2.3,1.3,1.0,0.8,5.0,3.2,23.1,1.7,1.6,0.5,1.5,1.3,0.5,2.1,3.4,0.3,0.4,4.2,2.4,0.0,51.8,0.8,7.1,30.5,27.6,3.1,AM,1
Lucas Ocampos,2018-2019,24,Marseille,0.3,0.1,0.2,0.1,0.09,2.1,0.17,37.1,23.0,73.5,0.9,0.4,1.8,2.5,29.5,88.3,3.3,1.9,0.3,0.2,2.3,1.5,41.1,1.7,2.1,1.1,1.5,1.3,1.0,3.6,2.1,0.2,0.2,2.3,0.0,0.2,47.8,1.1,7.2,21.4,20.2,3.9,LW,1
Lucas Ocampos,2017-2018,23,Marseille,0.1,0.4,0.5,0.1,0.0,0.18,0.14,1.0,34.9,28.4,1.5,0.8,0.3,1.3,59.2,177.9,1.2,3.3,6.4,0.4,0.3,3.1,35.8,1.6,2.1,1.3,2.8,1.9,1.3,5.0,0.8,0.1,0.1,1.1,0.0,0.2,56.1,1.1,6.7,22.9,19.3,4.7,LW,1
Lucas Paquetá,2020-2021,22,Lyon,0.2,0.4,0.3,0.1,0.13,2.2,0.41,40.0,39.8,80.4,1.8,0.1,7.5,4.2,37.1,83.9,2.2,1.3,0.5,0.3,3.6,3.0,52.8,2.6,2.7,0.9,1.7,1.1,0.8,3.6,1.9,0.2,0.2,0.4,0.1,0.2,54.8,1.3,10.0,34.1,18.9,2.8,AM,1
Lucas Paquetá,2021-2022,23,Lyon,0.2,0.3,0.3,0.2,0.11,2.9,0.24,38.4,41.4,78.2,1.2,0.1,5.6,4.7,46.0,83.2,3.7,2.6,0.5,0.3,4.0,2.7,47.8,2.1,2.1,0.6,1.1,1.4,0.3,2.6,3.0,0.5,0.3,1.0,0.4,0.2,68.6,1.2,7.3,36.4,25.5,3.5,AM,1
Ludovic Blas,2017-2018,19,Guingamp,0.1,0.2,0.2,0.1,0.09,2.0,0.21,35.9,41.6,85.0,0.6,0.1,6.4,7.1,37.5,120.6,1.7,2.1,0.2,0.1,2.2,1.6,36.5,1.4,1.7,0.4,1.5,0.8,1.0,2.1,1.0,0.1,0.6,0.4,0.1,0.2,71.9,0.8,7.6,37.0,15.0,1.8,RW,0
Ludovic Blas,2018-2019,20,Guingamp,0.2,0.0,0.1,0.1,0.06,1.6,0.0,19.5,26.9,76.1,0.7,0.1,5.3,5.5,25.9,81.3,2.2,2.3,0.4,0.3,2.1,1.7,35.6,1.4,1.3,0.8,0.9,1.7,1.0,3.3,0.3,0.2,0.8,0.8,0.0,0.1,66.3,0.8,6.9,28.8,13.9,1.8,RW,0
Ludovic Blas,2019-2020,21,Nantes,0.0,0.2,0.2,0.1,0.09,2.2,0.26,41.3,25.7,78.0,1.1,0.1,4.5,3.6,29.6,91.5,2.9,1.9,0.3,0.2,3.1,2.3,32.7,1.3,1.3,0.2,1.0,0.8,0.7,2.0,0.9,0.1,0.7,0.5,0.0,0.0,57.8,0.3,4.7,25.5,17.5,2.1,RW,0
Ludovic Blas,2020-2021,22,Nantes,0.1,0.3,0.3,0.1,0.11,2.3,0.42,33.8,24.6,79.0,0.8,0.2,4.2,4.2,29.2,84.3,2.8,2.0,0.3,0.2,2.7,1.7,24.6,1.7,1.6,0.7,1.0,1.1,0.7,2.6,1.7,0.2,0.7,0.7,0.2,0.1,61.0,0.5,5.8,23.9,16.9,2.5,RW,0
Ludovic Blas,2021-2022,23,Nantes,0.2,0.2,0.2,0.1,0.09,2.6,0.16,37.6,25.3,78.9,0.9,0.3,4.8,5.2,31.8,80.6,2.9,2.4,0.5,0.4,3.3,2.3,37.0,1.4,1.7,0.5,0.9,1.0,0.9,1.9,2.3,0.1,0.7,1.1,0.0,0.1,40.5,0.5,5.1,24.0,18.2,2.7,RW,0
Luiz Araújo,2017-2018,21,Lille,0.1,0.2,0.2,0.1,0.1,2.3,0.31,31.4,23.9,70.9,0.8,0.4,3.3,5.0,29.9,121.6,2.4,2.4,0.4,0.3,2.5,1.7,26.3,1.2,1.1,0.4,1.7,1.1,0.7,2.5,1.8,0.4,0.7,3.1,1.0,0.3,70.8,0.5,5.8,21.4,19.4,2.5,RW,1
Luiz Araújo,2018-2019,22,Lille,0.2,0.3,0.2,0.1,0.09,2.8,0.43,29.2,26.7,73.2,1.0,0.3,5.0,5.6,33.0,111.4,2.4,1.7,0.3,0.2,3.5,2.7,8.3,2.5,0.9,1.0,1.7,0.7,0.3,3.0,3.3,0.2,0.6,3.5,1.2,0.1,60.5,0.3,5.1,24.4,22.0,2.0,RW,0
Luiz Araújo,2019-2020,23,Lille,0.1,0.2,0.1,0.2,0.04,2.6,0.18,45.8,24.1,71.4,1.5,0.5,3.2,3.2,27.5,99.6,1.8,1.6,0.2,0.1,3.5,1.7,40.0,1.4,2.5,0.5,2.8,1.5,0.4,2.6,2.5,0.2,0.1,3.0,0.8,0.0,73.3,0.3,5.4,18.8,24.1,3.2,RW,0
Luiz Araújo,2020-2021,24,Lille,0.1,0.2,0.2,0.2,0.07,2.9,0.4,20.4,27.4,75.1,1.2,0.1,3.9,4.8,31.5,101.9,2.2,1.6,0.2,0.2,3.2,2.4,33.3,1.4,1.1,0.5,1.2,1.4,0.7,2.9,1.0,0.1,0.7,1.6,0.2,0.0,58.3,0.7,4.8,23.3,24.7,2.8,RW,0
Malcom,2017-2018,20,Bordeaux,0.2,0.3,0.2,0.3,-0.1,0.08,0.14,0.9,38.9,49.7,3.1,2.2,0.5,4.1,52.2,320.0,1.4,2.3,8.6,0.7,0.4,5.7,26.9,0.8,2.9,0.0,0.9,0.4,0.4,0.9,6.7,0.3,0.7,6.0,3.5,0.3,66.0,0.1,3.3,26.2,30.9,2.9,RW,0
Manu García,2018-2019,20,Toulouse,0.2,0.0,0.0,0.1,0.04,0.9,0.0,16.7,36.0,78.8,0.9,0.0,6.8,5.6,39.0,97.4,2.2,1.4,0.2,0.2,2.8,2.3,17.6,1.4,2.2,0.7,1.7,0.8,0.7,2.5,0.8,0.7,0.3,0.3,0.1,0.0,55.2,0.6,6.8,34.0,15.7,0.8,AM,0
Marcus Thuram,2018-2019,20,Guingamp,0.0,0.2,0.2,0.1,0.11,2.0,0.28,31.6,20.5,70.0,0.6,0.2,2.7,1.6,26.8,119.9,3.3,3.2,0.2,0.1,3.2,2.3,54.2,1.5,1.6,0.7,0.8,0.8,0.4,1.9,0.9,0.1,0.0,1.5,0.0,0.2,69.2,0.5,4.7,19.1,20.9,5.1,RW,1
Martin Terrier,2017-2018,20,Strasbourg,0.2,0.2,0.3,0.1,0.1,2.7,0.18,34.0,19.8,73.4,0.7,0.1,1.9,2.1,22.8,71.5,2.6,1.2,0.3,0.2,3.1,2.1,48.0,1.6,1.5,0.5,1.0,0.6,0.8,3.0,0.9,0.3,0.4,1.1,0.2,0.4,50.0,0.6,4.4,17.2,17.5,3.8,LW,0
Martin Terrier,2019-2020,22,Lyon,0.2,0.1,0.1,0.1,0.09,1.3,0.13,47.1,25.6,76.8,0.5,0.0,2.9,4.1,23.8,70.2,1.7,0.6,0.4,0.2,2.3,1.4,41.7,1.7,1.3,0.2,0.8,1.1,0.8,2.3,2.5,0.4,0.5,1.7,1.1,0.1,68.0,0.9,5.6,22.2,16.8,3.2,LW,0
Martin Terrier,2020-2021,23,Rennes,0.3,0.3,0.2,0.2,0.1,1.7,0.47,37.0,23.1,78.6,0.7,0.1,2.4,1.3,22.4,55.7,2.9,0.8,0.3,0.3,3.3,2.3,43.0,1.3,1.4,0.4,1.0,0.8,0.6,1.8,1.1,0.0,0.1,0.6,0.0,0.3,60.5,0.3,2.5,16.3,21.1,4.5,LW,1
Martin Terrier,2021-2022,24,Rennes,0.1,0.6,0.4,0.1,0.14,2.8,0.43,51.2,24.5,78.9,1.4,0.2,4.0,3.0,26.9,79.1,1.9,0.7,0.6,0.5,3.5,2.8,45.1,0.9,1.3,0.8,0.6,0.9,0.6,2.4,0.7,0.2,0.4,0.9,0.0,0.2,47.5,0.6,4.4,18.4,19.9,4.2,LW,1
Martin Terrier,2018-2019,21,Lyon,0.0,0.5,0.2,0.1,-0.2,0.11,0.25,1.0,44.4,32.2,2.1,1.0,0.1,1.3,59.5,125.7,0.5,1.3,7.0,0.4,0.2,3.7,46.9,0.8,0.7,0.5,0.8,1.0,0.4,1.8,1.2,0.4,0.1,1.0,0.2,0.3,60.9,0.9,4.8,20.2,17.6,3.6,LW,0
Mathias Autret,2019-2020,28,Brest,0.2,0.1,0.1,0.2,0.07,2.0,0.22,33.3,27.5,66.0,1.7,0.5,4.6,8.0,27.3,75.1,2.7,1.0,0.4,0.3,4.4,2.9,18.2,1.0,0.4,0.6,1.3,1.0,0.7,2.4,5.5,0.4,0.7,5.2,3.4,0.0,20.0,0.4,5.4,26.1,22.0,2.7,AM,0
Mathias Pereira Lage,2019-2020,22,Angers,0.2,0.1,0.1,0.1,0.05,2.0,0.11,25.7,21.8,69.7,0.9,0.4,2.9,1.9,21.6,71.3,2.2,1.5,0.4,0.2,3.0,2.2,46.2,2.2,1.5,0.7,1.5,1.1,1.0,2.7,0.9,0.2,0.0,3.0,0.6,0.1,39.4,0.5,6.0,19.3,19.0,2.5,LW,0
Mathias Pereira Lage,2020-2021,23,Angers,0.1,0.2,0.1,0.0,0.08,1.7,0.4,35.7,20.6,72.7,0.4,0.2,2.7,1.9,21.8,54.2,2.3,1.0,0.1,0.1,2.2,1.7,35.0,1.8,0.9,0.6,1.8,1.3,0.9,2.7,1.2,0.1,0.1,1.6,0.1,0.1,43.6,1.1,7.5,19.4,14.6,1.7,LW,0
Mathieu Cafaro,2018-2019,21,Reims,0.1,0.3,0.2,0.1,0.05,3.0,0.32,31.4,19.8,60.1,0.9,0.5,3.4,8.4,23.9,87.0,2.3,1.3,0.3,0.2,3.2,1.5,29.2,1.5,1.3,0.8,1.9,1.2,0.9,3.4,4.9,0.2,0.5,6.3,2.7,0.1,47.2,0.4,7.6,20.7,19.3,1.5,RW,0
Mathieu Cafaro,2019-2020,22,Reims,0.2,0.0,0.2,0.1,0.05,3.7,0.0,31.6,19.5,55.7,0.9,0.5,3.5,11.4,28.4,87.5,2.2,1.1,0.4,0.0,3.7,1.4,27.8,1.6,2.0,0.6,1.1,1.3,0.2,1.4,5.6,0.2,0.7,9.1,3.6,0.1,63.3,0.2,5.5,17.9,25.0,2.5,RW,0
Mathieu Cafaro,2020-2021,23,Reims,0.1,0.2,0.1,0.1,0.04,2.6,0.19,35.0,22.3,61.3,1.1,0.4,3.0,8.5,28.6,93.7,2.5,0.6,0.3,0.3,2.0,1.3,32.0,1.3,1.6,0.6,1.3,0.5,0.7,2.5,3.1,0.1,0.6,4.8,1.5,0.2,40.4,0.6,7.8,21.6,19.7,1.9,RW,0
Maxwel Cornet,2018-2019,21,Lyon,0.4,0.5,0.5,0.2,0.1,0.16,0.15,1.5,46.8,33.2,0.6,1.1,0.4,0.5,21.2,195.5,1.9,2.7,13.9,0.6,0.4,4.1,41.3,0.6,1.3,0.1,0.7,0.7,0.4,1.3,1.9,0.3,0.0,3.7,1.1,0.6,44.2,0.8,3.9,16.0,26.6,5.6,LW,1
Maxwel Cornet,2017-2018,20,Lyon,0.4,0.3,0.2,0.1,0.3,0.1,0.13,0.8,38.7,37.5,1.3,1.0,0.4,1.4,48.8,250.3,1.3,2.4,10.1,0.5,0.4,3.4,29.5,1.2,1.5,0.2,1.6,0.8,1.0,2.2,1.6,0.1,0.0,2.9,0.8,0.2,46.5,0.8,4.7,20.9,25.0,4.5,LW,0
Maxwel Cornet,2019-2020,22,Lyon,0.2,0.3,0.1,0.2,0.0,0.09,0.17,0.9,54.2,48.0,1.5,1.6,0.8,2.2,43.4,212.5,1.2,1.8,10.8,0.4,0.2,3.0,48.5,1.0,2.0,0.9,0.7,1.1,1.4,3.5,6.2,0.1,0.2,5.3,1.8,0.1,55.9,1.6,10.5,24.9,25.3,2.7,LW,1
Maxwel Cornet,2020-2021,23,Lyon,0.2,0.1,0.1,0.1,0.1,0.1,0.1,0.4,52.4,63.1,3.1,0.7,0.4,3.1,51.6,184.0,0.6,1.3,7.2,0.5,0.4,2.3,53.9,1.1,1.2,1.2,0.9,0.8,1.6,4.2,10.0,0.0,0.1,3.0,0.3,0.1,60.5,2.9,21.8,35.2,17.5,1.8,LW,1
Mehdi Merghem,2018-2019,21,Guingamp,0.1,0.0,0.2,0.0,0.07,3.0,0.0,16.7,25.3,70.0,0.6,0.4,3.9,5.1,30.3,92.2,2.1,2.2,0.1,0.1,1.9,1.1,53.3,1.4,0.9,1.4,1.2,1.7,1.1,4.2,0.4,0.1,0.1,3.2,0.0,0.0,56.7,1.2,10.1,24.8,18.5,2.1,RW,0
Mehdi Zerkane,2020-2021,21,Bordeaux,0.1,0.1,0.1,0.1,0.11,1.1,0.14,46.7,36.8,83.8,0.7,0.2,4.2,1.7,35.5,98.6,2.1,1.4,0.3,0.2,2.7,2.0,50.0,1.6,1.9,0.4,1.0,1.1,0.7,2.4,0.7,0.0,0.0,0.6,0.1,0.1,43.2,0.9,8.3,32.8,14.5,1.7,AM,0
Mitchell van Bergen,2021-2022,21,Reims,0.0,0.0,0.1,0.1,0.1,1.1,0.0,41.7,12.7,61.8,1.1,0.5,1.3,4.3,18.6,50.2,3.2,0.6,0.0,0.0,2.5,1.6,15.0,0.7,0.4,0.5,0.8,0.8,0.4,1.1,3.3,0.1,0.0,4.5,1.7,0.9,60.9,0.6,4.3,9.9,16.4,2.5,RW,0
Moses Simon,2019-2020,24,Nantes,0.2,0.2,0.3,0.2,0.15,1.8,0.28,41.9,20.3,72.3,1.1,0.2,2.4,1.5,27.0,128.8,2.9,2.1,0.3,0.2,3.1,2.3,18.8,0.5,1.0,0.2,0.6,0.2,0.3,1.0,1.3,0.1,0.1,2.9,0.2,0.4,44.4,0.2,3.0,13.2,23.0,4.6,LW,0
Moses Simon,2020-2021,25,Nantes,0.2,0.2,0.3,0.2,0.19,1.4,0.29,45.9,18.0,64.3,0.9,0.3,2.1,3.6,24.7,90.0,2.6,1.8,0.3,0.2,2.6,1.8,37.3,0.7,1.1,0.7,0.7,0.9,0.6,1.6,2.9,0.0,0.2,5.2,1.8,0.2,50.0,0.7,4.6,12.9,22.0,4.2,LW,0
Moses Simon,2021-2022,26,Nantes,0.3,0.2,0.2,0.3,0.11,1.6,0.38,38.1,20.1,62.8,1.4,0.7,1.9,5.7,27.9,122.1,3.0,2.0,0.5,0.2,3.9,2.2,40.5,0.5,1.0,0.4,0.5,0.5,0.5,1.1,5.2,0.1,0.2,8.0,3.1,0.2,44.1,0.3,3.6,12.7,27.5,4.7,LW,0
Mounir Chouiar,2019-2020,20,Dijon,0.0,0.2,0.2,0.2,0.09,2.3,0.24,43.6,26.8,70.6,1.0,0.1,3.2,6.8,30.6,116.3,2.9,2.2,0.1,0.1,4.9,2.2,50.0,2.0,1.2,0.7,1.8,0.5,0.8,2.9,6.9,0.2,0.2,5.4,3.4,0.2,62.5,0.9,6.6,24.1,22.7,3.3,LW,0
Mounir Chouiar,2020-2021,21,Dijon,0.1,0.0,0.1,0.1,0.05,1.6,0.0,21.7,27.5,75.0,0.6,0.0,2.9,5.3,32.0,97.6,2.7,2.9,0.1,0.1,3.3,1.5,44.8,1.7,1.7,0.4,0.8,0.7,0.8,2.3,3.9,0.1,0.6,3.4,2.0,0.1,56.8,0.8,6.9,24.7,19.7,2.9,LW,0
Moussa Diaby,2018-2019,19,Paris S-G,0.5,0.2,0.2,0.3,0.1,1.8,0.29,30.4,35.3,79.5,1.6,0.2,2.9,1.3,38.3,125.6,2.7,1.9,0.8,0.6,2.7,2.1,18.2,1.2,0.5,0.2,0.7,0.6,0.9,2.1,1.5,0.5,0.2,2.4,0.3,0.2,55.6,0.8,5.9,20.5,28.7,5.4,RW,1
Moussa Doumbia,2018-2019,23,Reims,0.1,0.2,0.1,0.1,0.05,1.6,0.21,48.3,27.9,76.4,1.3,0.4,4.1,3.9,34.5,133.3,3.5,2.2,0.5,0.2,3.4,2.2,31.0,1.6,3.8,0.6,1.6,0.4,0.4,2.0,1.3,0.1,0.8,2.1,0.4,0.5,51.6,0.7,8.8,21.4,20.6,2.3,LW,0
Moussa Doumbia,2019-2020,24,Reims,0.1,0.1,0.1,0.1,0.06,2.3,0.11,20.5,27.9,77.2,0.9,0.2,4.1,4.3,33.7,132.4,3.5,1.7,0.2,0.1,3.7,2.6,17.4,1.0,2.9,0.4,0.9,0.7,0.5,1.3,2.1,0.3,0.3,2.4,0.9,0.1,48.2,0.4,6.2,21.4,24.0,3.4,LW,0
Moussa Doumbia,2020-2021,25,Reims,0.1,0.0,0.1,0.1,0.04,1.5,0.0,20.0,31.7,79.8,0.9,0.4,4.6,4.0,39.0,143.7,3.7,1.3,0.4,0.3,3.5,2.7,15.0,0.8,3.2,0.4,1.8,0.5,1.0,2.0,1.8,0.0,0.3,3.4,1.1,0.2,46.0,0.7,7.4,22.1,25.1,3.6,LW,0
Myziane Maolida,2019-2020,20,Nice,0.3,0.1,0.2,0.2,0.1,2.0,0.2,33.3,33.9,80.6,1.3,0.3,3.7,1.6,36.8,139.3,2.3,2.7,0.3,0.3,4.4,3.3,45.5,1.3,0.8,0.7,0.9,1.1,0.4,2.3,0.4,0.0,0.1,1.2,0.0,0.1,48.0,0.7,7.2,24.5,23.1,4.5,LW,0
Myziane Maolida,2020-2021,21,Nice,0.1,0.3,0.2,0.2,0.12,1.6,0.75,21.1,22.2,72.9,1.1,0.4,1.7,2.1,28.2,82.7,2.3,1.4,0.3,0.2,2.9,2.1,13.6,1.5,0.8,0.3,0.6,0.5,0.5,1.6,0.8,0.0,0.3,2.4,0.1,0.2,47.7,0.8,4.9,16.2,19.8,3.3,LW,0
Myziane Maolida,2018-2019,19,Nice,0.3,0.0,0.2,0.1,0.1,0.14,0.0,0.7,38.9,33.6,1.8,1.2,0.1,0.8,47.1,196.9,1.8,3.5,10.7,0.3,0.3,2.9,32.1,0.5,0.7,0.2,0.2,0.5,0.1,1.2,1.1,0.1,0.1,0.7,0.0,0.3,42.2,0.9,4.3,20.5,21.3,4.3,LW,0
Naïm Sliti,2017-2018,25,Dijon,0.2,0.2,0.2,0.2,0.08,2.2,0.22,41.1,24.6,67.2,1.9,0.4,4.6,6.6,32.3,128.8,2.9,2.8,0.6,0.2,5.6,2.8,27.5,0.9,2.6,0.8,1.3,0.9,0.5,2.4,6.0,0.7,0.2,4.4,2.8,0.4,80.0,0.4,4.2,19.7,25.0,2.3,LW,0
Naïm Sliti,2018-2019,26,Dijon,0.2,0.1,0.2,0.2,0.07,2.4,0.11,30.6,25.9,69.9,1.5,0.2,4.7,7.2,31.4,129.5,3.5,2.5,0.5,0.2,6.2,2.9,20.5,1.2,2.7,0.6,1.2,0.7,0.4,2.6,7.3,0.4,0.4,5.5,3.7,0.4,62.9,0.2,4.6,21.3,27.2,1.9,LW,0
Nabil Fekir,2017-2018,24,Lyon,0.3,0.5,0.3,0.2,0.11,3.1,0.34,51.8,36.9,81.1,1.6,0.2,5.6,4.9,42.4,124.7,2.7,2.8,0.9,0.5,5.5,2.5,43.2,2.6,3.8,0.3,1.2,0.4,0.3,1.9,5.6,0.3,0.2,3.6,2.4,0.6,75.6,0.1,3.9,31.1,23.5,3.9,AM,1
Nabil Fekir,2018-2019,25,Lyon,0.3,0.2,0.3,0.2,0.07,3.8,0.13,44.7,39.7,81.3,1.0,0.2,6.1,5.9,45.3,113.4,2.4,2.0,0.6,0.5,5.9,3.6,29.5,2.0,2.9,0.6,1.1,1.9,0.3,2.6,4.6,0.2,0.4,3.6,2.4,0.8,57.3,0.3,4.1,30.2,30.6,5.4,AM,1
Nacer Chadli,2018-2019,28,Monaco,0.0,0.0,0.0,0.1,0.05,0.3,0.0,50.0,34.6,78.7,0.9,0.0,3.4,4.8,30.2,89.0,2.2,1.7,0.1,0.1,2.7,1.0,69.6,1.3,1.0,0.4,0.7,0.9,0.4,1.8,8.3,0.1,0.0,4.4,3.0,0.3,50.0,1.3,7.9,24.1,22.4,1.3,LW,0
Nathanael Mbuku,2020-2021,18,Reims,0.0,0.2,0.1,0.1,0.07,1.6,0.22,46.2,17.9,76.0,1.3,0.1,3.1,2.6,21.7,73.3,2.0,1.1,0.2,0.1,2.5,1.7,37.7,1.1,2.4,0.3,0.8,0.7,0.6,1.9,1.0,0.2,0.1,1.8,0.6,0.1,63.2,0.6,4.7,13.8,15.4,2.2,LW,0
Nathanael Mbuku,2021-2022,19,Reims,0.1,0.1,0.2,0.0,0.07,2.1,0.15,39.4,16.6,70.0,0.6,0.1,2.5,2.1,23.8,90.1,2.3,1.6,0.3,0.2,2.9,1.5,41.7,0.6,2.5,0.1,0.4,0.9,0.7,1.6,1.1,0.0,0.1,2.2,0.4,0.1,61.9,0.8,4.3,16.5,14.6,2.3,LW,0
Nemanja Radonjić,2018-2019,22,Marseille,0.0,0.0,0.2,0.0,0.07,2.1,0.0,12.5,15.6,66.3,0.5,0.3,2.0,2.1,24.8,104.3,3.2,1.6,0.1,0.1,2.5,1.5,23.1,0.8,0.4,0.7,1.5,0.4,0.7,1.7,0.1,0.0,0.3,1.6,0.0,0.5,44.0,0.4,4.0,13.3,20.4,4.4,LW,0
Nemanja Radonjić,2019-2020,23,Marseille,0.1,0.5,0.3,0.1,0.11,3.1,0.36,46.7,23.9,70.9,2.3,0.4,4.6,2.6,38.6,168.9,4.5,3.2,0.2,0.1,3.1,1.7,26.3,1.6,1.1,0.6,1.1,0.7,0.2,1.2,0.5,0.2,0.5,1.4,0.3,0.3,61.0,0.6,5.3,18.3,28.6,4.7,LW,0
Neymar,2018-2019,26,Paris S-G,0.4,0.6,0.4,0.4,0.15,3.1,0.5,40.8,51.5,77.6,4.0,0.1,11.1,8.4,59.2,240.0,4.3,4.5,1.5,0.9,6.4,3.7,72.7,0.8,3.6,0.3,1.1,0.5,0.3,1.2,7.3,2.6,0.4,3.5,3.9,0.4,60.5,0.1,4.1,40.8,39.7,6.8,LW,1
Neymar,2019-2020,27,Paris S-G,0.4,0.6,0.7,0.4,0.17,4.5,0.28,48.5,50.1,77.1,4.4,0.3,10.9,8.6,59.2,225.8,5.0,3.1,1.2,1.0,6.8,4.5,20.0,1.0,4.2,0.2,1.2,0.7,0.3,1.1,5.9,1.4,0.9,3.8,3.3,0.1,60.8,0.0,5.1,39.7,41.3,6.7,LW,1
Neymar,2020-2021,28,Paris S-G,0.3,0.3,0.5,0.3,0.14,4.1,0.25,25.0,48.5,76.4,3.6,0.2,10.2,8.1,57.7,235.7,4.6,3.1,1.0,0.6,8.8,5.6,29.4,2.1,4.3,0.5,1.8,0.5,0.6,1.5,6.0,0.8,0.7,3.7,3.1,0.2,56.1,0.1,3.3,35.5,45.9,7.2,LW,1
Neymar,2017-2018,25,Paris S-G,0.7,0.8,0.6,0.5,0.1,0.14,0.17,1.8,41.9,73.2,6.7,4.4,0.2,3.8,47.2,525.4,2.9,3.4,11.4,1.7,1.0,8.9,37.5,1.2,5.2,0.4,1.7,0.2,0.3,1.3,7.2,2.9,0.6,4.2,3.6,0.5,67.0,0.0,2.7,42.0,45.3,7.2,LW,1
Nicolas Benezet,2017-2018,26,Guingamp,0.2,0.2,0.1,0.2,0.09,1.5,0.3,35.7,39.2,72.5,1.4,0.2,6.0,7.0,40.5,138.1,2.4,2.2,0.5,0.3,4.0,2.5,34.6,1.3,2.2,0.6,1.4,0.4,0.7,2.7,5.8,0.2,0.8,6.3,3.5,0.5,62.5,0.5,5.9,28.8,31.5,3.3,LW,0
Nicolas Benezet,2018-2019,27,Guingamp,0.1,0.2,0.2,0.2,0.11,1.5,0.38,28.6,32.6,68.1,1.2,0.3,4.9,6.4,33.0,107.6,3.5,2.9,0.2,0.1,4.4,2.5,31.1,1.2,2.3,0.3,0.8,0.6,1.0,2.8,6.5,0.0,0.1,6.8,3.5,0.4,68.0,0.3,6.2,26.3,27.9,3.4,LW,0
Nicolas Pépé,2017-2018,22,Lille,0.1,0.4,0.2,0.1,0.12,2.0,0.46,40.6,26.1,78.4,1.0,0.2,2.9,2.8,31.4,83.3,3.5,3.8,0.3,0.2,3.1,2.2,33.8,0.9,2.6,0.3,1.0,0.7,0.3,1.3,2.3,0.2,0.3,1.8,0.3,0.8,61.9,0.3,3.6,19.0,23.6,3.5,RW,1
Nicolas Pépé,2018-2019,23,Lille,0.3,0.4,0.4,0.2,0.12,2.9,0.25,47.2,26.6,75.8,1.0,0.1,3.1,2.8,35.0,113.6,3.0,3.0,1.0,0.5,4.8,3.0,53.2,0.6,2.9,0.2,0.7,0.9,0.4,1.1,2.4,0.4,0.2,2.0,0.6,0.3,55.5,0.3,3.4,22.1,25.0,4.6,RW,1
Opa Nguette,2019-2020,25,Metz,0.1,0.2,0.1,0.0,0.0,0.11,0.19,0.5,37.0,25.8,1.6,0.2,0.0,0.4,57.1,186.6,0.9,3.0,7.0,0.3,0.1,2.6,33.3,0.9,1.9,0.5,1.4,0.8,0.6,2.8,0.2,0.0,0.0,0.6,0.0,0.0,56.3,0.7,6.4,18.1,17.2,2.8,LW,0
Opa Nguette,2020-2021,26,Metz,0.1,0.2,0.2,0.0,0.0,0.15,0.18,0.6,41.2,22.4,1.0,0.4,0.1,0.3,36.4,159.1,1.5,4.4,6.8,0.2,0.1,2.4,42.4,1.4,1.8,0.2,0.6,1.1,0.1,1.3,0.4,0.1,0.0,0.4,0.0,0.5,49.1,0.3,3.7,14.8,18.8,3.5,LW,0
Opa Nguette,2021-2022,27,Metz,0.2,0.2,0.2,0.0,0.1,0.09,0.09,0.6,30.4,21.7,1.0,0.3,0.0,0.1,25.0,177.5,1.0,4.8,6.5,0.5,0.3,2.4,45.7,1.0,2.1,0.4,0.8,1.1,0.2,2.0,0.9,0.0,0.0,0.4,0.0,0.3,52.1,1.7,6.1,16.7,16.3,3.0,LW,0
Opa Nguette,2017-2018,23,Metz,0.0,0.0,0.3,0.1,-0.1,0.14,0.0,1.0,40.7,22.5,2.3,0.4,0.0,1.1,60.0,210.6,1.9,4.0,7.7,0.0,0.0,3.4,52.8,1.8,1.8,0.4,1.4,0.9,1.6,4.0,0.4,0.2,0.3,1.1,0.0,0.2,52.1,0.5,6.7,16.3,18.8,3.5,LW,0
Osman Bukari,2021-2022,22,Nantes,0.4,0.2,0.1,0.2,0.1,0.07,0.1,0.8,45.0,26.6,0.9,0.5,0.2,0.4,25.0,196.3,1.5,2.8,8.1,0.7,0.6,3.0,40.9,1.2,0.5,0.7,1.2,0.7,0.7,2.3,0.4,0.1,0.0,1.3,0.1,0.4,45.7,0.6,5.2,13.0,22.0,3.9,RW,0
Pablo Sarabia,2020-2021,28,Paris S-G,0.3,0.4,0.4,0.3,-0.1,0.14,0.16,1.3,51.4,43.0,2.6,1.8,0.5,2.0,50.9,166.4,0.9,1.9,11.8,0.5,0.4,3.4,26.7,0.4,1.1,0.7,1.9,0.6,0.3,1.4,2.6,0.3,0.1,3.5,1.2,0.5,36.4,0.8,4.4,22.4,25.0,5.7,RW,1
Pablo Sarabia,2019-2020,27,Paris S-G,0.2,0.3,0.3,0.3,-0.1,0.1,0.12,0.8,30.3,52.7,3.8,1.5,0.3,1.8,41.8,186.5,0.9,2.4,14.3,0.3,0.2,3.1,25.0,1.1,0.8,0.3,1.6,1.5,0.8,1.7,2.3,0.6,0.2,4.1,1.4,0.5,55.6,0.5,4.8,29.1,29.9,5.1,RW,1
Papa Ndiaga Yade,2020-2021,20,Metz,0.4,0.3,0.1,0.1,0.1,0.05,0.11,0.5,21.4,24.9,1.0,0.8,0.4,1.5,44.7,187.5,1.1,3.9,7.3,0.4,0.4,3.6,32.6,3.1,0.7,0.6,1.2,0.8,0.4,1.7,1.0,0.2,0.1,2.9,0.2,0.1,48.9,0.9,5.6,15.4,20.4,2.8,LW,0
Papa Ndiaga Yade,2021-2022,21,Metz,0.1,0.0,0.0,0.1,0.0,0.03,0.0,0.0,0.0,40.3,1.7,0.8,0.5,3.1,50.0,276.1,0.5,3.5,4.1,0.1,0.1,2.1,37.5,1.0,0.9,1.0,1.3,0.5,1.3,3.2,6.9,0.1,0.5,4.0,0.1,0.0,58.1,2.1,14.6,26.9,14.0,0.8,LW,0
Quentin Boisgard,2019-2020,22,Toulouse,0.1,0.1,0.1,0.1,0.05,1.3,0.5,11.8,30.7,78.7,0.5,0.2,3.2,2.7,31.8,79.6,3.5,1.6,0.3,0.2,3.4,1.8,39.4,1.4,2.0,1.1,1.6,0.9,0.9,3.4,3.1,0.1,0.1,1.9,1.1,0.0,58.5,1.1,10.6,27.4,16.1,1.6,AM,0
Quentin Boisgard,2020-2021,23,Lorient,0.1,0.1,0.1,0.1,0.09,1.6,0.29,29.2,24.7,64.9,0.5,0.1,2.9,6.8,27.7,63.7,2.8,2.3,0.3,0.3,4.0,2.3,26.1,1.7,1.2,0.8,0.9,1.2,1.0,2.7,6.4,0.0,0.1,8.6,4.8,0.1,62.5,0.4,5.6,20.0,24.2,1.6,AM,0
Quentin Boisgard,2021-2022,24,Lorient,0.1,0.1,0.1,0.1,0.05,1.5,0.13,50.0,26.9,72.2,0.8,0.1,2.9,4.7,29.1,63.2,3.1,1.9,0.2,0.2,2.5,1.6,34.6,1.0,0.8,0.8,0.8,1.4,0.6,2.3,4.2,0.1,0.1,4.3,2.7,0.0,47.8,0.8,8.6,22.1,19.9,1.2,AM,0
Rémy Cabella,2017-2018,27,2 Teams,0.2,0.3,0.3,0.2,0.12,2.2,0.29,42.1,49.3,79.2,1.5,0.2,8.3,6.2,46.7,198.6,1.8,2.4,0.5,0.4,4.9,3.4,26.5,0.8,2.7,0.7,2.2,1.2,0.6,3.1,4.1,0.3,0.4,2.7,1.2,0.2,66.0,0.3,6.9,41.7,26.6,3.4,AM,0
Rémy Cabella,2018-2019,28,Saint-Étienne,0.1,0.2,0.3,0.2,0.12,2.4,0.29,29.6,52.4,83.8,1.3,0.4,8.4,4.7,44.6,202.0,1.9,2.1,0.5,0.4,4.1,3.0,32.6,1.0,2.0,0.9,1.7,1.2,0.6,3.2,2.8,0.3,0.4,2.5,0.6,0.1,52.8,0.5,8.1,41.5,27.1,3.9,AM,0
Rachid Ghezzal,2017-2018,25,Monaco,0.3,0.2,0.2,0.2,0.09,2.6,0.29,24.1,36.0,70.8,1.2,0.3,5.1,6.7,41.5,110.3,4.0,2.1,0.8,0.6,4.2,2.3,29.0,1.8,1.6,0.6,2.4,1.5,1.0,3.8,3.8,0.6,0.5,4.7,2.2,0.6,52.7,0.7,6.1,29.9,32.9,4.2,RW,1
Rafinha,2020-2021,27,Paris S-G,0.3,0.0,0.1,0.1,0.06,1.6,0.0,33.3,70.0,89.5,0.9,0.1,7.9,5.4,61.4,170.5,2.2,2.3,0.5,0.4,3.8,2.4,38.9,1.5,2.6,1.9,1.4,1.2,0.9,4.4,2.6,0.3,0.4,1.5,1.4,0.1,67.4,1.1,11.3,54.4,26.7,2.0,AM,0
Raphinha,2019-2020,22,Rennes,0.2,0.2,0.2,0.2,0.1,2.2,0.31,31.0,23.6,65.5,1.1,0.2,3.7,6.2,32.4,107.9,2.5,1.8,0.3,0.3,4.8,2.7,38.9,1.0,1.7,0.5,1.2,1.2,0.9,2.1,4.6,0.2,0.5,5.0,2.6,0.2,43.8,0.7,5.5,22.5,23.8,4.1,LW,1
Remi Oudin,2018-2019,21,Reims,0.1,0.3,0.3,0.1,0.11,2.7,0.42,30.8,16.6,57.2,0.4,0.1,2.0,4.9,22.3,48.6,2.2,1.7,0.2,0.2,1.9,1.4,32.2,1.1,0.6,0.7,0.9,1.0,1.4,3.2,1.2,0.3,0.4,2.0,0.1,0.2,37.5,1.2,8.5,16.6,16.3,4.4,AM,0
Remi Oudin,2019-2020,22,2 Teams,0.1,0.2,0.2,0.1,0.1,2.2,0.31,27.1,21.7,64.0,0.7,0.2,2.8,5.6,24.9,48.0,1.8,0.9,0.2,0.2,2.4,1.9,40.7,1.0,0.5,0.5,1.1,1.1,1.2,2.3,1.6,0.2,0.4,3.0,0.2,0.6,73.3,1.1,7.3,20.5,17.5,3.7,AM,0
Remi Oudin,2020-2021,23,Bordeaux,0.1,0.1,0.1,0.2,0.07,2.0,0.25,29.1,26.4,65.7,1.0,0.5,2.9,5.3,30.0,68.8,1.7,1.2,0.3,0.2,2.4,1.8,53.9,0.9,1.3,0.6,0.8,0.8,1.9,3.2,3.1,0.0,0.3,4.9,1.5,0.1,45.2,2.1,10.2,22.0,19.8,2.7,AM,0
Remi Oudin,2021-2022,24,Bordeaux,0.3,0.2,0.2,0.1,0.05,3.0,0.25,28.1,23.1,64.3,1.0,0.2,2.7,6.8,26.6,57.2,1.6,0.7,0.5,0.4,2.6,1.7,50.0,0.7,0.7,0.9,0.7,0.7,1.4,3.2,3.8,0.2,0.8,3.5,1.0,0.2,63.3,1.7,10.1,20.2,17.0,2.3,AM,0
Romain Del Castillo,2018-2019,22,Rennes,0.2,0.0,0.1,0.2,0.04,1.3,0.0,30.0,26.3,69.2,1.9,0.6,3.3,2.9,31.0,110.4,2.9,1.7,0.4,0.3,3.6,2.3,45.5,2.1,1.4,0.9,1.6,1.3,1.3,3.8,2.5,0.2,0.1,4.2,0.9,0.2,53.7,0.1,6.6,22.1,24.7,3.0,RW,0
Romain Del Castillo,2019-2020,23,Rennes,0.4,0.1,0.2,0.2,0.09,2.0,0.11,33.3,27.0,76.7,1.4,0.5,2.8,2.0,32.2,124.6,3.1,1.8,0.5,0.5,3.4,2.4,38.5,1.5,1.6,0.4,1.5,0.9,0.5,2.0,1.1,0.4,0.3,1.7,0.0,0.3,58.3,0.3,4.9,23.8,21.1,2.4,RW,0
Romain Del Castillo,2020-2021,24,Rennes,0.7,0.0,0.1,0.3,0.07,2.2,0.0,31.3,36.9,71.4,1.7,0.8,5.7,5.7,38.9,108.6,3.9,1.7,0.8,0.4,5.2,3.2,47.8,1.7,1.8,0.7,2.8,0.8,0.4,4.6,3.2,0.0,0.4,4.8,1.5,0.3,57.6,0.4,5.4,23.7,38.5,4.0,RW,0
Romain Del Castillo,2021-2022,25,2 Teams,0.5,0.0,0.1,0.2,0.06,1.2,0.0,23.1,29.1,72.0,1.2,0.4,4.5,5.1,38.3,77.6,4.4,2.2,0.9,0.6,3.2,2.2,23.5,1.4,2.1,1.3,1.7,1.1,0.7,3.3,3.1,0.3,0.3,4.0,1.2,0.0,47.8,0.3,5.7,26.6,24.4,2.2,RW,0
Romain Faivre,2020-2021,22,Brest,0.2,0.2,0.2,0.2,0.09,1.9,0.23,35.5,36.5,79.4,1.2,0.2,5.3,6.1,37.0,142.9,2.3,1.1,0.5,0.2,4.7,2.3,35.7,1.1,2.2,0.7,1.0,0.9,0.9,2.6,5.3,0.0,0.3,4.3,2.9,0.0,67.4,1.0,9.3,25.8,24.8,2.4,AM,0
Romain Faivre,2021-2022,23,2 Teams,0.2,0.2,0.1,0.2,0.08,1.7,0.28,34.6,38.5,78.7,1.4,0.2,6.8,6.4,40.6,160.9,2.8,1.4,0.5,0.2,4.5,2.4,34.8,1.0,1.5,0.5,0.9,0.5,0.5,1.9,6.7,0.1,0.4,5.9,3.4,0.1,50.0,0.8,7.0,26.9,28.7,3.3,AM,0
Ronny Rodelin,2017-2018,27,Caen,0.2,0.1,0.2,0.2,0.07,3.0,0.17,27.1,27.1,69.4,1.1,0.3,6.3,5.6,23.3,80.8,2.3,1.7,0.3,0.2,3.3,2.7,60.9,0.7,0.9,0.2,1.0,0.6,0.8,1.7,1.1,0.1,1.2,2.2,0.0,0.4,77.0,1.3,4.4,26.3,19.5,2.9,LW,0
Ronny Rodelin,2018-2019,28,2 Teams,0.0,0.0,0.2,0.1,0.06,3.1,0.0,25.9,24.6,70.0,0.9,0.3,5.1,4.5,21.0,42.7,1.9,1.0,0.1,0.1,3.3,2.7,62.7,1.1,1.0,0.3,0.6,0.9,0.9,2.4,0.6,0.0,0.7,0.9,0.0,0.3,72.7,1.5,3.5,24.8,19.0,3.2,LW,0
Rony Lopes,2017-2018,21,Monaco,0.2,0.5,0.4,0.2,0.15,2.4,0.48,45.6,20.9,69.8,1.5,0.4,3.2,2.6,28.5,104.3,3.1,1.8,0.5,0.2,2.9,1.9,21.3,1.3,1.4,0.7,2.0,0.8,0.6,2.5,1.0,0.1,0.1,3.3,0.2,0.2,54.1,0.4,4.4,16.3,22.3,4.0,LW,0
Rony Lopes,2018-2019,22,Monaco,0.1,0.1,0.2,0.2,0.08,2.5,0.08,47.1,21.8,64.9,1.2,0.4,3.2,5.8,26.3,97.3,2.4,1.1,0.2,0.1,4.9,2.4,25.0,0.8,1.4,0.4,0.6,0.8,0.4,2.0,6.2,0.2,0.1,7.1,3.9,0.2,45.2,0.3,3.2,15.0,27.4,2.9,LW,0
Rony Lopes,2020-2021,24,Nice,0.1,0.2,0.1,0.2,0.07,2.1,0.19,39.0,29.7,74.6,1.2,0.4,3.4,5.0,29.4,88.4,2.6,1.2,0.3,0.2,3.4,1.7,34.6,0.8,1.2,0.3,1.1,0.7,0.4,1.4,5.6,0.1,0.1,4.6,3.0,0.1,49.2,0.6,4.5,21.6,24.3,3.2,LW,0
Saîf-Eddine Khaoui,2017-2018,22,Troyes,0.1,0.2,0.2,0.1,0.06,2.8,0.23,36.1,22.2,64.7,0.7,0.0,3.3,4.9,24.6,74.1,2.4,1.3,0.2,0.1,3.8,1.9,31.0,1.8,1.2,0.7,1.6,0.6,1.2,3.9,5.2,0.2,0.1,4.8,3.3,0.0,61.3,0.3,7.5,20.2,20.3,2.0,AM,0
Saîf-Eddine Khaoui,2018-2019,23,2 Teams,0.1,0.2,0.1,0.0,0.07,1.7,0.27,42.3,21.8,69.3,0.2,0.0,3.7,3.7,23.1,55.6,2.2,1.5,0.2,0.1,1.9,1.4,37.9,1.3,0.7,0.5,1.3,0.6,1.3,2.7,1.8,0.1,0.1,1.5,0.6,0.0,58.5,0.4,4.7,26.0,11.8,1.3,AM,0
Saîf-Eddine Khaoui,2021-2022,26,Clermont Foot,0.0,0.1,0.2,0.1,0.1,1.9,0.14,35.0,26.8,72.4,0.4,0.1,3.0,5.4,30.3,45.9,2.2,1.3,0.1,0.1,3.1,1.2,12.5,1.1,1.5,0.9,0.9,0.9,1.4,3.2,4.9,0.1,0.0,3.9,3.0,0.0,70.6,0.5,5.5,23.6,18.9,3.1,AM,0
Sada Thioub,2018-2019,23,Nîmes,0.2,0.1,0.1,0.1,0.11,1.3,0.2,42.9,26.0,73.7,1.2,0.5,3.2,2.9,32.2,140.6,3.0,2.2,0.4,0.2,3.7,2.5,33.3,1.4,1.0,0.7,0.9,1.1,0.6,1.7,1.1,0.0,0.1,3.2,0.1,0.1,62.1,0.5,6.7,18.5,22.8,4.0,RW,0
Sada Thioub,2019-2020,24,Angers,0.1,0.1,0.1,0.1,0.07,0.8,0.2,35.7,32.6,77.9,1.0,0.1,4.5,3.3,33.8,127.8,2.6,2.6,0.2,0.2,3.5,2.7,33.3,1.4,2.1,0.3,0.8,0.5,0.2,1.4,1.9,0.1,0.2,3.1,0.1,0.2,64.2,0.5,6.1,24.1,23.4,3.3,RW,0
Sada Thioub,2020-2021,25,Angers,0.1,0.1,0.1,0.1,0.05,1.6,0.17,26.1,35.6,81.7,1.3,0.2,4.5,3.4,39.8,135.0,3.1,2.9,0.2,0.1,4.0,2.9,44.8,1.3,1.8,0.5,1.1,0.7,0.6,1.9,0.9,0.1,0.3,1.8,0.1,0.1,53.8,0.9,8.8,24.9,23.1,3.4,RW,0
Sada Thioub,2021-2022,26,Saint-Étienne,0.1,0.0,0.0,0.1,0.04,0.5,,0.0,38.7,77.9,1.4,0.3,5.5,6.5,37.2,113.8,1.3,0.9,0.3,0.3,2.4,1.9,38.5,0.7,0.5,0.6,0.8,0.9,0.9,2.2,6.9,0.2,0.4,3.0,0.1,0.0,54.5,1.5,12.9,30.1,16.0,1.8,RW,0
Saman Ghoddos,2018-2019,24,Amiens,0.2,0.2,0.1,0.1,0.06,2.1,0.22,41.9,19.4,64.3,0.7,0.2,2.2,5.5,20.5,58.2,2.6,1.1,0.2,0.1,3.3,1.5,37.5,1.4,2.1,0.6,0.9,0.7,0.3,2.0,6.3,0.0,0.1,5.3,3.2,0.2,33.3,0.5,4.9,17.4,19.3,1.1,AM,0
Samuel Grandsir,2017-2018,20,Troyes,0.1,0.1,0.2,0.1,0.1,1.7,0.16,39.6,22.9,70.3,1.4,0.4,3.7,3.7,32.7,136.9,2.9,2.6,0.3,0.2,2.7,2.1,21.1,1.8,1.5,0.7,1.8,1.1,0.8,3.2,0.8,0.2,0.4,2.9,0.1,0.4,50.7,0.9,9.5,18.6,19.9,2.5,RW,0
Samuel Grandsir,2018-2019,21,2 Teams,0.1,0.0,0.0,0.2,0.03,0.9,0.0,28.6,20.9,60.1,1.0,0.5,1.9,4.6,31.9,89.1,3.2,1.5,0.4,0.4,3.2,2.0,31.3,1.7,0.5,0.6,1.5,1.7,0.3,2.9,1.8,0.0,0.0,5.9,0.5,0.5,55.6,0.6,7.8,17.5,25.1,2.2,RW,0
Samuel Grandsir,2019-2020,22,Brest,0.1,0.2,0.1,0.1,0.09,1.7,0.33,32.1,21.9,68.8,0.9,0.4,3.3,3.0,30.2,107.7,3.5,2.1,0.2,0.2,2.8,2.5,17.2,1.1,1.0,0.7,1.1,0.5,0.8,2.9,0.4,0.2,0.4,3.6,0.1,0.4,48.0,0.7,6.5,18.5,20.3,3.1,RW,0
Samuel Kalu,2020-2021,22,Bordeaux,0.1,0.4,0.2,0.0,0.07,2.3,0.5,32.0,20.2,71.8,0.6,0.1,2.4,3.3,30.8,90.5,4.6,2.4,0.2,0.1,2.1,0.7,53.8,1.5,3.4,0.4,0.8,1.3,0.8,2.8,1.4,0.0,0.3,2.6,0.7,0.5,47.4,0.3,5.7,20.2,21.5,4.0,RW,0
Samuel Kalu,2018-2019,20,Bordeaux,0.1,0.2,0.2,0.3,-0.2,0.07,0.08,1.0,35.0,40.2,2.2,0.7,0.2,3.4,47.1,242.2,1.5,2.5,9.4,0.3,0.1,4.1,39.6,1.3,2.7,0.3,0.5,0.8,0.6,2.5,5.1,0.2,0.7,6.7,3.2,0.1,51.7,0.4,6.5,20.7,29.2,3.7,RW,0
Samuel Kalu,2019-2020,21,Bordeaux,0.1,0.1,0.2,0.1,0.0,0.07,0.03,0.7,28.2,34.7,1.9,0.4,0.3,1.9,50.9,223.5,1.7,2.9,8.6,0.3,0.1,2.7,37.3,2.0,2.0,1.1,1.3,0.9,1.6,3.8,2.0,0.1,0.5,2.0,0.1,0.3,50.0,1.2,8.5,24.7,19.8,3.5,RW,0
Sofiane Boufal,2020-2021,26,Angers,0.0,0.1,0.2,0.0,0.13,1.6,0.2,38.5,25.3,71.8,0.7,0.0,4.2,3.8,34.4,114.2,3.3,2.6,0.2,0.0,2.0,1.0,50.0,2.7,2.8,1.0,2.5,1.0,0.4,2.5,0.9,0.5,0.2,2.5,0.6,0.0,50.0,0.2,7.0,25.1,20.5,3.4,AM,0
Sofiane Boufal,2021-2022,27,Angers,0.2,0.2,0.2,0.2,0.11,2.3,0.21,40.0,28.8,73.4,1.3,0.2,4.8,6.1,38.9,130.1,4.2,2.9,0.6,0.3,5.3,2.4,24.5,1.7,3.1,0.7,0.8,0.7,0.3,2.0,5.7,0.5,0.4,4.2,3.2,0.6,46.0,0.3,3.2,27.6,26.3,4.1,AM,0
Sofiane Diop,2018-2019,18,Monaco,0.0,0.0,0.1,0.0,0.06,1.2,0.0,20.0,19.6,67.4,0.4,0.0,2.2,3.3,29.4,93.8,2.8,2.7,0.0,0.0,2.4,1.5,38.9,2.2,1.3,0.1,1.7,0.7,1.0,2.4,1.1,0.2,0.5,1.9,0.4,0.1,41.2,0.2,5.7,21.6,15.1,1.3,LW,0
Sofiane Diop,2020-2021,20,Monaco,0.0,0.3,0.2,0.1,0.11,2.0,0.41,38.6,34.3,78.2,1.2,0.1,5.7,4.0,33.1,92.7,2.4,1.6,0.5,0.3,3.0,2.3,36.0,1.5,2.5,0.8,1.6,1.1,1.4,3.6,1.6,0.0,0.3,1.7,0.4,0.2,63.4,0.9,7.6,30.0,20.2,2.5,LW,0
Sofiane Diop,2021-2022,21,Monaco,0.2,0.3,0.3,0.2,0.15,1.7,0.46,35.1,32.7,72.5,1.7,0.2,6.0,7.0,35.4,97.7,3.3,1.6,0.5,0.4,3.6,2.3,30.0,1.3,1.9,0.7,1.5,0.5,1.1,2.8,4.7,0.4,0.9,4.4,2.6,0.2,55.4,0.4,5.4,24.5,28.5,3.9,LW,0
Stephy Mavididi,2019-2020,21,Dijon,0.1,0.3,0.2,0.1,0.11,1.7,0.56,34.6,17.8,79.0,0.7,0.1,1.9,1.2,22.4,82.9,3.4,2.7,0.1,0.0,1.7,1.2,15.6,1.4,1.4,0.6,1.0,0.7,0.5,1.6,0.5,0.1,0.1,1.0,0.0,0.1,53.7,0.6,4.7,16.9,15.2,3.4,LW,0
Stephy Mavididi,2020-2021,22,Montpellier,0.0,0.4,0.2,0.0,0.2,1.3,0.53,56.7,16.7,76.3,0.3,0.1,1.0,1.2,23.1,81.1,3.2,1.7,0.3,0.0,1.6,0.8,21.8,1.4,1.5,0.4,0.7,0.5,0.6,1.4,0.5,0.0,0.1,1.3,0.0,0.1,42.7,0.3,4.9,14.0,16.1,2.9,LW,0
Stephy Mavididi,2021-2022,23,Montpellier,0.1,0.3,0.3,0.1,0.14,2.3,0.35,38.3,17.0,77.8,0.6,0.2,1.3,1.0,25.1,78.2,3.0,2.4,0.3,0.1,2.5,1.5,16.3,0.9,1.7,0.5,1.0,0.9,0.3,1.3,0.5,0.0,0.0,1.0,0.0,0.2,41.7,0.7,4.2,15.6,16.0,3.4,LW,0
Stiven Mendoza,2017-2018,25,Amiens,0.0,0.2,0.2,0.1,0.09,2.2,0.33,24.0,22.8,71.7,0.5,0.2,2.0,3.2,26.2,66.2,2.9,2.2,0.2,0.1,2.8,1.7,25.0,0.8,0.7,0.2,0.8,1.0,1.3,2.9,3.1,0.3,0.1,2.9,1.8,0.0,68.4,0.5,7.3,20.3,17.2,2.3,LW,0
Stiven Mendoza,2018-2019,26,Amiens,0.1,0.1,0.1,0.1,0.07,2.0,0.25,19.0,23.6,70.7,1.2,0.3,3.8,4.2,29.9,101.0,3.3,2.6,0.3,0.2,3.1,1.9,36.4,1.2,2.2,0.7,1.2,0.9,0.8,2.2,4.0,0.0,0.3,4.0,1.7,0.1,56.2,0.7,5.6,21.5,20.9,2.4,LW,0
Stiven Mendoza,2019-2020,27,Amiens,0.0,0.4,0.3,0.1,0.16,1.9,0.5,43.5,21.4,67.9,0.7,0.1,2.6,2.8,26.4,108.4,3.5,2.7,0.3,0.2,2.5,1.5,36.4,1.7,1.7,0.3,1.5,1.1,0.7,1.7,1.2,0.2,0.5,1.9,0.2,0.1,59.1,0.7,4.5,22.0,18.1,2.4,LW,0
Téji Savanier,2018-2019,26,Nîmes,0.4,0.1,0.1,0.2,0.04,2.0,0.12,27.0,38.8,65.5,0.7,0.2,7.7,19.5,37.9,122.9,2.0,1.4,0.7,0.3,4.9,2.2,48.9,1.6,3.0,1.4,2.3,1.0,2.0,5.0,10.3,0.2,1.6,8.0,5.4,0.0,66.9,2.6,14.8,41.1,19.2,0.6,AM,0
Téji Savanier,2019-2020,27,Montpellier,0.1,0.2,0.1,0.1,0.04,1.7,0.57,24.1,41.8,74.6,0.7,0.1,7.4,14.4,37.5,109.8,2.4,0.9,0.5,0.2,4.1,2.3,62.9,2.3,3.3,1.5,3.1,0.6,2.1,5.1,5.6,0.1,1.5,5.0,2.7,0.0,61.1,1.7,12.3,42.4,16.4,0.4,AM,0
Téji Savanier,2020-2021,28,Montpellier,0.2,0.1,0.1,0.3,0.05,2.2,0.18,32.7,35.9,68.8,1.0,0.3,7.1,15.3,34.1,89.6,2.0,1.8,0.5,0.2,6.0,2.5,46.2,2.4,2.7,0.9,2.1,1.2,1.6,3.6,7.4,0.1,1.3,6.8,4.0,0.0,62.2,1.1,10.4,34.3,22.0,1.6,AM,0
Thomas Lemar,2017-2018,21,Monaco,0.3,0.1,0.1,0.2,0.08,1.8,0.18,23.4,38.4,77.0,1.4,0.3,6.9,9.3,39.4,131.3,2.0,1.6,0.6,0.3,4.0,2.1,31.8,0.3,1.6,0.4,1.2,0.8,0.7,1.9,6.4,0.4,0.5,6.4,3.2,0.2,51.7,0.6,4.4,32.5,24.1,1.4,AM,1
Timothy Weah,2020-2021,20,Lille,0.0,0.3,0.3,0.1,0.12,2.5,0.33,37.5,23.2,73.9,0.8,0.0,1.9,2.1,23.5,64.6,2.5,0.8,0.0,0.0,1.5,1.1,35.5,1.4,0.7,0.7,0.7,0.7,0.4,1.9,0.8,0.0,0.0,2.2,0.0,0.4,53.3,0.3,4.7,17.9,19.7,3.5,RW,0
Timothy Weah,2021-2022,21,Lille,0.2,0.2,0.2,0.2,0.12,1.9,0.33,26.5,22.7,71.9,0.8,0.5,2.4,2.3,27.5,76.4,1.9,1.2,0.5,0.3,3.0,2.1,42.0,0.6,1.1,0.6,0.6,0.9,0.6,1.6,1.4,0.1,0.1,2.7,0.1,0.3,51.4,0.6,4.3,17.7,19.4,3.7,RW,1
Vagner Gonçalves,2020-2021,24,Metz,0.1,0.2,0.3,0.1,0.16,1.8,0.5,21.1,17.3,73.8,0.7,0.1,1.8,1.8,23.9,53.6,4.6,2.3,0.5,0.2,3.0,1.6,17.0,2.3,2.6,0.2,1.2,0.6,0.4,1.9,1.9,0.3,0.1,1.7,0.2,0.8,45.0,0.1,4.2,16.3,16.0,2.8,RW,0
Wahbi Khazri,2017-2018,26,Rennes,0.1,0.3,0.2,0.1,0.08,2.9,0.33,29.5,24.8,72.4,0.6,0.2,3.0,5.9,27.3,79.9,3.2,2.6,0.3,0.2,3.5,1.8,33.3,1.8,2.4,0.3,1.5,1.4,0.3,1.5,4.2,0.4,0.9,3.0,1.7,0.8,63.4,0.1,3.4,22.1,22.2,3.7,LW,0
Wahbi Khazri,2018-2019,27,Saint-Étienne,0.2,0.3,0.3,0.2,0.1,2.9,0.28,35.6,23.2,65.9,0.8,0.1,3.8,8.3,25.1,75.5,2.8,2.2,0.4,0.1,4.9,2.1,21.3,1.7,1.7,0.5,1.0,0.9,0.4,1.7,8.0,0.1,0.9,6.3,4.2,0.7,57.5,0.2,2.3,20.0,25.5,4.1,LW,0
Wahbi Khazri,2019-2020,28,Saint-Étienne,0.2,0.2,0.2,0.1,0.07,3.4,0.25,18.2,17.2,61.5,0.9,0.2,2.8,5.7,23.1,77.5,3.5,2.1,0.3,0.2,3.1,1.8,23.1,1.6,1.5,0.7,1.4,0.9,0.3,1.6,5.6,0.2,0.9,4.5,2.8,0.4,53.3,0.2,1.9,17.1,23.4,3.7,LW,0
Yann Karamoh,2018-2019,20,Bordeaux,0.1,0.2,0.3,0.2,-0.1,0.12,0.08,0.8,30.6,39.6,2.6,1.2,0.6,2.2,40.5,243.4,1.3,2.9,7.5,0.3,0.1,4.9,0.0,0.8,2.0,0.1,0.9,0.7,0.4,1.0,3.8,0.5,0.3,5.1,1.9,0.3,54.3,0.4,4.3,25.1,24.9,2.9,LW,0
Yannis Salibur,2017-2018,26,Guingamp,0.2,0.2,0.2,0.2,0.07,3.2,0.2,27.8,27.9,75.3,1.1,0.2,3.9,4.6,31.4,115.1,1.8,1.8,0.4,0.3,4.1,2.4,43.5,1.2,2.2,0.2,0.7,0.4,0.4,1.1,3.1,0.1,0.1,4.7,1.8,0.4,65.4,0.1,3.8,20.6,22.7,3.2,RW,0
Yannis Salibur,2018-2019,27,2 Teams,0.3,0.1,0.2,0.2,0.06,3.4,0.25,11.8,23.4,69.9,1.2,0.7,3.9,3.7,30.3,126.6,2.0,2.9,0.6,0.2,4.9,2.7,34.6,2.1,3.1,0.1,0.6,0.6,0.8,1.7,3.4,0.1,0.1,5.6,2.0,0.6,70.3,0.1,4.0,19.7,22.5,3.4,RW,0
Yannis Salibur,2017-2018,26,Guingamp,0.2,0.2,0.2,0.2,0.0,0.07,0.06,0.9,27.8,37.1,2.1,1.1,0.2,2.5,53.8,234.2,0.9,1.8,8.0,0.4,0.3,4.1,43.5,1.2,2.2,0.2,0.7,0.4,0.4,1.1,3.1,0.1,0.1,4.7,1.8,0.4,65.4,0.1,3.8,20.6,22.7,3.2,RW,0
Yannis Salibur,2018-2019,27,Saint-Étienne,0.3,0.1,0.2,0.2,0.0,0.06,0.03,0.4,11.8,34.0,2.5,1.2,0.7,1.5,41.7,230.3,1.8,2.0,8.9,0.6,0.2,5.0,34.6,2.1,3.2,0.1,0.6,0.6,0.8,1.7,3.4,0.1,0.1,5.6,1.9,0.6,70.3,0.1,4.1,20.0,22.7,3.5,RW,0
Yassine Benrahou,2019-2020,20,2 Teams,0.5,0.2,0.2,0.3,0.09,2.5,0.2,38.5,28.5,68.4,0.9,0.2,3.7,8.8,34.2,71.2,5.3,3.7,0.6,0.1,5.2,2.1,10.5,1.0,2.9,0.7,1.4,0.2,0.4,1.9,8.4,0.1,0.3,7.2,4.5,0.2,48.8,0.3,5.5,22.2,29.9,3.0,AM,0
Yassine Benrahou,2020-2021,21,Nîmes,0.0,0.0,0.1,0.2,0.04,1.3,0.0,22.2,32.1,73.2,1.1,0.3,4.4,8.8,29.9,58.7,3.3,2.2,0.1,0.1,3.7,1.9,22.2,0.6,1.8,0.5,1.3,0.7,0.3,1.5,6.8,0.1,0.6,6.8,3.6,0.0,45.9,0.4,6.5,24.9,23.1,2.1,AM,0
Yassine Benzia,2017-2018,22,Lille,0.2,0.0,0.1,0.2,0.0,0.05,0.03,0.3,24.1,56.6,6.5,1.5,0.1,4.4,61.2,232.8,0.3,2.1,5.4,0.6,0.4,4.7,57.9,2.1,2.2,0.7,1.8,1.2,1.1,3.5,5.3,0.8,0.4,3.3,2.2,0.1,74.6,0.7,7.0,39.6,20.8,1.3,AM,0
Yassine El Ghanassy,2017-2018,27,Nantes,0.0,0.0,0.1,0.3,0.05,1.8,0.0,23.1,32.1,78.5,1.8,0.3,5.6,2.9,38.7,183.4,2.4,3.8,0.4,0.1,5.6,3.1,40.0,1.4,2.5,0.1,0.4,0.1,0.6,1.5,1.4,0.3,0.0,3.5,0.6,0.0,73.1,0.7,4.2,21.8,27.5,3.1,LW,0
Yusuf Yazıcı,2019-2020,22,Lille,0.4,0.0,0.1,0.3,0.07,2.1,0.0,15.0,33.4,68.9,0.6,0.0,3.7,10.0,31.5,81.5,1.7,3.1,0.4,0.2,4.4,1.9,0.0,1.2,0.7,0.5,0.8,0.6,0.5,2.3,10.3,0.6,0.5,7.6,6.4,0.1,34.8,0.3,3.9,26.2,31.6,3.2,AM,0
Yusuf Yazıcı,2020-2021,23,Lille,0.3,0.6,0.3,0.2,0.1,3.6,0.33,47.7,30.8,67.4,1.3,0.2,4.3,7.9,32.7,68.7,2.6,1.5,0.4,0.3,5.1,3.4,21.1,1.1,0.8,0.1,1.9,0.4,0.2,1.2,8.2,0.2,0.5,7.7,5.1,0.6,50.0,0.5,2.9,20.4,33.8,4.2,AM,0
Marcus Coco,2017-2018,21,Guingamp,0.1,0.1,0.1,0.1,0.0,0.08,0.07,0.6,35.7,35.2,1.7,1.0,0.5,1.6,50.0,210.4,1.2,3.0,8.8,0.3,0.2,2.7,44.0,2.5,1.6,0.4,1.6,1.2,0.9,3.1,0.6,0.1,0.1,2.8,0.0,0.2,51.1,0.4,5.2,20.4,22.5,2.7,RW,0
Marcus Coco,2021-2022,25,Nantes,0.1,0.1,0.1,0.1,0.0,0.06,0.08,0.3,25.0,31.5,1.8,0.5,0.2,1.5,45.5,175.0,0.7,2.5,6.0,0.2,0.2,1.6,49.2,2.0,3.0,0.8,1.0,1.1,1.0,4.3,2.2,0.0,0.0,2.3,0.0,0.4,53.8,1.9,11.2,19.3,17.2,1.8,RW,0
Marcus Coco,2018-2019,22,Guingamp,0.1,0.0,0.1,0.1,0.0,0.11,0.04,0.3,26.9,28.6,0.8,0.7,0.5,0.9,42.2,176.0,0.6,3.5,9.1,0.1,0.1,2.6,50.7,2.3,2.4,0.8,0.8,1.2,1.1,3.0,1.1,0.0,0.0,2.9,0.0,0.3,46.7,0.6,5.9,18.0,20.2,3.3,RW,0
Marcus Coco,2020-2021,24,Nantes,0.1,0.0,0.1,0.1,0.1,0.06,0.0,0.1,15.4,37.8,2.4,0.7,0.3,1.6,50.9,157.4,0.4,3.1,5.9,0.2,0.1,2.5,45.7,2.9,2.2,1.0,1.2,1.0,1.2,3.4,1.3,0.1,0.1,2.9,0.5,0.1,56.1,1.3,7.4,25.6,17.3,2.0,RW,0
