Player,Season,Age,Team,Goals,Assist,G+A,Non_penalty_goals,Penalty_kicks-made,Penalty_kicks_attempted,Penalty_kicks_missed,Expected_goals,Non_penalty_xG,Expected_assisted_goals,xG+xAssisted_G,Expected_assists,Non_penalty_expGoals+assisted_goals,Goals-Expected_goals,Assists-expGoals_assisted,Non_penalty_expGoals_perShot,Shot_/90,Goals_per_shot,Goals_perShot_onTarget,Shots_onTarget,Shots_onTarget%,Passes_completed,Passes_attempted,Passes_completition%,Passes_toShot,Passes_into_last3rd,Passes_into18yard_box,Crosses_into18yard_box,Progressive_passes,TotDist_completed_passes,TotProgressive_passes,Completed_short_passes,Attempted_short_passes,Short_passes_Cmp%,Completed_medium_passes,Attempted_medium_passes,Medium_pass_Cmp%,Completed_long_passes,Attempted_long_passes,Long_passes_Cmp%,Carries/90,TotDist_Carries,PrgDist_Carries,Carries_10yards_forward,Carries_into_final_third,Carries_into18yard_box,Miscontrols,Dispossesd,Received,Prg_passes_received,Goal_creating_actions,PassLive_lead_goal,Shot_creating_actions,PassLive_lead_shot_attempt,Touches/90,Touches_Def_Pen,Touches_Def 3rd,Touches_Mid 3rd,Touches_Att 3rd,Touches_Att Pen,Touches_Live,Aerials_Won%,Yellow_cards,Red_cards,Fouls_committed,Fouls_drawn,Tackles_on_players,Tackles_won,Tackles_on_dribblers,Lost_challange_drib_player,Blocking_ball,Blocking_shots,Blocking_pass,Interceptions,Tackles_+Interc,Clearences,Mistakes_leadto_shot,Offsides,Penalty_kicks_won,Penalty_kicks_conceded,Own_goals,Recov_loose_balls,Live_ball_passes,Dead_ball_pass,Passes_freeKick,Passes_behind_defenders,Swing_passes,Crosses,Corner_kikcs,Succ_Takes_on%,Tkld_During_Take_On%,Role,Tier_league
Aaron Leya Iseka,2020-2021,22,Metz,0.4,0,0.4,0.2,0.2,0.3,0.1,0.4,0.2,0.1,0.5,0,0.3,-0.1,0,-0.1,0.14,1.5,0.12,0.33,0.5,35.3,12.6,17.1,73.4,1.1,1.1,0.1,0,1.1,156.5,24.7,7.9,9.5,84,2.6,4.1,63,0.5,0.8,66.7,15.8,82.4,32.2,1.2,1.1,0.9,3.1,1.7,21.9,4.6,0.1,0,1.9,26.2,0.9,2.2,13.6,10.6,2.9,25.9,41.4,0.4,0,2.3,1.1,0.5,0.4,0,0.4,0.4,0.2,0.2,0,0.5,0.5,0,0.3,0,0,0,1.9,16.6,0.4,0.1,0.1,0.1,0.2,0,57.9,42.1,CF,0
Aaron Leya Iseka,2018-2019,20,Toulouse,0.2,0,0.2,0.2,0,0,0,0.2,0.2,0,0.3,0,0.3,0,0,0,0.14,1.7,0.14,0.36,0.7,39.3,13,16.5,78.5,0.6,0.9,0.3,0,1.2,155.3,27.8,8.9,9.7,92.3,2.7,3.9,71,0.2,0.6,44.4,15.2,62.9,22.6,0.9,0.9,0.6,2.9,1.6,19.9,5.9,0.1,0.1,1.6,25.1,1.1,1.9,11.2,12.2,3.1,25.1,39.7,0.1,0.1,1.4,0.9,0.4,0.2,0.1,0.2,0.3,0.2,0.1,0.1,0.4,0.6,0,0.4,0,0,0,1.6,15.6,0.8,0,0.1,0,0.1,0,35,60,CF,0
Aaron Leya Iseka,2019-2020,21,Toulouse,0.2,0,0.2,0.1,0.1,0.2,0.1,0.6,0.4,0,0.6,0,0.4,-0.3,-0.3,0,0.15,2.8,0.04,0.11,1,37.5,15.4,20.6,74.7,0.5,1.2,0.2,0,1.4,176.6,23.9,10.1,12.7,79.1,3.4,4.7,70.7,0.3,0.7,50,19.7,108.4,44.4,1.3,0.9,1,2.8,2.7,25.1,5.9,0.2,0,2.4,31.6,0.7,2.2,15.8,13.9,4.3,31.4,41.5,0.2,0,2.3,1.2,0.2,0,0,0.3,0.6,0,0.6,0.1,0.3,0.8,0,0.7,0.1,0,0,1.7,18.4,2.2,0,0.1,0.1,0.2,0,56.3,43.8,CF,0
Abdul Majeed Waris,2018-2019,26,Nantes,0.2,0.1,0.3,0.2,0,0,0,0.2,0.2,0.1,0.3,0.1,0.3,0,0,0.13,1.6,0.1,0.31,0.5,33.3,17.3,24.3,71,1,1,0.8,0.1,2.2,226.7,58.5,10.4,12.9,80.7,4.4,6.1,72.5,1,2.2,44.4,27.1,163.2,76.1,2.8,1.9,1.4,3.1,2.4,28.7,9.6,0.4,0.2,3.1,2,35.8,0.2,3.1,13.7,19.5,3.6,35.8,27.1,0.1,0,0.7,2.9,0.9,0.5,0.3,0.8,0.4,0,0.4,0.3,1.2,0.3,0,0.4,0.1,0,0,4.3,23.1,1.2,0,0.2,0,1.6,0.6,39.7,60.3,SS,1
Adama Niane,2017-2018,24,Troyes,0.3,0.1,0.4,0.2,0.1,0.1,0,0.5,0.4,0.1,0.5,0,0.5,-0.1,-0.2,0,0.14,3,0.08,0.25,1,33.8,15.8,23.8,66.5,0.7,0.7,0.2,0.1,1.1,200.2,27.9,10,13.3,75,3.8,5.9,64.1,0.6,1,56,18.9,89.5,33.9,1,0.8,0.4,3.6,2.1,25.5,5.5,0.1,0,1.8,36.1,0.7,3.2,17.7,15.6,4.3,36,28.1,0.2,0,1.5,1.2,0.9,0.5,0.2,0.8,0.5,0.1,0.4,0.4,1.3,0.5,0,1.3,0.1,0,0,3.2,21.3,2.5,0,0,0.1,0.5,0,43.3,56.7,CF,0
Ado Onaiwu,2022-2023,26,Toulouse,0.2,0.1,0.2,0.2,0,0,0,0.1,0.1,0.1,0.2,0.1,0.2,0,0,0,0.09,1.6,0.11,0.5,0.3,21.1,21,28,74.8,0.7,1.6,0.8,0.1,2.5,291.2,59.7,12.1,15.6,77.5,6.5,8.3,78,0.8,1.2,66.7,27.8,150.6,51.5,0.9,0.9,0.5,2,2.2,29.5,7.2,0.1,0.1,1.7,36.4,0.6,3.5,16.8,16.5,2.9,36.4,49.3,0,0,1.2,1.2,0.9,0.5,0.4,0.7,0.4,0.1,0.3,0.2,1.1,0.4,0,0.2,0,0,0,2.9,27.3,0.6,0.1,0.2,0.2,0.4,0,40,53.3,CF,0
Adrian Grbić,2020-2021,23,Lorient,0.4,0,0.4,0.1,0.3,0.3,0,0.6,0.4,0,0.7,0,0.4,-0.2,-0.3,0,0.13,2.9,0.03,0.09,1,35.5,11.8,19.8,59.7,0.4,0.8,0.2,0,0.9,136.6,22.1,7.2,10.7,67.5,2.6,3.9,66.7,0.2,1,18.2,16.9,70.2,33.3,1.2,0.7,0.6,2.3,0.9,20,5,0.4,0,1.3,30,0.7,2.6,13.5,14.4,3.7,29.7,40.6,0.2,0,2.2,1.7,0.6,0.4,0.1,0.6,0.6,0,0.6,0.5,1,0.7,0,0.1,0.2,0,0,3,17.9,1.8,0,0,0.1,0.5,0,18.2,81.8,CF,0
Adrien Hunou,2019-2020,25,Rennes,0.6,0.1,0.7,0.5,0.1,0.1,0,0.6,0.5,0.2,0.8,0.1,0.7,0,0,-0.1,0.29,2,0.26,0.5,1,51.9,17.5,23.4,74.6,1,0.8,0.7,0.2,2,224.9,42.5,10.7,13,82.3,5.1,6.2,81,0.4,1,46.2,23,110.5,43.4,1.5,1,0.4,3.1,1.6,26.3,6.1,0.4,0.2,2.6,36.5,0.4,4.2,17.1,15.7,3.4,36.4,32.1,0.1,0,1.3,2.5,1.6,1.3,0.3,1.3,1.2,0.1,1.1,0.4,1.9,0.4,0,0.3,0.1,0,0,3.6,22.8,0.5,0,0,0,0.7,0,35.7,64.3,CF,0
Adrien Hunou,2018-2019,24,Rennes,0.5,0.1,0.6,0.5,0,0,0,0.6,0.5,0,0.6,0,0.6,-0.1,0,0,0.29,1.9,0.27,0.5,1,53.8,16.9,22.4,75.6,0.7,0.5,0.3,0,1.2,192.9,27.6,12.3,14.9,82.9,3.3,4.4,75,0.1,0.5,28.6,17.1,75.5,33.5,1.3,0.7,0.5,2,0.4,22.1,5.7,0.1,0.1,1.5,31.9,0.8,2.7,14.3,15,3.3,31.9,31.4,0.1,0,1,1.7,0.8,0.5,0.1,0.5,1,0,1,0.4,1.2,0.6,0,0.9,0,0,0,2.8,20.3,2,0.1,0,0.1,0.4,0,20,80,CF,0
Adrien Hunou,2017-2018,23,Rennes,0.3,0.1,0.4,0.3,0,0,0,0.2,0.2,0,0.3,0,0.3,0.1,0.1,0,0.16,1.5,0.2,0.5,0.6,40,25.2,32.1,78.5,0.7,1.3,0.2,0,2,327.9,63.7,16.3,19.2,84.9,6.5,7.7,84.8,0.7,1.7,39.3,22.8,108.1,41,1.1,0.9,0.3,2.3,1.2,31,7.7,0.2,0.1,2.1,42.2,0.4,5.1,18.9,18.8,2.5,42.2,26.2,0.1,0,1.2,1.9,1.7,0.9,0.7,1.9,1.4,0.1,1.3,0.6,2.2,0.5,0.1,1.2,0.1,0,0,4.8,30.1,1.8,0.1,0.1,0.2,0.6,0.1,40,60,CF,0
Adrien Hunou,2017-2018,23,Rennes,0.3,0.1,0.4,0.3,0,0,0,0.2,0.2,0,0.3,0,0.3,0.1,0,0.16,1.5,0.2,0.5,0.6,40,25.2,32.1,78.5,0.7,1.3,0.2,0,2,327.9,63.7,16.3,19.2,84.9,6.5,7.7,84.8,0.7,1.7,39.3,22.8,108.1,41,1.1,0.9,0.3,2.3,1.2,31,7.7,0.2,0.1,2.1,1.4,42.2,0.4,5.1,18.9,18.8,2.5,42.2,26.2,0.1,0,1.2,1.9,1.7,0.9,0.7,1.9,1.4,0.1,1.3,0.6,2.2,0.5,0.1,1.2,0.1,0,0,4.8,30.1,1.8,0.1,0.1,0.2,0.6,0.1,40,60,CF,0
Adrien Hunou,2018-2019,24,Rennes,0.5,0.1,0.6,0.5,0,0,0,0.6,0.5,0,0.6,0,0.6,-0.1,0,0.29,1.9,0.27,0.5,1,53.8,16.9,22.4,75.6,0.7,0.5,0.3,0,1.2,192.9,27.6,12.3,14.9,82.9,3.3,4.4,75,0.1,0.5,28.6,17.1,75.5,33.5,1.3,0.7,0.5,2,0.4,22.1,5.7,0.1,0.1,1.5,1,31.9,0.8,2.7,14.3,15,3.3,31.9,31.4,0.1,0,1,1.7,0.8,0.5,0.1,0.5,1,0,1,0.4,1.2,0.6,0,0.9,0,0,0,2.8,20.3,2,0.1,0,0.1,0.4,0,20,80,CF,0
Adrien Hunou,2019-2020,25,Rennes,0.6,0.1,0.7,0.5,0.1,0.1,0,0.6,0.5,0.2,0.8,0.1,0.7,0,-0.1,0.29,2,0.26,0.5,1,51.9,17.5,23.4,74.6,1,0.8,0.7,0.2,2,224.9,42.5,10.7,13,82.3,5.1,6.2,81,0.4,1,46.2,23,110.5,43.4,1.5,1,0.4,3.1,1.6,26.3,6.1,0.4,0.2,2.6,1.7,36.5,0.4,4.2,17.1,15.7,3.4,36.4,32.1,0.1,0,1.3,2.5,1.6,1.3,0.3,1.3,1.2,0.1,1.1,0.4,1.9,0.4,0,0.3,0.1,0,0,3.6,22.8,0.5,0,0,0,0.7,0,35.7,64.3,CF,0
Alassane Pléa,2017-2018,24,Nice,0.5,0.1,0.6,0.4,0,0.1,0,0.4,0.4,0.1,0.5,0.1,0.5,0.1,0.1,0.1,0.12,3.1,0.14,0.36,1.2,39.6,24.2,31,78,0.9,2.1,0.8,0,3.5,354.2,79.8,14.1,16.6,85.4,7,8.7,80.9,1.5,2.3,66.7,24.9,153.4,79.9,2.8,1.7,1.2,1.9,1.8,34.8,8.7,0.6,0.3,3.5,40.7,0.8,3.1,19.3,18.7,4.4,40.6,27.6,0.2,0,1.3,1.8,0.4,0.3,0.1,0.8,0.4,0.1,0.3,0.2,0.7,0.6,0,0.4,0,0,0,2.5,29.4,1.4,0,0.3,0.4,0.4,0,66.7,33.3,CF,1
Alexandre Mendy,2017-2018,23,Bordeaux,0.5,0,0.5,0.5,0,0,0,0.5,0.5,0.1,0.5,0.1,0.5,0,0,-0.1,0.14,3.3,0.14,0.5,0.9,27.6,14.4,20.2,71.3,0.8,0.8,0.2,0,1.5,198.9,24.7,7.5,10.3,72.5,5.1,6.2,81.8,0.5,0.8,57.1,17.8,61.9,17.8,1,0,0.6,2.6,1,22.3,7.2,0.2,0,1.7,28.8,0.2,1.5,12.8,14.7,5.9,28.8,40.5,0.2,0,1.9,0.8,0.5,0.5,0.1,0.6,0.6,0.1,0.5,0.1,0.6,0.5,0,1.6,0,0,0,3.2,18.3,1.8,0,0.1,0.1,0.2,0,66.7,33.3,CF,0
Alexandre Mendy,2018-2019,24,Guingamp,0.4,0,0.4,0.4,0,0,0,0.3,0.3,0.1,0.5,0,0.5,0,0,-0.1,0.13,2.6,0.14,0.43,0.8,31.8,9.9,14,70.6,0.8,0.5,0.2,0.1,0.8,136.6,16.1,6,7.9,76.1,2.9,3.6,80.6,0.4,0.7,50,11,50.9,18,0.6,0.8,0.2,2.9,1.4,16.7,4.3,0,0,1.6,23.5,0.7,1.4,11,11.3,4.3,23.5,36.2,0.2,0,1.6,1.1,0.6,0.4,0.4,0.6,0.4,0,0.4,0.1,0.7,0.7,0,1.2,0,0,0,1.6,11.3,2.6,0.1,0,0.1,0.4,0,44.4,55.6,CF,0
Alexandre Mendy,2019-2020,25,Brest,0.3,0.1,0.4,0.3,0,0.1,0.1,0.4,0.3,0,0.4,0,0.4,-0.1,0,0.1,0.11,2.8,0.11,0.33,0.9,32.1,11.5,16.3,70.6,0.6,0.4,0.3,0.1,1,160.9,18.2,7.2,9.1,79.1,3.5,5.1,68.6,0.5,0.8,62.5,12.9,49.6,20.3,0.9,0.3,0.5,2,1,18.1,4.5,0.3,0.2,1.6,25,1,1.7,11.8,11.8,4.8,24.9,48.7,0.3,0,2.2,1,0.5,0.1,0.1,0.3,0.4,0.1,0.3,0,0.5,1,0,0.3,0,0,0,2.4,15.4,0.7,0.1,0.1,0.1,0.3,0,72.7,27.3,CF,0
Amine Gouiri,2020-2021,20,Nice,0.4,0.2,0.6,0.3,0.1,0.1,0,0.5,0.4,0.2,0.7,0.2,0.6,-0.1,0,0.15,2.5,0.11,0.28,1,38.2,28.5,38,75,1.7,1,1.2,0.1,2.6,423.2,71.5,16.3,19.2,84.5,8.8,11.3,77.9,1.9,3.9,50,29.9,182,91.1,2.9,2.4,1.4,2.7,1.8,36.5,8.8,0.5,0.2,4.4,2.7,49.8,1,4.4,19.2,26.8,5.4,49.6,40.8,0.2,0,1.5,1.2,1,0.6,0.3,1,0.7,0.2,0.5,0.6,1.6,0.8,0,0.3,0,0,0,3.4,33.2,4.7,0.9,0.2,0.3,2.9,2.1,50.5,49.5,CF,1
Amine Gouiri,2021-2022,21,Nice,0.3,0.3,0.6,0.2,0.1,0.2,0.1,0.4,0.3,0.2,0.6,0.2,0.4,-0.1,0.1,0.11,2.3,0.1,0.21,1.1,46.5,25.7,34.1,75.3,1.6,1.8,1.1,0.3,3.4,390.5,90,14.7,17.2,85.5,7.6,9.5,80,2.3,4.2,54.3,31.1,192.4,91.7,3,2.7,1.3,2.2,1.8,34.2,6.5,0.6,0.5,4.3,2.5,45.6,0.6,3.2,19.4,23.6,4.4,45.5,33.3,0.1,0,1,1,0.7,0.4,0.3,0.7,0.7,0.2,0.6,0.4,1.1,0.6,0,0.2,0,0,0,2.9,30.4,3.6,0.8,0.2,0.2,3.2,2.1,51.2,47.9,CF,1
Andreas Cornelius,2018-2019,25,Bordeaux,0.3,0.1,0.5,0.3,0,0,0,0.3,0.3,0.1,0.3,0.1,0.3,0.1,0.1,0.1,0.11,2.5,0.14,0.33,1,40.9,17.6,27.5,64,1,1.1,0.2,0,1.1,220.5,36.7,10.8,15.5,69.9,4,6.5,61.4,0.9,1.2,72.7,20.2,80.6,24.3,0.7,0.8,0.2,3.3,2.3,30.2,6.6,0.5,0.5,2.5,38.9,2.3,4.1,17.6,17.5,4.8,38.9,59.7,0.5,0,4.4,1.9,0.5,0.1,0.1,0.3,0.5,0.1,0.3,0.1,0.6,2.4,0,0.9,0,0,0,2.5,25.9,1.4,0,0.1,0.2,0.5,0,62.5,37.5,CF,0
Andy Delort,2020-2021,28,Montpellier,0.5,0.3,0.9,0.5,0,0,0,0.5,0.4,0.2,0.7,0.2,0.7,0.1,0.1,0.1,0.14,3.3,0.17,0.43,1.3,38.9,19.2,32.8,58.6,2,1.5,1.4,0.9,2.5,310.6,83.7,10.2,14.5,69.8,5.9,10.8,54.7,2.1,3.7,56.3,22.8,108.3,45.4,1.8,1,0.9,2.7,0.8,33.5,7.6,0.5,0.4,3.4,44.7,1.3,3,18.6,23.8,5.2,44.6,55.1,0.1,0,2,1.5,0.4,0.3,0.3,0.4,0.4,0,0.4,0.1,0.6,1.2,0,0.7,0,0,0,2.1,30,2.8,0.2,0.1,0.4,3.8,0.3,50,50,CF,0
Andy Delort,2018-2019,26,Montpellier,0.4,0.2,0.6,0.3,0.1,0.1,0,0.4,0.4,0.2,0.7,0.2,0.6,0,-0.1,0,0.11,3.4,0.09,0.33,1,28.4,20.7,35.1,58.9,1.6,1.9,1.3,0.5,2.9,331.7,90.6,11.3,15.5,73,5.7,10.3,55.7,2.4,4.8,49.7,24.1,128.3,55.4,2.3,1,1,3.6,1.8,37,10,0.3,0.3,3.3,47.9,0.3,2.1,20,26.3,4.6,47.8,44.4,0.1,0,2.7,1.5,1,0.6,0.2,0.8,0.8,0.2,0.6,0.1,1.1,0.2,0,0.7,0,0,0,2.7,32.3,2.6,0.3,0.2,0.6,4,0.3,57.4,42.6,CF,0
Andy Delort,2019-2020,27,Montpellier,0.4,0.1,0.5,0.4,0,0.1,0.1,0.5,0.4,0.2,0.6,0.2,0.6,-0.1,0,-0.1,0.12,3.2,0.11,0.32,1.1,34.1,17.8,31.1,57.2,1.5,1.3,1.1,0.6,2.7,295.3,64.3,9.6,13.8,69.6,5.4,9.5,56.8,2.2,4.6,47,21.8,111.6,48.1,2,1.1,1.1,3.2,1,33.4,9.7,0.4,0.1,3.4,43.5,0.6,2.5,16.7,24.8,4.7,43.5,51.4,0.2,0,2.7,1.5,1.1,0.7,0.3,0.8,0.8,0.2,0.6,0.1,1.2,0.4,0,0.8,0,0,0,2.4,28.3,2.8,0.2,0.2,0.5,3.7,0.3,43.1,56.9,CF,0
Andy Delort,2017-2018,25,Toulouse,0.2,0.2,0.4,0.2,0,0.1,0,0.3,0.3,0.2,0.5,0.2,0.5,-0.2,-0.1,0,0.11,2.6,0.06,0.22,0.7,26.5,18.2,32.4,56.1,1.7,1.5,0.9,0.4,2.4,266.6,71,10.5,15.7,66.4,5.2,9.1,57,1.4,4.3,32.1,25.4,98.1,36.9,1.1,0.9,0.6,3.2,1.9,32.8,9.3,0.3,0.2,3.2,43,0.7,2.3,16.6,24.5,4,42.9,49.5,0.2,0,2.7,1.2,0.8,0.5,0.2,0.6,0.4,0,0.4,0.5,1.2,0.8,0,1.1,0,0.1,0,2.3,28.8,3.6,1.1,0,0.2,4.3,0.7,46.3,53.7,CF,0
Arkadiusz Milik,2020-2021,26,Marseille,0.7,0.1,0.7,0.4,0.2,0.2,0,0.5,0.4,0.1,0.6,0,0.4,0.1,0.1,0,0.12,3.2,0.14,0.33,1.3,41.9,16.8,22.5,74.8,0.6,0.9,0.3,0.1,1.8,224.9,26.3,9.5,12,79.6,5.1,6.3,80.2,0.6,1.2,50,18.7,71.5,31.6,1.1,0.6,0.6,2.4,0.9,25.5,5.5,0.3,0.2,2.1,33,0.8,1.5,15.4,16.2,4.6,32.8,46.4,0.1,0,1.1,1.5,1,0.7,0.1,0.7,0.4,0.1,0.3,0.1,1.2,0.7,0,0.4,0,0,0,1.5,19.8,2.7,0.2,0,0.1,0.5,0.1,50,50,CF,1
Arkadiusz Milik,2021-2022,27,Marseille,0.4,0.1,0.6,0.4,0.1,0.1,0,0.5,0.5,0.1,0.6,0.1,0.6,-0.1,-0.1,0,0.14,3.4,0.11,0.32,1.2,35.8,19,24,79.3,1,0.8,0.5,0,1.6,247.9,26.9,10.8,12.8,84.2,4.6,5.6,83,0.8,1.2,68.4,19.6,79,28.5,1,0.5,0.8,2.3,0.9,25.5,7.1,0.3,0.3,1.5,34.1,0.7,1.3,14.8,18,5.7,34,43.8,0.1,0,1.2,0.5,0.6,0.1,0.3,0.9,0.6,0.1,0.5,0.2,0.8,0.6,0.1,0.5,0,0,0,1.4,21.8,2.1,0,0.1,0.1,0.3,0,22.2,77.8,CF,1
Arnaud Kalimuendo,2021-2022,19,2 Teams,0.5,0,0.5,0.4,0.1,0.1,0,0.4,0.3,0.1,0.4,0.1,0.4,0.1,0.1,-0.1,0.12,2.5,0.17,0.34,1.2,48.3,17.1,20.4,83.8,0.9,0.5,0.7,0.1,1.3,226.8,25.3,9.8,11.1,88.3,5.4,6.2,87.2,0.5,0.7,64.7,23.5,138.9,57,2,1.5,0.6,3.3,2.6,25.5,8,0.3,0.1,2.3,30.6,0,1,12.5,17.5,4,30.5,13.3,0,0,0.5,1.4,0.4,0.3,0.1,0.2,0.3,0,0.2,0.3,0.7,0,0,0.6,0,0,0,2.2,18.4,2,0.1,0.1,0,0.7,0,44.3,55.7,CF,0
Arnaud Kalimuendo,2020-2021,18,2 Teams,0.5,0.2,0.7,0.5,0,0,0,0.4,0.4,0.2,0.6,0.1,0.6,0.1,0.1,0,0.18,2.4,0.21,0.39,1.3,52.9,16.7,21.7,77.2,1.1,0.6,0.9,0.3,1.5,231.7,31.7,9.8,11.6,83.8,5.5,7,79,0.5,0.8,63.6,23.2,142.5,71,2.9,1.8,1.3,3.6,2.4,28,9.2,0.7,0.3,3.1,32.9,0.2,1.2,13.3,19.2,3.8,32.9,17.4,0,0,1.2,2,0.6,0.1,0.1,0.4,0.8,0,0.8,0.1,0.7,0.1,0,0.1,0.1,0,0,2.1,20.6,1,0.1,0,0.1,1.5,0,53.1,46.9,CF,0
Bamba Dieng,2021-2022,21,Marseille,0.6,0.1,0.7,0.6,0.1,0.1,0,0.7,0.7,0.2,0.9,0.1,0.8,-0.1,-0.1,-0.1,0.2,3.3,0.17,0.33,1.7,50,13.3,17.8,74.6,0.7,0.6,0.6,0.1,1.4,166.1,27.9,7.8,9.7,80,3.6,4.3,83,0.2,0.4,50,18.6,118.2,60.8,2.2,0.9,1.6,2.3,1.2,21.5,7.6,0.5,0.1,1.8,29.3,0.6,3,10.4,16.2,6.3,29.2,39.4,0,0.1,1.3,1.2,1.6,1,0.4,0.9,0.6,0,0.6,0.5,2,0.7,0,0.4,0.2,0,0,3.8,17,0.8,0,0.3,0.1,0.3,0,29.4,70.6,CF,0
Baptiste Guillaume,2018-2019,23,Nîmes,0.2,0.1,0.2,0.2,0,0,0,0.2,0.2,0.1,0.3,0,0.3,-0.1,-0.1,0,0.19,1.3,0.12,0.22,0.7,52.9,13.3,21.4,62.3,0.8,0.8,0.3,0.1,2,159.5,30.2,9.1,13.5,67.4,2.7,4.1,66.7,0.3,0.5,66.7,14.2,63.6,21.2,0.7,1,0.2,2.8,1.4,21.8,4.6,0.1,0.1,1.7,29.4,0.5,2.1,15.4,12.4,2.3,29.4,54.2,0.3,0,1.8,1.6,0.9,0.5,0.2,0.5,0.5,0,0.5,0.2,1.1,0.5,0,0.2,0.1,0,0,2,20.1,1.2,0,0,0.1,0.2,0,71.4,28.6,CF,0
Benjamin Jeannot,2017-2018,25,Dijon,0.3,0.1,0.3,0.3,0,0,0,0.2,0.2,0.1,0.3,0.1,0.3,0,0,0,0.13,1.7,0.15,0.44,0.6,33.3,16,22.6,70.6,0.8,1.1,0.3,0,2.2,216.5,39.5,9.8,12.9,76.1,4.3,5.9,73.1,0.7,1.6,44,17.6,74.5,23.4,0.7,0.9,0.3,2.3,2.2,23,5.2,0.3,0.1,1.7,31.9,1.7,4,15.9,12.2,3.1,31.9,37.8,0.3,0,1.5,1.1,0.8,0.4,0.1,0.8,0.6,0.2,0.4,0.4,1.2,1.7,0,0.9,0,0,0,2.5,20.1,2.6,0.1,0.2,0.2,0.3,0,61.5,38.5,CF,0
Benjamin Jeannot,2018-2019,26,Dijon,0.1,0,0.1,0.1,0,0,0,0.2,0.2,0,0.2,0.1,0.2,-0.1,-0.1,0,0.08,2.8,0.04,0.17,0.8,26.7,19.4,27.4,70.7,0.7,1.9,0.4,0.1,2.8,296.2,63.2,11.3,14.1,80.4,6,8.4,71.6,1.5,2.6,58.5,18.1,77.8,30,0.4,0.4,0.1,2.3,1.1,26.2,5.5,0,0,2.1,38.4,1.3,4.5,18.6,15.7,3.4,38.4,43.7,0.2,0,2.1,1.4,1.1,0.8,0.4,0.8,0.9,0.2,0.8,0.8,1.8,0.9,0,0.4,0,0,0,4.4,25.9,1.3,0.1,0,0.2,0.7,0,66.7,33.3,CF,0
Boubakary Soumaré,2019-2020,20,Lille,0,0,0,0,0,0,0,0,0,0,0,0,0,0,0,0.03,0.1,0,,0,0,50.2,56.2,89.3,0.9,6.7,0.3,0,5.5,852.4,221.3,22.5,24.6,91.3,19.4,20.9,92.9,5.5,6.8,80.4,40.4,229.1,95.3,1.6,1.2,0.1,1.3,1.1,47.6,1.6,0.1,0,1.9,1.6,64,0.7,7.2,49.3,8.4,0.3,64,52.6,0.1,0.1,1.2,0.7,1.4,0.9,0.7,0.7,0.4,0,0.4,1.2,2.6,0.7,0,0,0,0,0,6.3,55,1.2,1,0,0.4,0.2,0,87,13,CF,1
Boubakary Soumaré,2020-2021,21,Lille,0,0,0,0,0,0,0,0,0,0,0.1,0.1,0.1,0,0,0.04,0.4,0,0,0.1,37.5,63.3,73,86.8,0.6,9.1,0.4,0,8.5,1091,317,28.9,33,87.6,26.5,28.9,91.6,6,8.3,72.2,52.7,261.3,124,1.4,1.3,0,1,1,62.4,1.8,0.2,0.2,1.6,1.5,80.9,1.9,12.4,59.8,9.3,0.2,80.9,62.5,0.1,0,1.1,0.8,2.1,1.4,0.7,0.7,0.7,0.3,0.4,1.8,3.9,1,0,0,0,0,0,6.9,72,0.9,0.8,0,1,0,0,85.3,14.7,CF,1
Boulaye Dia,2018-2019,21,Reims,0.4,0,0.4,0.4,0,0,0,0.4,0.4,0.1,0.5,0,0.5,-0.1,-0.1,-0.1,0.18,2.4,0.15,0.33,1.1,45,12.8,18.8,67.9,0.8,0.2,0.6,0,1.4,157.6,31.9,7.3,10.4,70.9,4,5.3,75,0.4,1,37.5,19.3,137.1,68,2.4,1.4,2,3.4,1.7,21.3,7.6,0.4,0,2.9,33,1.2,4.5,14.8,14.9,5.2,33,41.7,0.2,0,1.1,1.6,1.4,0.7,0.6,0.7,0.5,0.2,0.2,0.5,1.9,1.1,0,0.2,0.1,0,0,4.1,17.5,1.3,0,0,0,0.1,0,53.1,46.9,CF,1
Boulaye Dia,2019-2020,22,Reims,0.3,0,0.4,0.3,0,0,0,0.3,0.2,0.1,0.4,0.1,0.4,0.1,0.1,-0.1,0.13,1.9,0.16,0.35,0.8,44.7,11.7,16.1,72.6,1.4,0.7,0.4,0,1,160.7,22.4,7.4,9,81.8,3.5,4.9,72.4,0.4,0.6,66.7,15.7,105.8,45.5,1.6,1.4,1,2.9,1.5,18.1,5.7,0.2,0.1,2.3,27.3,1,3.3,11.9,12.9,4.2,27.3,25,0,0,1.2,1.2,0.7,0.4,0.1,0.3,0.4,0.1,0.3,0.3,1.1,0.8,0,0.6,0,0,0,2.8,14.4,1.6,0.1,0,0,0.2,0,45.8,54.2,CF,1
Boulaye Dia,2020-2021,23,Reims,0.4,0,0.5,0.3,0.2,0.2,0,0.4,0.3,0.1,0.4,0,0.3,0,0,0.15,1.8,0.16,0.41,0.7,37.9,15,19.1,78.6,0.9,0.9,0.5,0,1.7,219.3,39,8.1,10,81.5,4.7,5.4,86.9,1,1.3,80.5,17,109.8,53.2,2.1,1.2,1.1,2.7,1.6,20.5,5,0.3,0,2.3,1.5,29.8,1.4,4.1,12.7,13.7,4,29.7,25.2,0.1,0,1,1.1,0.7,0.4,0.1,0.6,0.6,0.2,0.4,0.4,1.1,1.1,0,0.4,0,0,0,3.3,17.7,1.3,0,0,0.2,0.4,0,55.4,44.6,CF,1
Casimir Ninga,2017-2018,24,Montpellier,0.1,0.1,0.1,0.1,0,0,0,0.2,0.2,0.1,0.3,0.1,0.3,-0.1,0,0.08,2.4,0.03,0.13,0.6,23.5,13.3,19.5,68,1.1,0.4,0.3,0.1,1.1,184.6,31.7,8.1,10.5,77.2,3.4,5.4,62.3,0.8,1.7,50,18.8,132.9,66.2,2.7,2,0.7,4.2,2,23.4,7,0.2,0.2,2.4,1.9,33.2,0.9,3.1,12,18.8,4.3,33.2,30.4,0.1,0,2.2,0.7,0.8,0.5,0.1,0.6,0.8,0.1,0.7,0.3,1.1,0.9,0,1.1,0,0,0,2.7,18.1,1.4,0,0.1,0.1,1.5,0,39,61,CF,0
Casimir Ninga,2018-2019,25,Caen,0.2,0.1,0.3,0.2,0,0,0,0.2,0.2,0.1,0.3,0.1,0.3,0,0,0.09,1.9,0.1,0.29,0.6,32.7,14,19.8,70.8,0.9,0.5,0.5,0.2,1,207.9,38.2,8.4,10.1,83,4,5.5,71.7,1,2.4,43.1,23.7,225.9,97.3,3.5,3.5,0.8,4.6,3.1,23.6,6.7,0.1,0.1,2,1.3,37,0.3,5.3,15.3,17.6,2.9,36.9,30.6,0.3,0,2.3,1.3,1.9,1.1,0.7,1.1,0.8,0,0.8,0.8,2.7,0.4,0,0.6,0,0,0,5.3,19,0.8,0,0.1,0.1,1.9,0,41.3,58.7,CF,0
Casimir Ninga,2019-2020,26,Angers,0.4,0.1,0.5,0.4,0,0,0,0.4,0.4,0.1,0.6,0.1,0.6,0,0,0.1,4.1,0.1,0.43,0.9,22.6,20.6,27.4,75,1.6,1.6,1.2,0,2.8,305.1,65.6,11.5,13.3,86.1,5.8,8,72.1,1.7,2.6,65,28.9,245,122.8,4,3.8,1.4,4,3.7,32.8,8.3,0.4,0.1,4.6,3.3,42.2,0.8,5.7,16.2,21.2,6.1,42.2,44.8,0.3,0.1,1.8,1.3,0.7,0.7,0.1,0.5,0.7,0,0.7,0.4,1.1,0.3,0,0.3,0,0,0,5.1,26.9,0.5,0,0.1,0.3,1.1,0,45,55,CF,0
Charles Abi,2020-2021,20,Saint-Étienne,0.3,0.2,0.5,0.3,0,0,0,0.2,0.2,0,0.2,0,0.2,0.1,0.2,0.11,1.9,0.16,0.75,0.4,21.1,12.6,19.9,63.4,0.6,1.1,0.6,0,2.1,168.1,31.3,8,11,73,2.7,4.3,61.4,0.9,1.7,52.9,16.4,104.2,41.8,1.3,1.5,0.2,3.3,2,23.9,4.7,0.3,0.2,1.4,1.1,31.6,0.9,3.7,13.6,14.4,3.6,31.6,38.5,0.1,0,1.8,0.7,0.8,0.2,0.3,0.9,0.6,0.2,0.4,0.4,1.2,0.5,0,0.7,0,0,0,2.6,18.9,1,0,0,0.1,0.3,0,50,50,CF,0
Christian Kouakou,2017-2018,26,Caen,0.1,0.1,0.2,0.1,0,0,0,0.3,0.3,0,0.4,0.1,0.4,-0.2,0.1,0.12,2.9,0.04,0.17,0.6,22.2,11.3,16.7,67.5,0.7,0.6,0.9,0.5,0.9,152.2,48.1,7.3,9,81.2,2.9,4.8,60,0.4,1.4,30.8,17.2,123.4,64.2,1.8,1.4,1.3,2.7,1.7,19.8,7,0.1,0.1,2.8,1.6,29.6,1.3,5.4,10.5,14.1,3.9,29.6,52.9,0,0,1.9,2.3,2.6,1.4,0.5,1.5,1.7,0.1,1.6,0.9,3.4,0.6,0.1,1.5,0,0,0,4.7,16.5,0.1,0,0,0,2,0,37.5,62.5,CF,0
Christopher Nkunku,2017-2018,19,Paris S-G,0.6,0,0.6,0.6,0,0,0,0.3,0.3,0.1,0.4,0.1,0.4,0.2,-0.1,0.12,2.9,0.2,0.31,1.9,65,46.5,51.5,90.3,0.6,3.1,1,0,4.4,621,134.9,27.7,29.7,93.3,12.1,12.7,95.5,2.4,4,60.7,44.8,250,125.2,2.6,2.3,0.4,2.6,2.7,51.9,6.7,0.1,0.1,2.9,2.1,62.6,1.3,8.3,35.1,20.1,3.9,62.6,50,0,0,1.7,1.3,0.7,0.3,0.4,1.6,1.1,0.3,0.9,0.7,1.4,0.3,0.1,0.3,0,0,0,4.4,49.5,1.9,0.3,0.1,0.3,1.4,1,68.4,26.3,CF,1
Christopher Nkunku,2018-2019,20,Paris S-G,0.2,0.2,0.4,0.2,0,0,0,0.2,0.2,0.2,0.4,0.2,0.4,0,-0.1,0.11,1.8,0.13,0.6,0.4,21.7,44.5,50.2,88.7,1.3,2.3,1.3,0.2,4.7,567.9,124.9,27.4,29.2,93.9,12.1,13.5,89.6,1,1.6,61.9,41.5,243.1,127.8,4,3.3,0.9,2.3,1.6,49.2,10.1,0.5,0.3,2.9,2.5,61.4,1.1,7.2,29,26.1,3.1,61.4,42.3,0,0,1.6,2.3,1.6,1.2,0.5,0.7,0.9,0.2,0.8,0.7,2.3,0.5,0.1,0,0,0,0,4.4,48.3,1.4,0.2,0.4,0.2,1.2,0.3,59,41,CF,1
Corentin Jean,2017-2018,22,Toulouse,0.1,0.1,0.2,0.1,0,0,0,0.1,0.1,0.1,0.3,0.2,0.3,-0.1,0,0.08,1.3,0.04,0.13,0.4,32,18.3,27.9,65.6,1.4,1.3,1.1,0.6,2.2,291.3,89.7,10.1,12.7,79.8,5.3,8.3,63.9,2,4.4,45.8,23.7,152.2,81.9,2.8,1.6,0.5,1.1,1.2,23.8,8,0.3,0.1,3,1.6,34.8,0.5,4.8,13.4,17.5,1.7,34.8,31.9,0.2,0,0.8,2.1,0.6,0.4,0.3,0.9,0.7,0.1,0.7,0.7,1.4,0.5,0,0.3,0.1,0,0,4.2,24.5,3.4,1.2,0.1,0.3,4.3,1.3,64.7,35.3,CF,0
Corentin Jean,2018-2019,23,Toulouse,0,0,0,0,0,0,0,0.2,0.2,0.2,0.4,0.1,0.4,-0.2,-0.2,0.1,2,0,0,0.9,42.9,20.6,29.2,70.6,1.1,1,0.6,0.4,1.7,270.9,59.8,13.9,17.3,80.2,4.1,6,69,1.1,2.9,40,23,145.9,51.9,2.4,1.1,1.6,3.1,2.6,27.5,7.7,0.3,0,2.1,1.3,41.9,0.1,3.7,16.7,22.3,3.7,41.9,32.5,0.1,0,1.1,2.1,1.3,0.9,0.3,0.9,1.1,0,1.1,0.3,1.6,0.7,0,0.7,0.1,0,0,5,26.3,2.6,0.4,0,0.1,3.9,1.1,38.5,61.5,CF,0
Diafra Sakho,2017-2018,27,Rennes,0.2,0,0.2,0.2,0,0,0,0.5,0.5,0,0.5,0,0.5,-0.2,-0.2,0,0.21,2.3,0.1,0.33,0.7,30,10.8,16.7,64.6,0.6,0.8,0.5,0.1,0.8,118.3,19,6.4,9.3,68.8,2.1,2.9,72,0.5,0.8,57.1,16.4,52.5,12.6,0.5,0.5,0,4.7,1.2,21.9,5,0,0,1.5,28.7,1.4,2.7,11.5,14.8,4.4,28.7,30.9,0.1,0,1.9,1.2,0.6,0.5,0,0.8,0.5,0,0.5,0.2,0.8,1.3,0,1,0,0,0,1.7,15.4,1,0,0.2,0,0.5,0,41.7,58.3,CF,0
Efthimis Koulouris,2019-2020,23,Toulouse,0.2,0.1,0.4,0.2,0,0,0,0.3,0.3,0.1,0.3,0.1,0.3,0,0,0.1,0.12,2.2,0.11,0.31,0.8,34.2,21,29.3,71.7,1,0.9,0.4,0.1,1.9,260.7,40.4,13.8,17.8,77.7,5,6.8,72.6,0.6,1.3,47.8,21.7,83,29.6,1,0.5,0.3,2.3,1.3,28.8,6.3,0.2,0.2,2,39.5,1.3,3.9,18.3,17.6,3.5,39.5,32,0.1,0,0.9,0.8,0.8,0.5,0.2,0.6,0.5,0.2,0.2,0.2,0.9,0.9,0,0.3,0,0,0,3.4,27.2,1.9,0.1,0,0.1,0.8,0,38.1,61.9,CF,0
El Bilal Touré,2020-2021,18,Reims,0.3,0.1,0.4,0.3,0,0,0,0.2,0.2,0.1,0.3,0,0.3,0.1,0.1,0,0.16,1.4,0.21,0.44,0.7,47.4,14.8,20.8,71.2,0.7,1.2,0.2,0,1.4,189.5,30.7,8.9,11.3,78.3,4.6,6.4,70.8,0.2,0.6,37.5,13.9,67.7,27.7,0.9,0.9,0.1,3.1,0.7,20.5,4.7,0.1,0.1,1,31.5,1.2,3.7,16.3,11.9,3.1,31.5,43.4,0.3,0,3,0.9,1.6,0.9,0.6,0.7,0.6,0.2,0.4,0.4,2,0.7,0.1,0.8,0,0,0,2.7,18.4,2.4,0,0,0,0.1,0,45.5,54.5,CF,0
El Bilal Touré,2021-2022,19,Reims,0.2,0.3,0.5,0.1,0.1,0.1,0,0.3,0.3,0.1,0.4,0.1,0.4,-0.2,-0.2,0.2,0.1,2.4,0.03,0.1,0.8,31.3,18.2,24.9,73.3,0.8,1.3,0.5,0.1,1.7,226.5,37.5,12.6,15.9,79.1,4.3,6,72.2,0.4,0.7,55.6,18.8,103.6,45.2,1.7,0.8,0.5,2.3,1,25.6,5.9,0.5,0.4,2.1,36.9,1.5,5.4,17.2,14.5,3.5,36.8,50.4,0.2,0,1.5,1.1,1,0.5,0.2,0.4,0.8,0.2,0.5,0.5,1.4,1.4,0,0.5,0,0,0,2.8,23.8,0.9,0,0,0.2,0.3,0,42.1,57.9,CF,0
Elye Wahi,2021-2022,18,Montpellier,0.5,0.1,0.6,0.5,0,0,0,0.4,0.4,0,0.4,0,0.4,0.1,0.1,0,0.18,2.2,0.23,0.5,1,46.5,8,12.3,64.5,0.7,0.5,0.3,0.1,0.6,96.5,20.9,4.8,6.7,72.7,1.8,2.9,63.2,0.2,0.7,30.8,13.6,67.3,30.7,1.2,0.6,0.7,2.7,0.8,14.9,5,0.3,0.2,1.2,21.5,0.3,3.1,6.8,11.9,4,21.5,17.8,0.1,0,0.9,1.3,0.9,0.5,0.3,0.5,0.4,0,0.4,0.2,1.1,0.2,0,1.1,0.1,0,0,2.3,11.7,0.6,0,0,0,0.6,0,37.5,62.5,CF,1
Emmanuel Rivière,2017-2018,27,Metz,0.2,0.1,0.3,0.1,0.1,0.1,0,0.5,0.4,0.1,0.6,0,0.5,-0.3,-0.3,0,0.14,3,0.04,0.14,0.9,31.3,19,28.3,67.2,0.8,0.7,0.3,0,1.3,268.3,25,12,16.6,72.2,5.4,8.3,64.9,0.8,1.4,58.1,21.9,77.5,27.9,0.9,1.1,0.5,3.2,1.2,30.6,8.1,0.2,0.1,2.2,37.6,0.1,1.2,17.6,19.2,4.9,37.5,37.4,0,0,1.9,0.7,0.4,0.1,0,0.5,0.4,0,0.4,0.1,0.5,0.2,0,0.4,0,0,0,2.5,26.2,2.1,0,0.1,0,0.1,0,59.1,40.9,CF,0
Enzo Crivelli,2018-2019,23,Caen,0.2,0,0.3,0.2,0,0,0,0.2,0.2,0,0.2,0,0.2,0,0,0,0.24,0.8,0.29,0.6,0.4,47.6,13.9,21.6,64.2,0.6,0.8,0.3,0.1,1.2,175.7,27.6,8.4,12.1,69.1,3.3,5.3,63.6,0.6,1.4,45.7,16.3,75.6,21.3,0.7,0.6,0.2,3,1.6,24.1,4.9,0.1,0,1.5,31,1.4,2.3,18.5,10.3,2.3,31,46.1,0.3,0,1.8,1.8,0.8,0.6,0.3,0.2,0.2,0,0.2,0.2,1,1.1,0,0.2,0,0,0,2.3,19.8,1.7,0,0.1,0,0.2,0,40,60,CF,0
Enzo Crivelli,2017-2018,22,2 Teams,0.2,0.1,0.2,0.2,0,0,0,0.2,0.2,0,0.2,0,0.2,0,0,0,0.18,1.1,0.14,0.5,0.3,28.6,12.7,20.9,60.8,0.8,0.7,0.3,0.1,1.3,155.8,25.7,8.3,12.3,68.1,2.8,4.6,61.1,0.3,0.7,38.5,15.5,64.6,13.9,0.4,0.4,0.2,2.9,1.8,23.3,5.3,0.1,0.1,2,29,0.3,1.4,15.2,12.4,3.1,29,45,0.4,0.1,2,1.6,0.9,0.6,0.1,0.4,0.3,0,0.3,0.2,1.1,0.4,0,0.5,0.1,0,0,1.7,19.8,1.1,0.1,0.1,0.1,0.3,0,55.6,44.4,CF,0
Ezequiel Ponce,2017-2018,20,Lille,0.2,0.1,0.2,0.2,0,0,0,0.2,0.2,0.2,0.4,0.1,0.4,-0.1,-0.1,-0.1,0.14,1.7,0.1,0.4,0.4,23.8,17.1,22.6,75.4,1,0.6,0.4,0,1.4,230,28.6,9.9,12.8,77.6,4.4,5.4,81.8,1.1,1.5,72.2,16.5,84.7,19.1,0.7,0.7,0.3,3,2.3,23.5,5.3,0.1,0.1,1.6,30.9,0.9,2.2,16.7,12.5,3.4,30.9,32.9,0.2,0,3,0.9,0.7,0.7,0,0.6,0.2,0.1,0.1,0.2,1,0.9,0,0.9,0,0,0,2,19.8,2.9,0.2,0.1,0.6,0.2,0,85.7,14.3,CF,0
Gaëtan Laborde,2020-2021,26,Montpellier,0.4,0.2,0.7,0.4,0,0,0,0.3,0.3,0.1,0.4,0.1,0.4,0.1,0.1,0.1,0.12,2.7,0.16,0.4,1.1,40.4,15.9,24.9,63.7,1,0.9,0.5,0.2,1.9,213,53.4,9.7,13.4,72.4,4.6,7,65.2,0.6,1.5,38.9,19.3,108,58,2.2,1.6,0.9,2.9,0.9,25.3,6.6,0.5,0.4,2.3,36.6,0.8,4.3,16,17.1,5.7,36.6,51.3,0.1,0,1.7,0.8,1.2,0.6,0.4,1.2,0.8,0.1,0.7,0.4,1.6,0.7,0,0.2,0,0,0,3.3,24.4,0.4,0,0,0.1,1.5,0,47.1,52.9,CF,0
Gaëtan Laborde,2021-2022,27,2 Teams,0.4,0.2,0.7,0.4,0.1,0.1,0,0.5,0.4,0.2,0.6,0.1,0.6,0,-0.1,0.1,0.15,2.9,0.13,0.36,1.1,36.7,14.1,22.3,63.3,1.2,0.9,0.9,0.3,1.8,197.7,46.4,8.5,11.7,72.9,4,6.7,60.1,0.7,1.1,66.7,17.5,89.5,36,1.3,0.8,0.4,2.9,0.7,23,6.9,0.6,0.4,2.6,33.4,0.8,2.6,14.6,16.5,5.3,33.3,44.3,0.1,0,1,0.7,0.6,0.3,0.1,0.6,0.9,0.1,0.9,0.4,1,0.6,0,0.6,0,0,0,2.8,20.7,1.4,0.1,0.1,0.1,1.1,0,28.9,71.1,CF,0
Gaëtan Laborde,2018-2019,24,2 Teams,0.3,0.1,0.5,0.3,0,0,0,0.3,0.3,0.2,0.5,0.1,0.5,0,0,-0.1,0.11,2.6,0.13,0.41,0.8,31.4,18.1,28.7,63.2,1.1,1.5,0.7,0.1,2.9,259.2,60.2,10.7,14.4,74.1,5.8,8.6,67.1,0.9,1.9,48.4,23.9,149.5,83.8,3.1,1.9,0.8,2.8,1.9,31.2,7.4,0.3,0.2,2.5,41.3,0.8,3.3,18.8,20,4.2,41.3,46.5,0,0,1.1,1.1,1.2,0.5,0.4,0.5,0.5,0.1,0.5,0.2,1.4,0.8,0,0.2,0,0,0,4.3,28.1,0.3,0,0.1,0.1,1.6,0,42.2,57.8,CF,0
Gaëtan Laborde,2017-2018,23,Bordeaux,0.3,0,0.3,0.2,0.1,0.1,0,0.4,0.3,0,0.4,0,0.4,-0.1,-0.1,0,0.11,2.8,0.07,0.17,1.1,40,14.9,23.9,62.2,0.8,0.5,0.4,0.1,1.5,186,22.2,8.9,12.9,69.3,4,6.5,62.3,0.5,0.9,50,23.6,119.9,48,2.1,1.5,1,3.9,1.9,27.4,6.8,0.2,0.1,2.3,37.4,0.7,2.3,16.9,18.8,5.3,37.3,42.3,0.1,0,1.9,1.5,0.8,0.7,0.2,0.5,0.8,0.2,0.6,0.1,0.9,0.7,0.1,0.6,0,0,0,3.9,22.1,1.7,0,0,0,1.1,0,48.4,51.6,CF,0
Gaëtan Laborde,2019-2020,25,Montpellier,0.2,0.2,0.4,0.2,0,0,0,0.3,0.3,0.2,0.5,0.1,0.5,-0.1,-0.1,0,0.13,2.6,0.09,0.27,0.9,34.4,17.2,26.6,64.8,1,1.3,0.9,0.1,3.1,223.2,53.8,10.8,14.1,76.6,4.8,7.3,66.3,0.5,1.4,38.2,20.6,119.3,65.7,2.8,2.3,0.8,3.8,1.5,30.1,8.7,0.2,0.2,2.9,40.9,1.2,3.8,15.8,21.9,4.7,40.9,52.3,0,0,1.7,1.2,0.8,0.5,0.4,1.2,0.8,0,0.8,0.3,1.1,1.3,0,0.3,0,0,0,4.3,25.8,0.4,0,0.1,0.1,1.4,0,41.3,58.8,CF,0
Gerson Rodrigues,2021-2022,26,Troyes,0.1,0.1,0.2,0.1,0,0,0,0.3,0.3,0,0.4,0,0.4,-0.2,-0.2,0.1,0.13,2.4,0.04,0.14,0.7,30.4,16.7,23.7,70.4,0.8,1.7,0.7,0.1,3,240.5,45.1,9.3,12.1,77.2,5.3,6.9,76.9,1,1.7,56.3,25.2,147.8,66.3,2.7,2.4,0.6,4.9,3.8,30.2,6.4,0.2,0.1,2.2,39.1,0.2,2.9,20.4,16.5,2.7,39.1,47.1,0.6,0,3,1.7,1.3,1,0.1,1.7,0.8,0.1,0.7,0,1.3,0.2,0,0.6,0,0,0,2.9,21.1,2.4,0.1,0.1,0.1,1.1,0.4,26.7,73.3,CF,0
Giovanni Sio,2017-2018,28,Montpellier,0.4,0.1,0.5,0.4,0,0,0,0.5,0.5,0.1,0.6,0.1,0.6,-0.1,-0.1,0,0.14,3.4,0.12,0.26,1.6,47.6,17.3,26.1,66.3,0.9,1.3,0.8,0.2,2.3,231.9,46.3,10.7,14.2,75.1,4.7,7.3,64.6,0.7,1.4,51.5,20.9,103,38.9,1.5,1,0.8,2.5,1.9,30.2,9.1,0.2,0.2,2.2,36.7,0.9,1.9,16.3,18.9,4.6,36.6,54.4,0.2,0,2.4,1.7,0.6,0.3,0,0.8,0.5,0,0.5,0.2,0.8,0.9,0,1.1,0,0,0,2.8,24.3,1.7,0,0.1,0.2,1.2,0,48.8,51.2,CF,0
Habib Diallo,2021-2022,26,Strasbourg,0.6,0.1,0.7,0.5,0.1,0.1,0,0.5,0.4,0.2,0.7,0.1,0.6,0.1,0.1,-0.1,0.15,2.9,0.18,0.43,1.2,42.9,14.5,21,69.2,0.8,0.8,0.4,0.1,1.6,188.4,32.6,9.3,12,78,3.3,4.8,67.5,0.6,0.9,73.3,18.6,89.9,33.4,1.1,0.8,0.9,4,1.4,25.9,7.7,0.5,0.2,1.9,33.6,1.4,2.9,14.3,16.6,5.1,33.5,47.8,0.1,0,1,1.2,0.5,0.3,0,0.5,0.8,0.2,0.5,0.2,0.8,0.6,0,0.9,0,0,0,2.8,20.2,0.8,0.1,0.2,0.1,0.5,0,51.5,48.5,CF,0
Habib Diallo,2019-2020,24,Metz,0.5,0.1,0.6,0.5,0,0.1,0.1,0.4,0.3,0.1,0.5,0.1,0.4,0.1,0.2,0,0.1,3,0.15,0.39,1.1,38.4,12.3,18.5,66.2,1,0.6,0.2,0,0.8,160,21.6,6.9,9.7,71.2,3.8,5.1,74.4,0.4,0.7,55.6,15.5,94.3,32.9,1.4,1.1,0.9,3.6,1.4,22.8,5.3,0.4,0.2,2.2,30.9,1.9,3,14.3,13.9,4,30.7,41.9,0.1,0,1.4,0.9,0.1,0,0,0.2,0.2,0.2,0,0.2,0.2,1.8,0,0.7,0,0,0,2.3,17.3,1.1,0,0,0.1,0.2,0,50,50,CF,0
Habib Diallo,2020-2021,25,2 Teams,0.3,0.1,0.4,0.3,0,0,0,0.3,0.3,0.1,0.4,0.1,0.4,0,0,0,0.14,2,0.15,0.4,0.7,37,14.2,21.8,65,0.8,0.8,0.8,0.1,1.5,226,47.2,7.7,10.8,71.6,4.4,6.4,69.1,1.4,2,68.5,18.7,86.3,25.9,0.8,0.7,0.4,3.4,1.6,24.6,6.2,0.3,0.1,1.7,32.2,0.7,3.1,14.4,15,4,32.1,47.2,0.1,0,0.9,1,0.4,0.3,0.3,0.4,0.4,0.1,0.4,0.5,0.9,0.6,0,0.5,0,0,0,2.8,21.1,0.7,0,0,0.3,0.6,0,50,50,CF,0
Hugo Ekitike,2021-2022,19,Reims,0.7,0.2,0.9,0.6,0.1,0.1,0.1,0.5,0.3,0.1,0.6,0.1,0.4,0.2,0.3,0.1,0.18,2.1,0.31,0.56,1.1,55.2,19.6,27.8,70.5,1.1,0.4,0.6,0.1,1.3,244.3,29.4,13.2,17.3,76.6,4.5,6.1,73.3,0.6,1.1,50,25.8,149.9,71.1,2.5,2,1.3,4.7,1.6,31,6.2,0.6,0.3,2.8,42.6,1.4,5.2,19,19.3,4.7,42.5,44.1,0.1,0.1,1.3,2.2,1.3,0.7,0.3,0.5,0.6,0.1,0.5,0.4,1.7,1.1,0,0.8,0.1,0.1,0,4.7,25.9,1.8,0.1,0.1,0.1,0.3,0,48.9,51.1,CF,1
Ibrahima Koné,2021-2022,22,Lorient,0.6,0.1,0.7,0.6,0,0,0,0.3,0.3,0.2,0.6,0.1,0.6,0.3,0.3,-0.1,0.18,1.8,0.33,0.63,1,53.3,11.2,16.7,66.9,1.7,0.6,0.7,0.1,1.6,141.3,34.7,7.4,9.3,78.9,3,4.5,64.9,0.1,0.9,14.3,18.1,96,29.1,1.4,0.6,0.6,3.2,2.3,19.8,6.3,0.4,0.2,3.3,26.6,0.7,2,12,12.7,3.3,26.6,31.4,0.2,0,1.6,1.2,0.9,0.5,0.2,0.1,1,0.4,0.6,0.1,1,0.4,0,0.6,0,0,0,2.5,15.1,1.4,0,0.1,0,0.5,0,66.7,33.3,CF,0
Ibrahima Niane,2020-2021,21,Metz,0.8,0,0.8,0.7,0.1,0.1,0,0.5,0.4,0,0.5,0,0.4,0.3,0.3,0,0.12,3,0.23,0.63,1.1,36.4,14.4,20.2,71.1,0.4,1.1,0.3,0,1.6,199.8,34.8,8.4,11.5,72.9,3.7,5.2,71.1,1.1,1.5,72.7,18.2,94.9,31.4,1.2,1.1,0.4,5,1.2,26.2,6,0.3,0,2.3,33,1.2,1.6,14.8,16.7,4.3,32.9,43.4,0,0,1.5,1.6,0.1,0.1,0.1,0.1,0.4,0,0.4,0,0.1,1.1,0,0.4,0.1,0,0,1.9,18.6,1.5,0.1,0,0.1,0.4,0,46.2,53.8,CF,0
Ibrahima Niane,2019-2020,20,Metz,0.3,0,0.3,0.2,0.1,0.1,0,0.2,0.2,0,0.3,0,0.2,0,0,0,0.06,2.7,0.07,0.18,1,37.9,18.5,26.8,68.9,0.9,1.2,0.3,0.1,1.8,256.3,44.1,10.9,13.2,82.1,4.8,7.7,63,1.1,2.7,41.4,24.9,167.5,69.5,1.8,2.5,0.4,3.5,1.9,29.8,6.8,0,0,2.4,41.1,1,5.7,18.4,18.4,1.9,41,28.6,0,0,0.9,2.8,0.8,0.7,0.5,1,0.5,0.1,0.4,0.9,1.7,1,0.1,0.2,0.1,0,0,4.4,24.4,2.4,0.4,0,0,2.3,1.3,45.5,54.5,CF,0
Ibrahima Niane,2017-2018,18,Metz,0.2,0.1,0.3,0.2,0,0,0,0.3,0.3,0.1,0.4,0.1,0.4,-0.1,-0.1,0,0.07,4.1,0.05,0.14,1.5,35.9,20.2,28.5,71,1,2,0.5,0.3,2.2,298.8,67.2,10.8,14.2,76.1,7.5,9.9,76.3,1,2.2,42.9,30.8,178,83.7,2.4,1.8,0.3,3.9,1.7,34.3,7.7,0.3,0.2,3.4,43.1,0.7,4.3,18.1,21.4,3.9,43.1,43.8,0.1,0,1.5,3,0.6,0.5,0.2,0.6,0.6,0,0.6,0.4,1.1,0.8,0,0.2,0,0,0,4.7,27.9,0.5,0.1,0,0.2,1.6,0,45.9,54.1,CF,0
Ibrahima Niane,2021-2022,22,Metz,0.2,0.1,0.2,0.1,0.1,0.1,0,0.2,0.2,0.1,0.3,0.1,0.2,0,-0.1,0,0.07,2.4,0.05,0.22,0.5,21.4,17.1,24.2,70.7,0.6,0.9,0.2,0.1,1.1,229,44.5,10.6,13.9,76.6,4.4,6.8,64.7,0.9,1.4,66.7,19.2,96.3,24.6,0.8,1.5,0.5,3.6,0.9,25.8,5.1,0.3,0.2,1.6,34.5,1,3.2,16.9,14.8,3.3,34.4,45.1,0.1,0.1,0.8,1.4,0.1,0.1,0,0.3,0.3,0.1,0.3,0.2,0.2,0.9,0,0.6,0,0,0,2.8,21.6,2.6,0.1,0.1,0.1,0.4,0.1,42.9,57.1,CF,0
Idriss Saadi,2017-2018,25,Strasbourg,0.4,0,0.4,0.4,0,0,0,0.4,0.4,0.1,0.4,0.1,0.4,0,0,-0.1,0.11,3.2,0.12,0.44,0.9,27.3,13,20.2,64.5,0.7,0.8,1,0.4,1.4,167.1,36,7.7,10.1,76.4,3.3,5.6,57.6,0.8,1.7,44.4,17.4,85.3,31.1,1.1,0.8,0.5,3.3,1.4,21.5,6.2,0.1,0,1.5,30.6,0.2,1.7,15,14.2,3.7,30.6,26.5,0.1,0,1,0.5,0.6,0.5,0.2,0.9,0.3,0.2,0.1,0.5,1.1,0.1,0,0.6,0,0,0,2.7,17.4,2.8,0,0.1,0,1.8,0.1,33.3,61.9,CF,0
Ignatius Ganago,2020-2021,21,Lens,0.5,0,0.5,0.5,0,0,0,0.5,0.5,0.1,0.6,0.1,0.6,-0.1,-0.1,-0.1,0.19,2.8,0.18,0.39,1.2,45,13.3,19.3,68.9,1,0.3,0.2,0,0.9,172.8,17.3,7.9,10.6,75.2,4.2,5.9,70.9,0.3,0.8,41.7,18.8,92.8,38.2,1.9,0.7,1.1,3.2,1.9,24.2,7.4,0.6,0.1,2.5,30,0.1,1.7,11.1,17.3,5.2,30,41.2,0,0,1,3.2,0.3,0.2,0.2,0.6,0.5,0.1,0.4,0.4,0.7,0.2,0,0.8,0.2,0,0,2.6,17.9,1.4,0,0.1,0.1,1,0,53.5,46.5,CF,0
Ignatius Ganago,2021-2022,22,Lens,0.4,0.1,0.5,0.4,0,0,0,0.4,0.4,0.1,0.5,0,0.5,0.1,0.1,0,0.14,2.7,0.16,0.5,0.9,32.3,12.5,17.2,72.4,1,0.7,0.4,0,1.2,162.2,20.7,6.9,8.8,78,3.8,5,75.4,0.4,0.8,55.6,17.3,83.9,34.6,1,0.7,0.6,3.8,1.8,21.3,6.8,0.1,0.1,2.5,28.3,0.3,1.3,12.3,15.2,4.4,28.3,38.8,0.2,0,0.8,0.9,0.3,0.2,0.2,0.4,0.4,0,0.4,0.2,0.4,0.3,0,0.9,0,0,0,2.4,15.5,1.7,0.1,0.2,0.1,0.3,0,55,45,CF,0
Ignatius Ganago,2019-2020,20,Nice,0.2,0.1,0.3,0.2,0,0,0,0.1,0.1,0.1,0.2,0.1,0.2,0.1,0.1,0,0.11,1.2,0.18,0.6,0.4,29.4,19.9,26.2,75.9,0.9,0.9,0.9,0.1,2.4,280.5,56,11.5,14.2,81.5,6.7,8.6,77.3,0.8,1.1,73.3,23.4,135.3,67.1,2.4,1.5,1.4,2.9,1.2,28.2,10.9,0.4,0.1,2.7,36.5,1,4.7,16.2,16.1,2.9,36.5,38.2,0,0,1.1,1.9,0.7,0.4,0.2,1.1,0.6,0.1,0.5,0.3,1,0.9,0,0.2,0.1,0,0,3.1,25.3,0.9,0,0.1,0.1,1.3,0,56.4,43.6,CF,0
Ignatius Ganago,2018-2019,19,Nice,0.2,0,0.2,0.2,0,0,0,0.3,0.3,0.1,0.3,0.1,0.3,-0.1,-0.1,-0.1,0.11,2.3,0.07,0.2,0.9,37,15,19.5,76.9,1,0.3,0.3,0,1.2,184,31.1,9.6,11.6,82.8,3.9,5.1,76.3,0.2,0.4,40,16.2,82.1,37.5,1.8,0.6,1.5,2.3,1.3,21.5,6.4,0.2,0.1,2.6,28.1,0.6,2.5,13.3,12.7,5.3,28.1,52.3,0.1,0,0.8,1,0.3,0.1,0,0.6,0.2,0,0.2,0.1,0.3,0.6,0,0.2,0.1,0,0,2.2,18.1,1.4,0.1,0.2,0,0.3,0,68,32,CF,0
Ihsan Sacko,2017-2018,20,2 Teams,0,0.1,0.1,0,0,0,0,0.1,0.1,0.1,0.2,0.1,0.2,-0.1,-0.1,0,0.05,1.2,0,0,0.1,7.7,19.3,26.6,72.4,0.7,0.8,0.4,0,1.7,272.7,48.3,11.4,13.9,81.9,6.1,8,75.6,0.7,1.9,40,21,126.1,63.7,2.1,1.8,0.8,2.7,1.1,25.8,5.5,0.2,0.2,2.2,36.2,0.4,5.8,16.5,14.4,3.4,36.2,34.1,0.2,0,1.2,2.2,1,0.8,0.2,0.8,0.3,0,0.3,0.7,1.7,0.7,0,0.3,0,0,0,4.9,25.5,0.8,0.1,0.2,0.1,0.7,0,45,55,CF,0
Ike Ugbo,2021-2022,22,Troyes,0.6,0,0.6,0.4,0.1,0.1,0,0.4,0.3,0,0.4,0,0.4,0.1,0.1,0,0.2,1.7,0.27,0.67,0.7,40,11.5,14.7,78.2,0.6,0.4,0.3,0,0.8,134.6,19,8.2,9.4,87.1,2.2,3,74.1,0.1,0.3,33.3,13.7,57.8,15.8,0.1,0.3,0.2,2.1,1,14.8,3.4,0.1,0,1.1,23.7,0.4,2.2,12.8,8.8,2.9,23.6,27,0,0,1.1,1.8,0.3,0.1,0,0.1,0.4,0.1,0.3,0.2,0.6,0.1,0,0.2,0.1,0,0,2.5,12.3,2.4,0.1,0,0.1,0.1,0,37.5,62.5,CF,0
Irvin Cardona,2019-2020,21,Brest,0.4,0.2,0.6,0.4,0,0,0,0.3,0.3,0.1,0.5,0.1,0.5,0,0,0,0.11,3.1,0.12,0.43,0.9,28,17,27.5,61.9,1.2,0.9,1.2,0.1,3.3,269.8,70.2,9.1,12.7,72.1,5.6,9.1,61.6,1.4,3,45.8,23.4,135.8,65.4,2.3,1.6,0.7,3.2,1.9,30,8.3,0.3,0.2,2.4,38.5,0.9,3.7,15.8,19.6,4.7,38.5,55,0.2,0,1.6,0.8,0.8,0.5,0.6,1.4,0.5,0,0.5,0.1,0.9,0.4,0,0.2,0.1,0,0,3.2,26.7,0.7,0.1,0.1,0.4,1.8,0.1,48.3,51.7,CF,0
Irvin Cardona,2020-2021,22,Brest,0.4,0,0.4,0.4,0,0,0,0.3,0.3,0,0.4,0.1,0.4,0,0,0,0.14,2.4,0.15,0.44,0.8,32.7,14.2,21.6,65.7,0.9,0.9,0.7,0.2,1.5,216.7,41.8,8.5,11.4,74.4,4,6.1,65.2,1.1,2.2,51,19,103.1,42.3,2,1.2,1,3.1,0.8,22.8,7.3,0.1,0.1,1.8,31.9,1.6,3.5,11.6,17.3,5,31.9,45.1,0.1,0,0.7,0.7,0.4,0.2,0.2,0.8,0.8,0.1,0.6,0.4,0.8,1,0.1,0.7,0,0,0,2.4,19.4,2.1,0.1,0.1,0.2,1.4,0,38.5,61.5,CF,0
Irvin Cardona,2021-2022,23,Brest,0.3,0.1,0.4,0.3,0,0,0,0.2,0.2,0.1,0.3,0.1,0.3,0.1,0.1,0,0.11,1.8,0.15,0.33,0.8,46.2,14.1,21.9,64.5,1,0.7,0.4,0.1,1.2,198.1,48.2,8.7,11.3,77.2,3.5,4.9,72.2,0.9,3,31.1,20.4,122,52.1,1.9,1.6,0.7,3,1.3,22.9,6.5,0.3,0.1,1.8,33.4,1.4,5.1,14,14.8,4.1,33.4,40.6,0.1,0,1.1,0.9,0.9,0.5,0.2,0.9,0.7,0,0.7,0.3,1.2,1.1,0,0.7,0,0,0,3.7,19.9,1.8,0.2,0,0.2,1.4,0,36.4,63.6,CF,0
Ivan Santini,2017-2018,28,Caen,0.4,0,0.4,0.2,0.2,0.2,0,0.5,0.3,0,0.5,0,0.4,-0.1,-0.1,0,0.13,2.7,0.07,0.2,1,36.6,14.6,23.2,63,0.8,0.9,0.1,0,1.5,189.9,29.1,8.7,13,67.3,4,6.1,65.6,0.6,0.9,63,15.6,63.3,16.9,0.3,0.3,0.1,3.2,1.9,27.8,6.6,0.1,0,2.2,33.5,1.2,2.4,15.5,15.8,4.3,33.3,40.4,0.1,0,2.6,1.7,0.6,0.4,0.1,0.8,0.4,0.2,0.3,0.1,0.7,1.1,0,0.6,0.1,0,0,2.3,22.5,0.6,0,0.1,0,0.1,0,72.2,27.8,CF,0
Jérémy Le Douaron,2021-2022,23,Brest,0.3,0.2,0.5,0.3,0,0,0,0.2,0.2,0.2,0.4,0.1,0.4,0.1,0.1,0,0.11,2.2,0.14,0.31,1,45.7,12.1,18.7,64.7,0.9,0.6,0.5,0.2,1.1,150.1,29.3,8.3,10.3,81.2,2.5,5,50,0.3,0.9,33.3,21.3,131.5,43.6,2.4,1.2,0.6,4.3,2,23.9,7.9,0.3,0.2,1.6,32.8,0.9,3.2,12.7,17.4,3.4,32.8,41.8,0,0,1.1,1.7,0.7,0.3,0.1,1,0.9,0,0.9,0.2,0.9,0.9,0,0.1,0,0,0,3.6,18.4,0.3,0,0,0,2.7,0.1,25,75,CF,0
Jérémy Le Douaron,2020-2021,22,Brest,0.1,0.2,0.3,0.1,0,0,0,0.2,0.2,0.1,0.3,0.1,0.3,-0.1,-0.1,0.2,0.17,1.4,0.08,0.14,0.8,53.8,13.8,20.7,66.5,0.9,0.4,0.4,0.1,1.1,183.1,34.3,8.1,10.7,75.3,4.1,6.7,60.7,0.4,0.9,50,21.7,136.8,48.4,2.4,1.4,0.8,3.9,2.6,23.7,7.5,0.6,0.3,2.2,37.3,1.4,6,13.6,18.5,3.1,37.3,51.9,0,0,2,1.9,1.7,1.1,0.8,1.5,1.5,0.1,1.4,0.9,2.5,1.2,0,0.1,0.1,0,0,4,19.9,0.8,0.1,0,0,1.3,0,32.1,67.9,CF,0
Júlio Tavares,2017-2018,28,Dijon,0.5,0.1,0.6,0.4,0.1,0.1,0,0.4,0.3,0.1,0.5,0.1,0.4,0.1,0.1,0,0.16,2.1,0.18,0.41,1,44.9,14.2,23.8,59.6,1.1,0.8,0.7,0.1,1.4,188.7,35.4,8.8,13.2,66.8,4.1,6.9,59.5,0.5,1,47.8,15.8,60.1,24,0.8,0.6,0.4,2.3,0.7,25.4,6.1,0.2,0.1,2.1,32.6,2,3,14.4,15.4,4.8,32.5,53.2,0.1,0,1.2,1.2,0.1,0,0,0.4,0.5,0.3,0.2,0.1,0.3,1.6,0,0.6,0,0,0,1.9,22.1,1.6,0,0,0,0.6,0,71.4,28.6,CF,0
Jhonder Cádiz,2019-2020,24,Dijon,0.2,0.2,0.5,0.2,0,0,0,0.4,0.4,0.1,0.5,0.1,0.5,-0.1,-0.1,0.1,0.1,3.5,0.06,0.15,1.5,41.9,12.6,21.5,58.6,1.1,0.9,0.6,0,2.3,184.7,41,8.2,11.5,71.6,3.2,5.2,60.9,0.9,2.1,42.1,20.1,139.1,70.3,2.8,2.3,1.8,2.9,2.3,26.6,7.2,0.3,0.1,3.3,36.2,1.2,2.8,15.7,18.1,6.5,36.2,53.6,0.3,0,1.6,2.4,1.8,0.9,0.3,0.5,0.5,0.2,0.2,0.1,1.9,1,0,0.6,0,0,0,1.7,19.1,2.1,0,0.3,0.1,0.8,0,51.4,48.6,CF,0
Jonathan David,2020-2021,20,Lille,0.5,0.1,0.6,0.5,0,0,0,0.3,0.3,0.1,0.4,0.1,0.4,0.1,0.1,0,0.17,2.1,0.24,0.39,1.3,60,17,22.1,76.9,1.3,1.3,0.6,0,1.8,204.5,35,9.9,12.3,81,4.6,5.7,81.2,0.2,0.4,54.5,19.2,88.9,44.5,1.8,1.4,1.2,3.2,1.8,24.1,6.6,0.5,0.3,2.8,32,0.2,1.8,11.9,18.7,4.4,32,18.3,0,0,1.3,1.6,0.6,0.4,0.3,0.6,0.7,0,0.7,0.1,0.8,0.3,0,0.2,0.1,0,0,2.8,21.3,0.7,0,0,0,0.3,0,51.1,48.9,CF,1
Jonathan David,2021-2022,21,Lille,0.5,0,0.5,0.4,0.1,0.1,0,0.5,0.4,0.1,0.6,0.1,0.5,0,0,-0.1,0.18,2.2,0.19,0.43,1,44.8,16.2,21.1,76.6,1.1,1.4,0.7,0.1,2.2,212.9,47,9.6,11.4,84.7,4.5,5.7,78.8,0.6,1,63.3,19.9,98.4,46.4,1.4,0.9,0.8,3,1.2,22.6,5.8,0.1,0.1,2.5,31.2,0.7,2.9,14,14.6,4.5,31.1,28.6,0.1,0,0.8,1.5,0.8,0.3,0.3,0.7,0.4,0.1,0.3,0.2,0.9,0.5,0,0.2,0,0,0,3.3,19.8,0.9,0,0.1,0,0.2,0,48.1,51.9,CF,1
Josh Maja,2019-2020,20,Bordeaux,0.7,0.2,1,0.7,0,0,0,0.4,0.4,0.2,0.6,0.1,0.6,0.3,0.3,0.1,0.2,2.2,0.33,0.5,1.5,66.7,20.9,25.3,82.6,1.3,0.7,0,0,1,244.2,33.7,14.4,15.6,92.9,4.4,5.9,75,0.5,0.6,80,24.1,96,36.5,1.1,1.2,0.6,2.6,1.7,26.1,7.1,0.5,0.2,3.1,35.9,0.7,3.4,19.3,14.3,2.8,35.9,16.7,0,0,2.1,1.3,0.6,0.2,0.1,1.1,1,0.5,0.5,0.1,0.7,0.4,0,0.5,0,0,0,4.7,23.1,2,0.1,0.2,0,0,0,64.7,35.3,CF,0
Josh Maja,2020-2021,21,Bordeaux,0.2,0,0.2,0.2,0,0,0,0.3,0.3,0,0.3,0,0.3,0,0,0,0.12,2.1,0.11,0.22,1,47.4,18,21.5,83.9,0.9,1,0.2,0,0.9,215.1,23.3,11.6,13.1,88.9,4.1,4.8,86,0.4,0.8,57.1,16.9,70.6,23.7,0.8,0.4,0.8,2.1,1.3,22.9,6.4,0,0,1.7,30.9,1.2,2.8,17.6,11.1,3.6,30.9,42.4,0.2,0,0.8,1.3,0.9,0.2,0.3,1.2,0.3,0,0.3,0.7,1.6,1,0,0.2,0,0,0,3.5,20.1,1.3,0,0,0,0,0,66.7,22.2,CF,0
Kévin Zohi,2018-2019,21,Strasbourg,0.1,0.1,0.3,0.1,0,0,0,0.1,0.1,0.1,0.2,0.1,0.2,0,0,0.1,0.06,2.4,0.06,0.2,0.7,29.4,20.4,28,72.8,0.7,1,0.7,0.3,3.2,286.5,88.6,11.9,14.4,83,5.6,7.6,73.6,1.6,2.3,68.8,29.6,173.8,90.4,3.3,2.4,1.1,2.7,2.7,33.3,9.8,0.3,0.3,1.9,45.4,0.7,7.5,14.6,24.5,3.2,45.4,36,0,0,1,1.4,2,1.4,0.7,0.6,1.1,0,1.1,1,3,0.7,0,0.3,0,0,0,4.7,27.7,0.3,0.1,0.1,0,1.9,0,40,60,CF,0
Kaj Sierhuis,2020-2021,22,Reims,0,0.1,0.1,0,0,0,0,0.1,0.1,0.1,0.2,0.1,0.2,-0.1,-0.1,0.1,0.07,1.9,0,0,0.4,21.4,13.9,22.8,61.2,1.2,2.2,1,0.1,3,234.7,56,7.2,10.9,65.8,5.1,7.3,69.8,1.2,2.1,60,17,63.6,25,0.6,0.4,0.1,2.9,1.9,25,5.2,0.1,0.1,2.5,33.3,0.7,2.5,14.2,16.7,4,33.3,41.9,0.3,0,2.3,0.6,1,0.3,0.3,1,0.3,0.1,0.1,0.3,1.2,0.7,0,0.1,0,0,0,3.5,21,1.4,0.1,0,0.1,0.8,0,66.7,33.3,CF,0
Kalifa Coulibaly,2018-2019,26,Nantes,0.4,0.1,0.5,0.4,0.1,0.1,0,0.5,0.4,0.1,0.6,0.1,0.5,-0.1,-0.1,0,0.16,2.8,0.13,0.41,0.9,30.9,11.9,23.1,51.7,1.1,1.2,0.3,0.1,1.6,145.5,35,7.4,12.5,59,2.8,5.9,47.4,0.3,1,30,17.5,91.3,39.8,1.6,1,0.9,3.9,1.3,28.1,6.8,0.2,0.1,2.4,35.7,1,1.9,16.1,18.2,5.7,35.6,58,0.3,0.1,2.8,1.1,0.8,0.4,0.2,0.4,0.4,0.1,0.4,0.2,1,1.1,0,1.1,0.1,0,0,2.1,22.2,0.7,0,0.1,0.1,0.7,0.1,55.9,44.1,CF,0
Kalifa Coulibaly,2020-2021,28,Nantes,0.3,0.1,0.4,0.2,0.1,0.1,0,0.2,0.2,0.1,0.3,0.1,0.3,0,0,0,0.1,1.7,0.11,0.5,0.4,22.2,14.2,24.7,57.6,0.9,1.3,0.2,0,1.9,169.5,47.4,9.4,14.6,64.8,3.2,6.2,51.5,0.4,0.6,66.7,15,62.8,18.4,0.6,0.7,0.5,2.5,1.2,27.3,6.6,0.3,0.3,1.7,34.2,1.2,1.8,12.3,20.2,4.8,34.1,52.6,0.2,0,1.1,0.6,0.3,0.1,0.2,0.6,0.3,0.1,0.2,0.2,0.5,1.1,0,1,0,0,0,1.7,23.9,0.6,0,0,0.1,0.2,0,50,50,CF,0
Kalifa Coulibaly,2019-2020,27,Nantes,0.2,0,0.2,0.2,0,0,0,0.3,0.3,0,0.4,0.1,0.4,-0.1,-0.1,0,0.13,2.7,0.08,0.21,1.1,39.6,10.3,18.8,54.9,0.7,0.9,0.4,0.1,1.2,119.2,26.3,6.9,11.8,58,2.1,4.2,50.7,0.3,0.7,46.2,15.5,76.9,30.2,1.3,0.7,0.9,3.5,2.2,25.3,6.9,0.1,0.1,1.6,31.7,2,2.3,12.2,17.4,4.9,31.7,51.9,0.1,0,1.9,0.7,0.6,0.4,0.2,0.1,0.2,0.1,0.1,0.3,0.9,1.8,0,1.3,0,0,0,1.6,18.4,0.3,0,0.1,0,0.5,0,29.6,70.4,CF,0
Karl Toko Ekambi,2017-2018,24,Angers,0.5,0.2,0.7,0.4,0.1,0.1,0,0.5,0.4,0.2,0.7,0.1,0.6,0,0,0,0.15,2.9,0.14,0.33,1.3,43.4,21.3,28.2,75.6,1.4,1.1,0.9,0.1,2.3,307.4,50,12.3,15.2,80.8,5.8,7.6,76.7,1.5,1.9,76.9,30.7,199.7,90.2,4.1,2.3,1.6,3.1,2.5,33.3,10.4,0.4,0.3,3.2,40,0.1,1.8,17.1,21.8,5,39.9,26.4,0.1,0,0.9,1,0.5,0.2,0.1,0.7,0.4,0,0.4,0.4,0.9,0.1,0,0.8,0.1,0,0,2.6,26.6,1.6,0,0.2,0.3,1.2,0,50.4,49.6,CF,1
Karl Toko Ekambi,2021-2022,28,Lyon,0.5,0.2,0.7,0.4,0.1,0.1,0,0.5,0.4,0.2,0.7,0.2,0.6,0,0,0,0.15,2.9,0.14,0.28,1.4,48.6,28.7,36.9,77.8,1.5,1.1,1.5,0.5,2.2,426.7,81.1,16.2,18.9,85.7,9.6,12,80.7,1.6,2.7,58,35,211.3,106.3,3.5,1.8,1.4,2.5,1.5,38.1,10.5,0.5,0.4,3.3,48.6,0.2,4.3,20.1,24.7,5.7,48.6,61.1,0.1,0,0.6,0.6,0.5,0.3,0.2,0.7,1,0,1,0.8,1.3,0.2,0,0.4,0,0,0,3.8,35.9,0.8,0,0.2,0.4,2,0,52.4,47.6,CF,0
Karl Toko Ekambi,2020-2021,27,Lyon,0.4,0.2,0.6,0.4,0,0,0,0.6,0.6,0.2,0.8,0.2,0.8,-0.1,-0.1,0,0.19,2.9,0.16,0.36,1.2,43.3,24,31.2,77,1.6,1.3,1.2,0.2,2.9,345.8,76,14.7,17,86.3,7.1,9.3,76.9,1.2,2.1,60,28.1,185.6,101.4,3.8,2.5,1.7,2.3,0.8,33.8,9,0.5,0.3,3.1,42.2,0.4,3.7,18.2,21.1,5.8,42.2,44.3,0.1,0,0.9,0.9,0.5,0.3,0.3,0.8,0.6,0,0.6,0.8,1.3,0.3,0,0.5,0.1,0,0,3.4,30.6,0.5,0.1,0.2,0.1,1.7,0,57.5,42.5,CF,0
Kasper Dolberg,2019-2020,21,Nice,0.5,0.1,0.7,0.5,0,0,0,0.4,0.4,0.1,0.5,0,0.5,0.1,0.1,0,0.19,2,0.26,0.44,1.2,59.5,10.5,13.8,76.2,0.6,0.3,0.1,0,0.5,144.2,12.2,6.3,7.8,81,3.6,4.1,86.2,0.1,0.2,75,13.6,73.6,23.6,1,0.9,0.4,3,1.3,17.6,4.3,0.2,0.1,1.3,25.1,1.4,2.3,12.1,11,3.2,25.1,47.5,0.1,0,1.2,1.7,0.5,0.3,0.2,0.6,0.9,0.1,0.8,0.5,1,1.1,0,0.3,0,0,0,1.5,11.5,2.2,0,0,0,0.1,0,37.1,62.9,CF,0
Kasper Dolberg,2021-2022,23,Nice,0.4,0.1,0.5,0.2,0.1,0.1,0,0.4,0.3,0.1,0.5,0,0.4,0,-0.1,0,0.13,2.3,0.11,0.31,0.8,34.2,10.4,14.7,70.8,0.9,0.4,0.5,0.2,1,129.2,24.4,6.8,8.8,76.7,2.1,3.3,64.8,0.4,0.5,77.8,15.3,70,25,0.9,0.7,0.5,3.2,1.1,18.8,5.4,0.2,0.1,1.9,25.7,1.1,2.4,11.2,12.5,3.5,25.6,45.7,0,0,1.8,1.7,0.5,0.2,0.2,0.4,0.9,0.1,0.8,0.4,0.9,1,0,0.2,0,0,0,2.3,14.2,0.4,0,0.1,0.1,0.3,0,52.4,47.6,CF,1
Kasper Dolberg,2020-2021,22,Nice,0.3,0.1,0.4,0.2,0.1,0.1,0,0.4,0.3,0.1,0.4,0,0.4,-0.1,-0.1,0,0.19,1.6,0.11,0.25,0.7,45.7,11.7,14.6,80.2,0.7,0.7,0.2,0,1,158.1,19,6.3,7.7,82.3,3.8,4.4,86.2,0.4,0.6,66.7,13.2,59,18,0.7,0.6,0.3,3.4,1.4,17.8,4.3,0.2,0.1,1.6,24,1.1,2.1,13.1,9,2.8,23.9,52.5,0.1,0,1,2.3,0.3,0.1,0.1,0.4,0.5,0.1,0.4,0.3,0.6,0.9,0,0.2,0,0,0,2,12.6,2,0,0,0,0.1,0,34.4,65.6,CF,0
Kylian Mbappé,2018-2019,19,Paris S-G,1.3,0.3,1.5,1.2,0,0.1,0,1.1,1,0.2,1.3,0.2,1.2,0.2,0.2,0.1,0.21,4.7,0.26,0.47,2.6,55.3,24.3,31.3,77.6,1.8,1.5,1.9,0.2,3.7,308.8,76.7,14.7,17.4,84.7,5.3,7.2,74.3,1.3,1.8,70.2,29.2,201.7,109.5,4.4,2.5,2.2,2.3,1.7,38.2,11.9,0.9,0.6,4.6,43.1,0,0.8,15.1,27.8,8.1,43.1,12.5,0.2,0,0.7,1.7,0.3,0.2,0,0.2,0.1,0,0.1,0.2,0.5,0.1,0,1.2,0.2,0,0,1.7,29.5,1.6,0.2,0.3,0.3,1,0.2,55.1,44.9,CF,1
Kylian Mbappé,2019-2020,20,Paris S-G,1.1,0.3,1.4,1.1,0,0,0,0.9,0.9,0.6,1.5,0.5,1.5,0.1,0.1,-0.3,0.18,5.2,0.21,0.37,2.9,56.3,29.8,39.3,75.8,2.3,1.5,1.7,0.3,3.5,382.8,86.5,19.3,23.2,83.3,7.1,9.8,72.7,1.3,2,64.7,36.2,276.5,163.8,6.8,3.5,3.9,2.8,1.5,47.5,15.5,0.7,0.5,5.6,54.1,0.1,1.2,18.6,34.9,10.8,54.1,50,0,0,0.7,1.3,0.4,0.1,0.2,0.4,0.2,0,0.2,0.2,0.6,0,0,1.1,0.1,0,0,2,37,2.2,0.2,0.2,0.2,2.9,0.8,51.4,48.6,CF,1
Kylian Mbappé,2020-2021,21,Paris S-G,1,0.3,1.3,0.8,0.2,0.2,0,0.8,0.7,0.2,1,0.2,0.8,0.2,0.1,0.1,0.18,3.7,0.21,0.45,1.8,48,29.8,38.7,77.1,1.2,1.9,1.2,0.2,3,357,62.6,21.1,24.8,85,6,7.4,81.5,0.8,1.9,40.8,36,272.3,149,6.2,3.8,3.2,3.1,1.7,44.9,13,1,0.5,4.1,52.7,0.2,1.5,16.4,35.6,9.2,52.4,26.3,0.2,0,0.9,1.4,0.2,0.1,0.1,0.3,0.3,0,0.2,0.1,0.3,0.2,0,0.6,0.2,0,0,2.2,36.7,1.9,0.1,0,0.2,2,0.6,49.7,50.3,CF,1
Kylian Mbappé,2021-2022,22,Paris S-G,0.8,0.5,1.3,0.7,0.1,0.1,0,0.7,0.6,0.4,1.1,0.3,1,0.1,0.1,0.1,0.14,4.3,0.17,0.41,1.8,41.3,33.9,42.7,79.4,2.1,2.2,1.7,0.3,3.2,458.9,89.2,21.3,24.4,87.1,8.2,10.4,79.3,1.8,3,59.4,42.2,281.1,154.9,6.3,3.6,3.1,3.3,1.7,48.3,13.4,1.2,0.6,5.4,56.6,0.5,1.4,18.8,37.1,8.9,56.5,28.6,0.3,0,0.8,1.6,0.3,0.2,0.2,0.2,0.2,0,0.2,0.1,0.5,0.4,0,1.2,0.1,0,0,1.9,39.1,3.4,0.3,0.2,0.5,2,1.4,54.6,44.9,CF,1
Kylian Mbappé,2017-2018,18,2 Teams,0.5,0.3,0.9,0.5,0,0,0,0.6,0.6,0.3,0.9,0.3,0.9,0,0,0,0.17,3.4,0.16,0.38,1.4,42,24.7,31.2,79.4,2.1,1.5,1.3,0.2,2.6,304.2,68.1,15.1,17.1,87.9,5.7,7.7,73.7,1,1.7,62.5,32,214.9,112.5,4.3,2.9,2.4,2.7,2.5,37.5,12.2,0.7,0.4,4.6,42.3,0,1.4,16,25.8,8.3,42.3,33.3,0.1,0,0.4,1.6,0.5,0.4,0,0.5,0.2,0,0.1,0,0.5,0,0,1,0,0,0,2.8,29.6,1.4,0.1,0.4,0.2,1.7,0.2,57.7,42.3,CF,1
Lacina Traoré,2017-2018,27,Amiens,0,0.2,0.2,0,0,0,0,0.2,0.2,0.1,0.2,0.1,0.2,-0.2,-0.2,0.2,0.12,1.3,0,0,0.2,18.2,13.2,24.7,53.3,1.3,2.1,0.3,0,1.8,188.1,44.2,7.7,13.3,58.3,3,6,50,1.4,2.3,60,19.2,78,16.5,0.2,1,0.2,3.9,2.7,29.3,7.5,0.3,0.1,2.2,36.4,2.7,4.2,16.4,15.9,3.9,36.4,59.3,0.1,0,2.9,1.7,1,1,0.3,0.5,0.7,0.3,0.3,0.2,1.3,2.4,0,1,0.1,0,0,2,23.9,0.7,0,0,0,0.1,0,50,50,CF,0
Lebo Mothiba,2018-2019,22,2 Teams,0.4,0.1,0.5,0.4,0,0,0,0.3,0.3,0.1,0.4,0.1,0.3,0.1,0.1,0,0.18,1.6,0.26,0.5,0.8,51.4,16.5,21.4,77.2,0.8,0.4,0.2,0,1.1,204.2,16.1,9.8,12.1,81.3,4,5.1,78.9,0.6,0.8,73.7,19.1,81.7,23.6,1.3,0.6,0.6,2.4,1.6,24.1,7.7,0.2,0.1,1.7,28.7,0.7,1.8,12.6,14.5,3.2,28.7,31.7,0.1,0,2.6,1.2,0.5,0.4,0,0.4,0.2,0,0.2,0,0.5,0.6,0,0.5,0.1,0,0,1.8,20.3,1.1,0,0,0,0.4,0,61.9,38.1,CF,0
Lebo Mothiba,2017-2018,21,Lille,0.4,0,0.4,0.4,0,0,0,0.3,0.3,0.1,0.4,0,0.4,0.1,0.1,-0.1,0.18,1.7,0.23,0.45,0.8,50,19.3,23.8,81.2,1,0.7,0.2,0,0.8,203.3,17.2,12.1,13.8,87.4,3.6,5.1,70.1,0.5,0.6,75,17.3,73.1,13.6,0.6,0.8,0.4,2.8,1.3,24.8,7.9,0.1,0.1,2.3,32.1,1,2.1,13.8,16.3,3.3,32.1,35.1,0.1,0,1.7,1.4,0.6,0.4,0,0.5,0.5,0.2,0.3,0.2,0.8,0.8,0,0.7,0,0,0,1.4,20.9,2.7,0,0.2,0,0.2,0,71.4,28.6,CF,0
Lebo Mothiba,2019-2020,23,Strasbourg,0.3,0.3,0.5,0.3,0,0,0,0.4,0.4,0.1,0.5,0.1,0.5,-0.1,-0.1,0.1,0.17,2.3,0.11,0.3,0.9,37,16.5,20.2,81.7,0.9,0.5,0.7,0,1.4,203.9,23.8,10.8,11.9,90.6,3.6,4.6,79.2,0.5,0.9,54.5,18.7,97.7,38.3,2,0.9,0.9,3.1,1.1,22.9,8.7,0.3,0.3,2.2,29.1,0.2,0.8,11.4,17.1,4,29.1,44.6,0,0,2.1,0.6,0.3,0.3,0.1,0.4,0.4,0,0.4,0.3,0.6,0.1,0,0.5,0,0,0,1.6,19.7,0.5,0,0.1,0.2,0.9,0,68.8,31.3,CF,0
Lois Diony,2018-2019,25,Saint-Étienne,0.3,0.1,0.3,0.3,0,0,0,0.5,0.5,0.1,0.6,0.1,0.6,-0.2,-0.2,0,0.21,2.2,0.13,0.28,1,46.2,11,18,61.3,1.1,0.4,0.3,0.2,1,148.5,27.6,6.3,8.9,70.9,3.6,5.4,66.7,0.3,1,27.8,16.2,110.1,46.6,1.9,0.9,1.1,2,2,20.3,8.9,0.2,0.2,2.2,27.8,0.4,2.5,9.6,16.3,5.1,27.8,32.9,0.2,0,1.6,1.6,1,0.7,0.2,0.3,0.8,0,0.8,0.1,1,0.5,0,0.3,0,0,0,2.9,17.5,0.5,0.1,0.1,0,1.6,0,48.4,51.6,CF,0
Lois Diony,2019-2020,26,Saint-Étienne,0.3,0,0.3,0.3,0,0,0,0.2,0.2,0,0.2,0,0.2,0.1,0.1,0,0.08,2,0.13,0.29,0.9,46.7,8.8,14.5,60.7,0.7,0.7,0.7,0,1.2,114.9,24.1,4.6,6.5,70.8,2.8,5.1,55.3,0.3,0.5,50,14.9,74.3,25.7,2,0.7,0.8,2.6,1.9,18.6,6.1,0,0,1.6,23.9,0.1,0.7,9.5,14.1,3.5,23.9,28.6,0.1,0,1.5,1.1,2,0.7,0.7,0.5,0.4,0,0.4,0.1,2.2,0,0,0.5,0,0,0,2,13.2,1.1,0,0,0,0.9,0,16.7,83.3,CF,0
Lois Diony,2020-2021,27,Angers,0.3,0.1,0.3,0.2,0.1,0.1,0,0.2,0.2,0.1,0.3,0.1,0.3,0,0,0,0.12,1.4,0.14,0.31,0.7,46.4,12.1,20.1,60.3,0.9,0.5,0.4,0.2,1,168.4,26,7.5,10.6,70.9,3.1,5.1,61,0.6,1.2,50,17.3,107.7,37.3,2.3,0.9,1,2.6,1.6,23.3,8.2,0.1,0.1,1.7,30.5,1,1.8,12.1,16.8,3.2,30.4,37.4,0.1,0,1.1,1.8,0.8,0.5,0.2,0.7,0.3,0.2,0.2,0.3,1,0.8,0,0.3,0.1,0,0,1.7,18.3,1.7,0,0.1,0.1,2,0,27.1,72.9,CF,0
Lois Diony,2017-2018,24,Saint-Étienne,0,0,0,0,0,0,0,0.2,0.2,0,0.2,0,0.2,-0.2,-0.2,0,0.1,1.5,0,0,0.5,31.3,10.8,16.6,65.1,0.5,0.1,0.4,0,1.3,129.7,22.3,6.9,9.2,74.7,2.4,4,61,0.3,1,30,14.8,75.6,23.5,1.1,0.7,0.7,2.4,2.4,18.9,7.8,0.3,0,2.1,24.1,0.9,2.1,8.4,13.7,3.6,24.1,27.9,0,0,1.1,1.6,0.3,0,0,0.3,0.5,0.1,0.4,0.1,0.4,0.8,0,0.6,0.3,0,0,2.4,14.6,2,0,0,0,0.7,0,61.5,38.5,CF,0
Ludovic Ajorque,2018-2019,24,Strasbourg,0.5,0.1,0.6,0.5,0,0,0,0.3,0.3,0.1,0.4,0.1,0.4,0.2,0.2,0,0.12,2.7,0.2,0.53,1,37,19.9,27,73.9,0.8,1.2,0.4,0.1,1.5,287.2,33,11.7,14.9,78.3,5.2,6.7,77.2,1.6,2.1,77.8,18.7,70.8,19.6,0.6,0.8,0.2,2.4,1.4,28.3,7.4,0.2,0.2,2.1,36.4,0.6,1.9,19.9,15,4.1,36.4,63.4,0.3,0,2.6,0.9,1,0.8,0.2,0.3,0.3,0,0.3,0.3,1.3,0.5,0,0.1,0.1,0,0,1.9,25.3,1.5,0.1,0.1,0.3,0.3,0,55.6,44.4,CF,0
Ludovic Ajorque,2020-2021,26,Strasbourg,0.5,0.1,0.6,0.4,0.1,0.2,0,0.5,0.4,0.1,0.6,0.1,0.5,0,0,0,0.18,2,0.18,0.4,0.9,45.5,18.8,28.1,66.9,1.1,1.3,0.6,0.1,1.9,295.3,49.8,10.6,14.7,72.3,5.8,7.9,73.3,1.5,2.4,65.4,18.5,72.9,28.9,1,0.8,0.5,2.2,0.9,28.5,6.8,0.2,0.1,2.3,37.9,1.9,3.7,18.1,16.3,4.8,37.8,55.5,0.2,0,1.2,1.4,0.9,0.5,0.2,0.7,0.4,0.2,0.3,0.3,1.2,1.6,0,0.4,0.1,0,0,2,26.5,1.6,0,0,0.8,0.8,0,43.5,56.5,CF,0
Ludovic Ajorque,2021-2022,27,Strasbourg,0.4,0.3,0.7,0.3,0.1,0.1,0,0.3,0.3,0.2,0.6,0.1,0.5,0,0,0,0.15,1.8,0.16,0.38,0.8,42.9,21.5,29.8,72.1,1.5,1,0.8,0.1,2.3,301.5,45.7,12.7,16.6,76.3,5.7,7.9,72,1.4,2,70.5,21.4,82.7,24.7,0.7,0.7,0.3,2.3,1.2,31,7.1,0.3,0.2,2.8,40.5,1.2,3.4,21.3,16.2,4.5,40.4,55.5,0.2,0,1.3,1.2,1.2,0.8,0.2,1.1,0.9,0.1,0.8,0.3,1.4,1,0,0.5,0.1,0,0,2.8,28.9,0.8,0,0.2,0.3,0.6,0,51.9,48.1,CF,1
Ludovic Ajorque,2019-2020,25,Strasbourg,0.3,0.2,0.5,0.3,0,0,0,0.3,0.3,0.1,0.4,0.1,0.4,0,0,0.1,0.13,2.1,0.14,0.33,0.9,42.9,15.5,22.6,68.6,0.7,0.7,0.6,0.1,1.3,215.3,30.9,8.1,11.5,70.7,4.8,6.6,72.2,1,1.7,63.2,16.4,65.7,25.5,0.9,0.7,0.3,2.3,0.7,24.2,6,0.5,0.3,1.8,31.1,0.9,1.7,16.9,12.7,4.2,31.1,59.4,0.1,0,1.7,0.9,0.7,0.4,0.1,0.5,0.5,0,0.5,0.1,0.7,0.9,0,0.2,0,0,0,1.9,21.6,0.8,0,0.2,0.2,0.6,0,36.8,63.2,CF,0
Mama Samba Baldé,2019-2020,23,Dijon,0.3,0.1,0.4,0.3,0,0,0,0.3,0.3,0.2,0.5,0.1,0.5,0,0,-0.1,0.12,2.7,0.12,0.38,0.9,32,12.9,19.1,67.7,1.2,0.7,0.9,0.3,1.6,181.2,43,7.8,9.7,80.7,3.9,5.9,65.5,0.6,1.4,46.2,21.1,126.6,56.5,2.4,1,1.1,3.8,1.9,22.4,7.9,0.6,0.4,3.1,34.5,1.2,5.4,14.7,15.3,4.2,34.5,33.7,0.1,0,1.5,1.2,1.3,0.7,0.4,1.2,0.9,0,0.9,0.4,1.7,1.3,0,0.3,0,0,0,4.7,18.4,0.5,0.1,0.1,0.1,1.2,0.1,50,50,CF,0
Mama Samba Baldé,2020-2021,24,Dijon,0.3,0,0.3,0.3,0,0,0,0.3,0.3,0,0.4,0,0.4,0,0,0,0.14,2.4,0.12,0.37,0.8,32.8,13.6,19.8,68.5,0.4,0.5,0.2,0,1,181,32.7,8.2,10.8,76.4,3.6,4.9,73.7,0.7,1.1,59.3,19.7,88.8,29.5,0.9,0.8,0.9,3.8,2.2,23.9,6.7,0.2,0,1.9,32.9,1.2,3,15,15.3,4.3,32.9,33.1,0.2,0,1.6,1.7,1,0.4,0.4,0.5,0.7,0,0.6,0.2,1.1,1.1,0,0.7,0,0,0,3.1,18.5,1.3,0,0,0,0.3,0,38,62,CF,0
Mama Samba Baldé,2021-2022,25,Troyes,0.2,0.1,0.3,0.2,0,0.1,0.1,0.3,0.3,0.1,0.4,0,0.4,-0.2,-0.1,0,0.12,2.5,0.06,0.18,0.9,36.2,15.1,22.3,68,0.9,1.5,0.7,0.1,2.5,217.1,56.3,9,12.1,74,4.7,6.1,76.9,0.8,1.4,59.3,25.5,145.4,69.8,2.3,1.7,0.7,4.7,2,27.4,7.4,0.3,0.1,2.6,39.1,0.8,4.6,17.7,17.9,4.1,39.1,38.5,0.1,0.1,2.1,1.4,2.1,1.5,0.4,0.9,1.7,0.1,1.6,0.3,2.4,0.5,0,0.2,0.1,0.1,0,3.9,21.6,0.6,0.1,0.1,0.1,0.8,0,43.6,56.4,CF,0
Marcus Thuram,2018-2019,20,Guingamp,0.3,0,0.4,0.2,0.1,0.2,0,0.4,0.2,0.1,0.5,0.1,0.3,0,0,-0.1,0.11,2,0.09,0.28,0.6,31.6,20.5,29.3,70,1.3,1.5,0.6,0.2,2.7,271.6,68.2,13.3,17.3,76.7,5.5,7.9,69.8,0.6,1.6,37.8,26.8,252.6,119.9,4.7,3.2,1.9,3.3,3.2,33,7.7,0.2,0.1,3.2,43.4,0.5,4.7,19.1,20.9,5.1,43.2,54.2,0.1,0.1,1.5,1.6,1.6,1,0.7,0.8,0.8,0,0.8,0.4,1.9,0.5,0,0.2,0.1,0,0,4.7,28.3,0.9,0,0.1,0,1.5,0,69.2,30.8,CF,1
Marcus Thuram,2017-2018,19,Guingamp,0.1,0,0.2,0.1,0,0,0,0.3,0.3,0.1,0.4,0.1,0.4,-0.1,-0.1,-0.1,0.11,2.4,0.06,0.15,0.9,39.2,16.2,24.3,66.9,1.1,0.9,0.7,0,2.2,198.1,48.5,9,12.6,71.7,4.5,7,65.1,0.4,0.7,56.3,21,143.4,73.9,3.1,1.8,1.6,3.4,2,27.5,8.1,0.4,0.1,3.1,34.9,0.5,2.5,14.8,18.3,4.4,34.9,49.6,0.1,0,2.1,1.8,0.9,0.7,0.3,0.9,0.7,0,0.7,0.2,1.2,0.6,0,0.8,0.1,0,0,2.5,22.1,1.8,0,0.1,0,0.9,0,75,25,CF,1
Mariano,2017-2018,23,Lyon,0.6,0.1,0.8,0.6,0,0,0,0.5,0.4,0.1,0.6,0.1,0.5,0.2,0.2,0,0.12,3.5,0.18,0.43,1.4,41.2,12.4,17.4,71.3,1,1,0.4,0,1.2,150.9,29.6,7.9,10.3,77,2.7,3.6,76,0.5,0.9,53.8,16.3,100,46.5,1.8,1.8,0.7,2.2,1.7,20.2,4.6,0.4,0.2,2.4,27,0.9,1.3,11.5,14.5,4,26.9,37.4,0.2,0,1.2,0.4,0.6,0.4,0.1,0.8,0.3,0,0.3,0.1,0.7,0.7,0,0.8,0,0,0,1.8,15.9,1.4,0,0.2,0.1,0.2,0,53.7,46.3,CF,1
Mario Balotelli,2017-2018,26,Nice,0.7,0,0.8,0.5,0.2,0.3,0,0.6,0.4,0.1,0.7,0.1,0.5,0.1,0.1,-0.1,0.1,4,0.12,0.27,1.8,44.6,23.4,31.5,74.3,1.3,2.9,0.7,0,3.4,385.4,81.2,12.8,15,85.2,6.6,9,72.8,3.1,4.8,65.8,22.2,131.6,57.9,1.8,1.8,0.8,2.1,1.8,36.5,6.9,0.3,0.1,3.6,41.8,1.1,3.2,22.7,16.5,3.9,41.6,53.4,0.4,0,2.4,2.9,0.3,0.2,0,0.2,0.4,0.1,0.3,0.3,0.6,1,0,0.9,0,0,0,1.7,28.6,2.6,0.8,0.4,0.6,0.7,0,62.5,37.5,CF,0
Mario Balotelli,2018-2019,27,2 Teams,0.4,0.1,0.5,0.4,0,0,0,0.5,0.5,0.1,0.6,0,0.6,0,0,-0.1,0.11,4.1,0.11,0.33,1.3,31.6,16.9,24.7,68.6,0.9,1.2,0.2,0,2.3,281.5,45.6,9,11.8,76.8,4.2,6.2,67.5,2.5,4.2,59.5,20.7,91.7,41.2,1.4,1.6,0.4,2.1,0.8,28.4,5.2,0.3,0.3,2.6,36.4,1,2.4,18.8,15.6,3.2,36.4,43.6,0.5,0.1,2.3,2.1,0.3,0.2,0.2,0.4,0.9,0.2,0.7,0.2,0.5,0.7,0,0.4,0,0,0,2.2,22.4,2.2,0.3,0.2,0.8,0.2,0,40.6,59.4,CF,0
Martin Braithwaite,2017-2018,26,Bordeaux,0.4,0.3,0.7,0.4,0,0,0,0.4,0.4,0.2,0.6,0.2,0.6,0,0,0.1,0.17,2.3,0.17,0.44,0.9,39.1,14.9,20.9,71.2,0.7,0.9,0.1,0.1,1.3,200.9,33.4,9.3,12.3,75.2,3.8,5.5,69.6,0.9,1.1,81.8,18.2,98.7,31.5,1.1,1,0.2,2.5,1.5,22,5.5,0.6,0.6,1.7,29.7,0.5,2.7,13.8,13.6,3.1,29.7,42.6,0.3,0,1.3,0.7,0.6,0.4,0.1,0.5,0.6,0.2,0.4,0,0.6,0.3,0,0.4,0,0,0,2.5,19.3,1.5,0,0,0.1,0.9,0,50,50,CF,1
Martin Satriano,2021-2022,20,Brest,0.4,0,0.4,0.4,0,0,0,0.3,0.3,0,0.3,0,0.3,0.1,0.1,0,0.14,2.3,0.17,0.4,1,41.7,12,17.1,70.1,0.2,0.5,0.1,0,0.7,177.2,32.8,6.6,8.8,74.7,3.6,4.8,74,0.9,1.4,60,18.7,85.1,25.2,0.6,0.5,0.2,2.5,1.3,19,5,0,0,0.6,26.4,0.6,2.7,12.4,11.4,3.3,26.4,24.6,0.5,0,1.4,1.3,0.5,0.2,0.2,0.5,0.8,0,0.8,0.2,0.7,0.3,0,0.2,0,0,0,2.7,15.4,1.5,0,0,0.1,0.5,0,52.9,47.1,CF,0
Mauro Icardi,2019-2020,26,Paris S-G,0.9,0.1,1,0.9,0,0,0,0.8,0.8,0.1,1,0.1,1,0,0,0,0.33,2.6,0.33,0.6,1.4,55.6,10.4,12.4,84,0.8,0.8,0.5,0,1.3,127.4,34.9,6.5,7.2,90.2,2.1,2.3,93.8,0.4,0.4,83.3,8.9,32.5,13.1,0.6,0.2,0.6,1.1,0.3,12.5,4.5,0.6,0.3,2.5,19.3,1,2.6,6.7,10.1,5.2,19.3,41.7,0,0,0.9,0.6,0.3,0.1,0.1,0.6,0.5,0.1,0.4,0.1,0.4,0.8,0,0.9,0.1,0,0,2,10.7,1.6,0,0.1,0,0.4,0,50,50,CF,1
Mauro Icardi,2020-2021,27,Paris S-G,0.6,0.3,0.8,0.5,0.1,0.1,0,0.7,0.7,0.2,0.9,0.2,0.9,-0.1,-0.2,0,0.21,3.2,0.16,0.46,1.1,34.2,11.8,15.2,78,1.3,0.6,0.3,0,1,142.9,32.1,7.8,9.3,83.8,2.3,3.1,73,0.4,0.5,83.3,9.7,34.3,15,0.3,0.3,0.1,1.1,0.6,14.8,3.8,0.5,0.3,2,21.9,0.6,1.3,9.3,11.4,5.5,21.9,57.7,0.1,0,0.8,0.9,0.5,0.2,0.3,0.8,0.3,0.1,0.2,0.3,0.8,0.6,0,0.5,0.2,0,0,1.7,13.3,1.9,0,0,0.1,0.3,0.1,60,40,CF,1
Mauro Icardi,2021-2022,28,Paris S-G,0.4,0,0.4,0.4,0,0,0,0.5,0.5,0.1,0.5,0,0.5,-0.1,-0.1,-0.1,0.19,2.5,0.14,0.44,0.8,32.1,10.5,13.4,78.4,0.8,0.3,0.5,0,0.9,134.1,13.3,6,7.5,79.1,3.2,3.6,87.8,0.2,0.3,66.7,10.7,42.9,14.1,0.5,0.2,0.1,1.2,0.8,13.9,4.6,0.4,0.1,1.8,21.1,1.1,1.7,7.4,12.3,4.9,21.1,35.7,0.1,0,1.2,0.6,0.4,0.3,0.3,0.4,0.3,0,0.3,0.4,0.9,1.1,0,0.8,0,0,0,1.7,11.4,1.8,0,0.1,0,0.2,0,22.2,77.8,CF,1
M'Baye Niang,2018-2019,23,Rennes,0.6,0.2,0.8,0.5,0.1,0.1,0,0.4,0.3,0.1,0.5,0.1,0.4,0.2,0.1,0.1,0.1,3.1,0.15,0.39,1.2,37.1,14.6,21,69.5,0.6,1.7,0.6,0.2,2.2,216,52.7,8.7,10.8,80.5,3.4,4.8,70.8,1.3,2.1,61,23,162.8,72.5,3.2,1.9,1.1,3.4,1.7,26.7,5.8,0.4,0.2,2,34.7,0.9,2.8,16.3,16.4,4.7,34.6,54.6,0.3,0,2.2,2.3,0.8,0.5,0.1,0.5,1,0.2,0.8,0.4,1.2,0.7,0,0.6,0.1,0,0,4,19.9,1.1,0.1,0,0.4,1.2,0,34.6,65.4,CF,0
M'Baye Niang,2019-2020,24,Rennes,0.4,0,0.4,0.4,0,0.1,0.1,0.4,0.3,0,0.4,0,0.4,0,0.1,0,0.12,2.7,0.16,0.36,1.2,43.8,14.1,21.1,66.9,0.4,1.2,0.2,0,1.2,201.9,39,8.7,11.5,75.7,3.2,5,65,1,1.6,63.2,21,91,23.7,0.9,0.6,0.8,3.5,2.1,26.8,4.8,0.2,0,1.4,33.7,1.1,2.9,18.5,12.7,4.2,33.7,48.5,0.1,0,2,2.3,0.7,0.4,0.3,0.6,0.4,0,0.4,0.2,0.9,0.8,0,0.7,0.1,0,0,2.2,19.1,1.9,0,0,0.6,0.5,0,32.7,67.3,CF,0
M'Baye Niang,2021-2022,26,Bordeaux,0.3,0.1,0.5,0.3,0,0,0,0.4,0.4,0.2,0.6,0.1,0.6,0,0,-0.1,0.13,3,0.12,0.27,1.3,42.3,12.3,20.7,59.2,0.9,0.5,0.3,0,1.4,190.3,24.1,7.2,10.2,70.5,3.8,6.6,57.9,0.9,1.4,66.7,21.3,107.5,25.3,0.9,0.5,0.5,4.4,1.7,26.5,7.3,0.2,0.2,1.6,34.1,0.6,1.5,17,15.6,5,34.1,43.8,0.3,0,2.7,2.2,0.5,0,0,0.5,1,0.1,0.9,0.1,0.6,0.5,0,0.9,0,0,0,2.1,18.3,2.4,0,0.1,0.1,0.3,0,33.3,66.7,CF,0
Memphis,2019-2020,25,Lyon,0.8,0.2,1,0.7,0.1,0.1,0,0.4,0.3,0.2,0.6,0.2,0.6,0.4,0.4,0,0.08,4.2,0.17,0.4,1.8,42.6,31.7,42.9,73.8,2.2,2.9,1.2,0.1,4.3,465.3,123.6,18.5,21.3,86.7,8.5,11.6,73.3,2.5,5.3,46.7,35.2,203.1,110.5,3.4,2.6,1.5,3.1,1.7,42.7,8.9,0.4,0.2,4.9,54.9,0.1,2.7,26.3,26.8,4.4,54.8,20,0,0,0.7,1.6,0.4,0.3,0,0.4,0,0,0,0.2,0.5,0.2,0,0.3,0.1,0,0,3.7,37.1,5.3,1.8,0.6,0.5,3.4,2.7,55.3,44.7,CF,1
Memphis,2017-2018,23,Lyon,0.7,0.5,1.1,0.6,0.1,0.1,0,0.4,0.4,0.3,0.7,0.2,0.7,0.2,0.2,0.2,0.1,3.7,0.16,0.4,1.5,40.4,33.7,45.8,73.5,2.7,2.6,1.6,0.3,4.7,488.8,150.8,21.5,24.3,88.1,7.2,10,71.9,2.9,6.3,46.1,39.5,220.2,116.8,4.3,3.4,1.3,3.2,2.4,44.5,9.4,0.6,0.3,5,57.9,0,3.2,25.9,29.7,3.9,57.8,23.5,0.1,0,1.3,1.8,0.5,0.3,0.1,0.9,0.5,0,0.5,0.3,0.8,0.2,0,0.4,0,0,0,4.5,39.5,6,1.7,0.4,0.4,5.5,3.3,53.7,46.3,CF,1
Memphis,2020-2021,26,Lyon,0.6,0.4,1,0.4,0.2,0.2,0,0.5,0.3,0.4,0.9,0.4,0.7,0.1,0.1,-0.1,0.1,3.1,0.12,0.27,1.4,43.1,27.7,39.8,69.6,2.9,2.4,1.9,0.5,4,426.7,142.5,15.3,18.7,82.2,7.2,10.3,69.6,2.8,5.6,49.7,31.8,160.8,84.9,2.9,2,1.5,3.7,1.8,39.7,10.1,0.8,0.5,5.1,52.1,0.1,1.8,21.2,29.9,6,51.9,34.1,0.1,0,1,1.6,0.1,0.1,0,0.6,0.3,0,0.3,0.2,0.3,0.1,0,0.4,0.1,0,0,2.7,33.3,6.2,1.8,0.2,0.4,5.1,3.3,51.4,48.6,CF,1
Memphis,2018-2019,24,Lyon,0.3,0.3,0.7,0.3,0,0.1,0.1,0.5,0.4,0.4,0.8,0.3,0.8,-0.1,-0.1,0,0.12,3.6,0.09,0.26,1.2,35.2,36,49,73.6,3.7,3.4,2,0.5,5.8,562.4,181.5,19.9,22.8,87.3,9.2,12.4,74.5,4,8.2,49.6,39.1,204.1,108,3.6,3.2,1.2,2.7,2.1,44.4,9.2,0.4,0.3,7.2,59.9,0.1,2.4,24.1,33.9,4.2,59.8,42.9,0.2,0,1.2,1.1,0.4,0.3,0.2,0.5,0.5,0.1,0.5,0.3,0.7,0,0,0.3,0,0,0,3.6,40.1,8.4,1.8,0.6,0.5,6.6,4.8,57.7,42.3,CF,1
Mohamed Lamine Bayo,2021-2022,23,Clermont Foot,0.5,0.2,0.7,0.4,0.1,0.1,0,0.5,0.4,0.2,0.7,0.1,0.6,0,0,0,0.19,2.3,0.19,0.46,1,41.3,14.5,20.2,71.6,1.2,1.2,0.5,0,2.1,202.4,38,8.2,10.9,75.3,4.6,5.9,78,0.6,0.9,70.8,16.4,83,31.9,1,0.5,0.5,2.2,1.4,20.4,5.5,0.3,0.2,2.3,29.2,0.6,1.7,14.5,13.4,4.1,29.1,46.3,0,0,0.7,0.2,0.4,0.2,0.1,0.8,0.3,0,0.2,0.3,0.7,0.5,0,0.5,0,0,0,1.9,17.5,2.5,0,0.1,0.1,0.5,0,52.7,47.3,CF,0
Moise Kean,2020-2021,20,Paris S-G,0.7,0,0.7,0.7,0,0,0,0.5,0.5,0,0.6,0,0.6,0.1,0.1,0,0.2,2.8,0.25,0.54,1.3,46.2,12.9,16.6,77.6,0.4,0.5,0.4,0,1.2,166.6,24.1,8,9.5,83.9,2.5,3.3,77.4,0.7,0.8,81.3,14.7,89.3,42.2,1.6,0.9,0.6,2.3,1.6,18.6,5.5,0.1,0.1,1.2,26.3,0.6,2.3,11,13.6,4.3,26.3,50,0.2,0,1.7,0.3,0.6,0.4,0.2,0.5,0.4,0.1,0.3,0.4,1,0.5,0,0.3,0,0,0,2.4,15.1,1.5,0,0,0.2,0.4,0,54,46,CF,1
Moussa Dembélé,2021-2022,25,Lyon,0.9,0.2,1,0.7,0.2,0.2,0,0.8,0.6,0.2,0.9,0.1,0.8,0.1,0,0,0.19,3.4,0.19,0.43,1.5,44.6,11.9,18,65.8,1.1,0.5,0.3,0,0.9,138.1,19.7,7.1,9.5,75.4,2.8,4.2,65.4,0.2,0.7,27.8,17.8,82.1,29.5,1,0.7,0.7,3.8,1.8,21.7,6.4,0.6,0.3,2.6,30.9,1.4,2.6,11.9,16.5,6.1,30.7,50.4,0.2,0,1.2,0.8,0.7,0.4,0.2,0.4,0.5,0,0.5,0.3,1.1,1.2,0,0.4,0.1,0,0,1.8,16.4,1.5,0.2,0.2,0.1,0.1,0,59.5,40.5,CF,0
Moussa Dembélé,2018-2019,22,Lyon,0.7,0.2,0.8,0.6,0,0.1,0,0.8,0.7,0.1,0.9,0.1,0.8,-0.1,-0.1,0.1,0.18,3.9,0.16,0.38,1.7,42,13.7,18.7,73.3,1.3,0.7,0.5,0.2,1.1,165.6,29.3,8.9,10.9,81.6,3,4.2,73.1,0.4,0.8,58.8,17.6,88.3,39,2,0.9,1.3,2.9,1.8,22,7.3,0.4,0.2,2.9,30.8,0.7,1.5,12.9,16.8,6.3,30.7,49.5,0,0,1.6,0.6,0.5,0.2,0.2,0.4,0.7,0.1,0.6,0.1,0.6,0.6,0,0.8,0.1,0,0,1.6,16.4,2,0,0.1,0,0.4,0,62.8,37.2,CF,0
Moussa Dembélé,2019-2020,23,Lyon,0.7,0.1,0.7,0.5,0.2,0.2,0,0.5,0.3,0.1,0.5,0.1,0.4,0.2,0.2,0,0.15,2.1,0.24,0.57,0.9,41.2,12.5,18,69.4,0.9,0.6,0.5,0,1.1,161.7,23.7,7.9,10.6,74.4,2.9,3.9,74.5,0.7,1,70.8,18.6,99.5,42.4,1.6,0.9,0.9,3.9,2.4,23.8,5.5,0.2,0.2,1.8,30.9,1.4,2.6,13.3,15.4,4.6,30.7,47.6,0.1,0,1.8,1,0.5,0.3,0.2,0.4,0.6,0.1,0.5,0.2,0.7,1.3,0,0.5,0.1,0,0,1.9,17.2,0.8,0,0.2,0,0.2,0,40,60,CF,0
Moussa Dembélé,2020-2021,24,Lyon,0.1,0,0.1,0.1,0,0,0,0.7,0.7,0.1,0.8,0.1,0.8,-0.6,-0.6,-0.1,0.18,4,0.03,0.11,1.2,30,12.8,18.3,69.6,0.9,0.7,0.8,0,1.9,143.8,36,8.8,11.7,75,1.7,3.2,54.2,0.5,0.7,80,17,78.7,30.4,1.2,0.8,0.9,2.3,1.9,23,6,0.1,0.1,3.2,31.9,1.7,2.3,11.3,18.3,6.5,31.9,50,0.4,0,2.3,0.8,0.3,0.3,0,0.5,0.5,0.3,0.3,0.7,0.9,1.2,0,0.8,0,0,0,2.7,17.1,1.2,0.1,0,0.1,0.1,0,39.1,60.9,CF,0
Moussa Koné,2020-2021,23,Nîmes,0.5,0,0.5,0.5,0,0,0,0.3,0.3,0.1,0.4,0,0.4,0.1,0.1,-0.1,0.21,1.6,0.29,0.56,0.8,51.6,11.5,15.1,76.3,0.6,0.9,0.1,0,1.3,183.5,26.8,5,6.7,75.4,4.7,5.4,86.7,0.9,1.2,70.8,14.8,84.2,32.4,1.1,0.7,0.7,3.3,1.6,17.3,4.4,0.1,0,1.2,25.2,0.4,1.3,14.7,9.5,3.4,25.2,18,0.1,0,1,2.1,0.7,0.3,0.1,0.4,0.4,0.1,0.3,0.1,0.8,0.4,0,0.8,0,0,0,2.2,12.6,2.5,0.1,0,0.2,0.2,0,56.3,43.8,CF,0
Moussa Konaté,2017-2018,24,Amiens,0.5,0,0.5,0.4,0.1,0.1,0,0.4,0.3,0.1,0.4,0.1,0.4,0.1,0.1,0,0.13,2.4,0.17,0.46,0.9,36.4,12.9,19.6,66.1,0.6,0.7,0.7,0.1,1.5,173.4,29.3,7.8,10.9,71.3,3.5,5,71.3,0.7,1.5,42.9,18.3,95.2,36,1.7,1.3,0.5,3.3,1.9,23.6,6.3,0.2,0.1,1.9,29.4,0.5,1.5,14.6,13.8,3.5,29.3,39.7,0.3,0,1.9,1.9,0.3,0.2,0.1,0.7,0.4,0.1,0.3,0.1,0.4,0.4,0,1.1,0,0,0,2,17.7,1.9,0,0,0.1,0.8,0,44.4,55.6,CF,0
Moussa Konaté,2020-2021,27,Dijon,0.4,0.1,0.5,0.3,0.1,0.2,0.1,0.4,0.3,0,0.4,0,0.3,0,0,0,0.11,2.5,0.12,0.5,0.6,24.2,14.9,20.5,72.8,0.5,0.9,0.6,0,1.4,209.8,27.7,8.1,10.3,78.8,5,7.1,70.5,0.7,0.9,75,18,66.7,19.3,0.8,0.8,0.5,2.7,0.9,23.1,5.4,0.3,0.1,1.6,30.3,0.5,2.1,15.5,12.8,3.5,30.2,31.1,0.3,0,1.7,1.8,0.4,0.2,0.2,0.7,0.3,0.1,0.2,0.4,0.8,0.6,0,0.9,0,0,0,1.4,17.9,2.4,0.1,0,0.1,0.4,0,50,50,CF,0
Moussa Konaté,2018-2019,25,Amiens,0.3,0.1,0.4,0.2,0.1,0.1,0,0.4,0.3,0.1,0.5,0.1,0.4,-0.1,0,0,0.13,2.2,0.11,0.36,0.7,31.1,12.3,18.6,66.4,0.5,1.1,0.4,0,1.6,171.6,30.6,7.7,10,76.9,3.3,5.3,62.2,0.7,1.2,62.5,17.9,90,30.3,1.2,0.5,0.8,3.2,1.2,22.3,6.4,0.4,0.1,1.8,28.6,0.7,2.2,12.8,14,3.7,28.4,37.5,0.1,0,2.1,1.8,0.5,0.4,0.1,0.5,0.7,0.1,0.5,0.2,0.7,0.7,0,1.2,0,0,0,2.1,17.2,1.3,0,0.1,0.1,0.3,0,62.5,37.5,CF,0
Moussa Sylla,2018-2019,18,Monaco,0,0,0,0,0,0,0,0.3,0.3,0.1,0.3,0.1,0.3,-0.3,-0.3,-0.1,0.14,1.9,0,0,0.5,25,12.6,20.6,61.4,1.4,0.2,0.4,0,0.8,163.7,25,8.1,11.4,71.1,3.3,4.8,68.3,0.4,1.1,33.3,17.9,107.9,37.1,2.2,0.7,0.8,3.5,1.4,21.8,8.7,0.2,0.1,2.9,31.8,0.4,3.2,12.3,17,5.5,31.8,31.4,0.1,0,0.9,1.5,0.7,0.5,0.2,0.5,0.6,0.2,0.4,0.2,0.9,0.6,0,0.1,0.1,0,0,2.6,18.6,2,0,0.1,0.2,0.9,0,44.4,55.6,CF,0
Myron Boadu,2021-2022,20,Monaco,0.4,0.1,0.5,0.4,0,0,0,0.6,0.6,0.1,0.7,0.1,0.7,-0.2,-0.2,0,0.32,2,0.19,0.5,0.7,38.1,12,15.7,76.6,0.6,1,0.1,0,1,165.3,26.2,7.4,9,82.3,3.7,4.5,81.3,0.4,0.6,66.7,15.8,69.1,20,0.7,0.6,0.7,4.3,1.1,19.7,6.4,0.5,0.3,2.1,26.1,0.2,1.6,10.2,14.4,5.9,26.1,34.1,0,0,1.6,1,0.8,0.7,0.1,0.4,0.6,0,0.6,0.2,1,0.1,0,1.1,0,0,0,1.9,14,1.7,0,0,0,0,0.1,50,50,CF,1
Ndombe Mubele,2017-2018,23,2 Teams,0.3,0.1,0.5,0.3,0,0.1,0.1,0.3,0.3,0.1,0.5,0.1,0.4,0,0.1,0,0.13,2.2,0.15,0.46,0.7,33.3,15.5,24.5,63.4,1.3,0.8,0.6,0.3,1.7,218.4,58.2,9.4,12.2,76.9,3.7,6,60.7,1.1,2.5,43.2,26.1,182.1,81,3.8,1.5,1.6,5,3.2,29.7,8.2,0.5,0.1,3.6,40.1,0.3,3.6,13.3,24.1,4.5,40.1,33.3,0.1,0,1.2,2.9,1.2,0.7,0.5,0.8,1.1,0,1.1,0.7,1.9,0.4,0,0.3,0.1,0,0,4.1,22.1,2.2,0.1,0.1,0.3,2.4,0.2,49.4,50.6,CF,0
Neymar,2017-2018,25,Paris S-G,1,0.7,1.6,0.8,0.2,0.2,0,0.7,0.6,0.6,1.3,0.5,1.2,0.2,0.2,0.1,0.14,4.3,0.17,0.42,1.8,41.9,55.7,73.2,76.2,3.5,6.7,4.4,0.2,10.3,763.5,283.2,31.1,35.2,88.4,14.9,19.8,75.1,3.8,8.1,47.2,65.6,525.4,259.9,7.7,7.1,2.9,3.4,2.9,76.6,11.4,1.7,1,8.9,88.2,0,2.7,42,45.3,7.2,88,37.5,0.3,0.1,1.2,5.2,1,0.7,0.4,1.7,0.2,0,0.2,0.3,1.3,0.1,0,0.5,0.1,0,0,4,65.4,7.2,2.4,2.9,0.6,4.2,3.6,67,33,SS,1
Neymar,2018-2019,26,Paris S-G,0.9,0.4,1.4,0.6,0.3,0.3,0,0.7,0.4,0.4,1.1,0.4,0.9,0.2,0.2,0,0.15,3.1,0.2,0.5,1.3,40.8,51.5,66.4,77.6,2.6,7.4,4,0.1,11.1,759.6,294.8,27.6,31.9,86.5,14.1,17.4,81,4.6,8.4,54.5,59.2,439.1,240,7.8,5.4,2,4.3,4.5,70,8.6,1.5,0.9,6.4,83.1,0.1,4.1,40.8,39.7,6.8,82.7,72.7,0.1,0,0.8,3.6,0.9,0.6,0.3,1.1,0.5,0,0.5,0.3,1.2,0.1,0.1,0.4,0.1,0,0,3.7,58.5,7.3,2.1,2.6,0.4,3.5,3.9,60.5,38.7,SS,1
Neymar,2019-2020,27,Paris S-G,0.9,0.4,1.3,0.6,0.3,0.3,0.1,1,0.7,0.4,1.4,0.4,1.1,-0.1,-0.1,0,0.17,4.5,0.14,0.28,2.2,48.5,50.1,64.9,77.1,2.7,7.7,4.4,0.3,10.9,742.1,266.4,28.1,32.4,86.7,13.2,17,77.5,4.9,8.6,57.1,59.2,432,225.8,7.5,6.1,1.6,5,3.1,71.2,10.9,1.2,1,6.8,84.3,0,5.1,39.7,41.3,6.7,84,20,0.3,0.1,1,4.2,0.8,0.5,0.2,1.2,0.7,0,0.7,0.3,1.1,0.1,0,0.1,0.1,0,0,3.9,58.7,5.9,1.5,1.4,0.9,3.8,3.3,60.8,39.2,SS,1
Neymar,2020-2021,28,Paris S-G,0.6,0.3,0.9,0.3,0.3,0.4,0.1,0.8,0.5,0.5,1.3,0.3,1,-0.3,-0.3,-0.1,0.14,4.1,0.06,0.25,1,25,48.5,63.5,76.4,3.8,6.7,3.6,0.2,10.2,723.4,252.1,26.1,30.3,86.2,13.7,17.3,79,4.5,8.1,55.1,57.7,448.3,235.7,6.6,6.2,2,4.6,3.1,68.9,10.4,1,0.6,8.8,83.1,0.1,3.3,35.5,45.9,7.2,82.7,29.4,0.4,0.1,2.1,4.3,0.9,0.7,0.5,1.8,0.5,0,0.5,0.6,1.5,0,0,0.2,0.1,0,0,3.8,56.9,6,2,0.8,0.7,3.7,3.1,56.1,43.9,SS,1
Nicolas de Préville,2019-2020,28,Bordeaux,0.3,0.2,0.5,0.2,0,0,0,0.2,0.2,0.2,0.4,0.2,0.4,0,0,0,0.09,2,0.11,0.26,0.9,42.2,31,44,70.5,2.1,2.1,0.8,0.3,4,521.1,124.3,14.6,17.4,84.2,11.6,15.3,76.1,3.1,6.9,45.4,37.3,221.9,104.5,3.6,2.9,0.8,3.7,2.5,42.7,7.2,0.5,0.3,4.4,58.3,0.9,4.2,31.9,23.3,2.4,58.2,47.7,0.2,0,2.1,3,1.6,0.9,0.8,1.7,0.7,0.1,0.5,0.3,1.8,0.9,0,0.1,0,0,0,4.4,37.4,6.4,2.1,0.1,0.4,5.9,3.6,41.9,58.1,CF,0
Nicolas de Préville,2017-2018,26,2 Teams,0.2,0.2,0.4,0.2,0,0.1,0,0.3,0.2,0.1,0.4,0.1,0.3,0,0,0,0.07,2.7,0.08,0.33,0.6,22.7,22.1,32,68.9,1.1,1.4,0.7,0.1,2.2,327.4,75.8,12.8,16.6,76.8,5.1,8.1,63.8,2.2,3.7,59.3,31.1,191.1,92.1,3.6,2,1.3,3.5,2,33.4,7.5,0.4,0.2,2.3,46.3,0.7,4.1,21.3,21.7,4.1,46.3,34.4,0.2,0,2.5,1.7,1.5,1.2,0.4,1.1,1.1,0.2,1,0.9,2.4,0.6,0,0.3,0,0,0,5,28.7,3.1,0.4,0.3,0.4,2.6,1,47.8,52.2,CF,0
Nicolas de Préville,2018-2019,27,Bordeaux,0.2,0.2,0.4,0.2,0,0,0,0.2,0.2,0.3,0.4,0.2,0.4,0,0,-0.1,0.07,2.3,0.09,0.27,0.8,34.4,23.5,35.8,65.6,1.7,2.5,0.6,0.1,3.3,390.7,103.7,11.6,14.4,80.8,7.9,11.2,70.3,2.7,6.7,40.4,31.7,221.5,104.2,4.1,2.6,0.8,4,2.1,34.9,8.1,0.3,0.1,3.4,53.4,1.3,7.6,24.2,22.7,3,53.4,44.8,0.4,0,3,2.5,2,1.3,0.6,1.5,1.6,0.1,1.6,0.7,2.7,1.5,0.1,0.3,0,0.1,0,5.1,31.5,4.2,1.5,0.1,0.6,5.2,2.1,37.9,62.1,CF,0
Nuno da Costa,2018-2019,27,Strasbourg,0.4,0.2,0.6,0.3,0,0,0,0.2,0.2,0.1,0.4,0.1,0.3,0.1,0.1,0.1,0.1,2,0.16,0.41,0.7,37.8,14.9,21.9,67.8,0.9,1.3,0.5,0,1.8,183.1,41.2,9.3,12.2,75.9,2.7,4.6,59,0.8,1.1,73.1,22.5,108.6,40.3,1.4,1.4,0.9,3.6,2.5,26.1,7.9,0.6,0.4,2.3,35.7,0.4,2.6,16.4,16.9,3.9,35.6,43.7,0.1,0,1.8,1.8,1.7,1.2,0.4,1.2,1.1,0,1,0.6,2.3,0.4,0,0.4,0,0,0,2.5,20.5,1.4,0,0.2,0.1,0.7,0,47.1,52.9,CF,0
Nuno da Costa,2017-2018,26,Strasbourg,0.3,0.1,0.4,0.3,0,0,0,0.2,0.2,0,0.2,0.1,0.2,0,0,0.1,0.13,1.6,0.16,0.56,0.5,29,12,19.6,61.3,0.7,1.4,0.5,0.2,1.6,169.3,48.2,6.7,9.6,69.6,3,5.2,58.6,1,2.1,47.5,21.3,132.8,62.3,2.4,1.5,0.9,4.3,1.9,22.5,7,0.6,0.2,2.6,34.7,0.3,4.1,16.1,15.4,4.1,34.7,43.3,0.2,0.1,1.6,1.8,2.6,1.7,0.4,1.5,1.1,0,1.1,1,3.6,0.5,0,0.4,0.1,0.1,0,4.7,19.1,0.4,0,0.4,0.2,1.1,0,58.1,41.9,CF,0
Opa Nguette,2019-2020,25,Metz,0.2,0.1,0.3,0.2,0,0,0,0.1,0.1,0.1,0.2,0,0.2,0.1,0.1,0,0.11,1.3,0.19,0.5,0.5,37,20.5,25.8,79.2,1.1,1.6,0.2,0,2.3,255.2,58.9,13.7,16.2,84.8,5.1,6.3,81.3,0.4,0.7,57.1,25.9,186.6,82,3.3,2.2,0.9,3,2.6,28.5,7,0.3,0.1,2.6,40.5,0.7,6.4,18.1,17.2,2.8,40.5,33.3,0,0,0.9,1.9,2.2,1.4,0.5,1.4,0.8,0.1,0.7,0.6,2.8,0.6,0,0,0,0,0,4.7,25.5,0.2,0.1,0,0,0.6,0,56.3,43.8,SS,0
Opa Nguette,2020-2021,26,Metz,0.2,0.1,0.3,0.2,0,0.1,0.1,0.3,0.2,0.1,0.3,0,0.3,0,0,0,0.15,1.4,0.18,0.43,0.6,41.2,16.1,22.4,72,1.2,1,0.4,0.1,1.5,209.3,39.4,11.1,13.7,81.4,4.1,5.8,71.2,0.3,0.9,36.4,23.5,159.1,69.7,2.6,1.6,1.5,4.4,3.4,28.2,6.8,0.2,0.1,2.4,36.7,0.3,3.7,14.8,18.8,3.5,36.7,42.4,0,0,1.4,1.8,1.2,0.6,0.2,0.6,1.1,0.2,1,0.1,1.3,0.1,0,0.5,0.1,0,0,4.2,21.9,0.4,0.1,0.1,0,0.4,0,49.1,50.9,SS,0
Opa Nguette,2021-2022,27,Metz,0.2,0.2,0.3,0.2,0,0,0,0.2,0.2,0,0.2,0,0.2,0,0,0.1,0.09,2,0.09,0.29,0.6,30.4,15.8,21.7,72.7,0.9,1,0.3,0,2.1,190.7,41.8,9.4,12.3,76.9,4.5,5.8,77.6,0.1,0.3,25,26.2,177.5,87.1,2.7,1.8,1,4.8,3.3,28.3,6.5,0.5,0.3,2.4,38.3,1.7,6.1,16.7,16.3,3,38.3,45.7,0.1,0,1,2.1,1.8,1.2,0.4,0.8,1.1,0.3,0.9,0.2,2,0.8,0,0.3,0,0,0,4,20.8,0.9,0.1,0,0,0.4,0,52.1,47.9,SS,0
Opa Nguette,2017-2018,23,Metz,0,0,0,0,0,0,0,0.3,0.3,0.1,0.4,0.1,0.4,-0.3,-0.3,-0.1,0.14,2.4,0,0,1,40.7,16.7,22.5,74.2,1,2.3,0.4,0,3.1,266.8,78.5,9,10.8,82.9,6.5,8.3,78.7,1.1,1.8,60,29.8,210.6,106.4,4.1,2.6,1.9,4,3,29.1,7.7,0,0,3.4,41.3,0.5,6.7,16.3,18.8,3.5,41.3,52.8,0.3,0,1.8,1.8,2.4,1.9,0.4,1.4,0.9,0,0.9,1.6,4,1.1,0,0.2,0.1,0,0,5.7,21.9,0.4,0,0.2,0.3,1.1,0,52.1,47.9,SS,0
Pierre-Yves Hamel,2020-2021,26,Lorient,0.4,0.2,0.6,0.3,0.1,0.1,0,0.3,0.2,0.1,0.4,0,0.3,0.1,0.1,0.1,0.1,2.4,0.13,0.33,1,39.1,12.8,20.5,62.7,0.8,0.7,0.5,0,1.5,158.6,31.6,8.6,12.7,67.5,2.8,4.1,66.7,0.3,1.2,27.3,13,47.8,18.3,0.6,0.5,0.1,2.4,1.9,20.2,2.8,0.2,0.1,1.9,32.9,1,2.3,18.3,12.3,2.9,32.8,44.9,0.5,0,2.3,0.8,1.6,0.8,0.1,0.5,1.3,0.1,1.2,1.1,2.7,0.6,0,0.3,0,0,0,2.1,18.1,2.3,0,0,0.1,0.3,0,50,50,CF,0
Rachid Alioui,2018-2019,26,Nîmes,0.4,0,0.4,0.4,0,0,0,0.4,0.4,0.1,0.5,0.1,0.5,0,0,-0.1,0.1,3.7,0.1,0.25,1.4,38.5,19.1,27.5,69.5,1.4,1.4,1,0.2,1.6,247.5,48,13.1,16.6,78.8,3.9,6,64.3,0.8,1.9,40.7,17.9,93.2,45.1,1.7,1.8,0.3,1.2,0.9,26.2,5.7,0.1,0.1,2.9,37.7,0.6,2,15.7,20.1,3.1,37.7,38.5,0.1,0,0.8,0.8,1.1,0.4,0.3,0.4,0.6,0.1,0.5,0.7,1.8,0.8,0,0.4,0,0,0,2.9,26.1,1.3,0,0.1,0.2,1.4,0,58.3,41.7,CF,0
Rachid Alioui,2019-2020,27,Angers,0.3,0.1,0.4,0.3,0,0,0,0.3,0.3,0.1,0.4,0.1,0.4,0,0,0,0.09,3.3,0.1,0.27,1.3,37.9,19.9,27.4,72.5,1,1.1,0.5,0.1,2,262.5,37,11.5,14.6,78.3,5.8,7.7,74.6,0.8,1.4,56,20.3,94.3,40.5,1.4,1,0.7,2.3,1,28.6,6.2,0.1,0.1,2.6,36.3,0.5,1.7,17.3,17.6,3.9,36.3,40.6,0.1,0,1.4,2,0.5,0.3,0.1,0.6,0.2,0,0.2,0.1,0.6,0.5,0,0.3,0,0,0,2.3,25.2,2.2,0.1,0,0.1,0.9,0.1,72.7,27.3,CF,0
Rafael Leão,2018-2019,19,Lille,0.6,0.2,0.8,0.6,0,0,0,0.3,0.3,0.1,0.4,0.1,0.4,0.3,0.3,0.1,0.12,2.6,0.22,0.4,1.4,54.1,12.4,17.6,70.2,0.9,0.6,0.5,0.1,1.2,179.5,25.2,7.3,9.4,77.8,3.7,5.1,72.6,0.8,1,73.3,15.2,81,35.2,1.2,1.1,0.7,1.7,1.9,20.1,5.3,0.4,0.3,1.7,26.2,1.1,2.5,11.2,12.6,3.6,26.2,32.5,0.2,0,1.7,1.2,0.3,0.1,0.1,0.9,0.9,0.3,0.6,0.3,0.6,0.8,0,0.2,0.1,0,0,1.7,15.9,1.7,0,0.1,0.1,0.7,0,52.9,47.1,SS,1
Randal Kolo Muani,2021-2022,22,Nantes,0.4,0.1,0.5,0.4,0,0,0,0.3,0.3,0.1,0.5,0.1,0.5,0,0,0,0.2,1.6,0.22,0.46,0.8,48.1,11.2,16.7,67.3,1.2,0.5,0.4,0.2,0.9,143.6,23.8,6.9,8.8,78.7,3.1,4.7,65.6,0.3,0.6,47.6,19.6,141,67.8,2.5,1.7,1.3,3.4,2.2,22.4,6.3,0.4,0.2,2.5,29,1.2,2.8,11.5,15.4,4.7,29,37.5,0.1,0,1.8,2.2,0.9,0.4,0.3,0.5,0.4,0.1,0.3,0.2,1,0.9,0,0.5,0,0,0,3.3,16.2,0.4,0,0,0,0.9,0,50,50,CF,1
Randal Kolo Muani,2020-2021,21,Nantes,0.3,0.1,0.4,0.3,0,0,0,0.3,0.3,0.2,0.5,0.1,0.5,0,0,-0.1,0.16,1.8,0.15,0.36,0.7,41.7,11.8,18.1,65.2,1.1,0.7,0.3,0.1,1.2,140.7,27.9,8,11,72.4,2.4,3.8,63.3,0.4,0.6,61.9,17.8,119.9,63.9,2.6,1.4,1.7,3.4,1.8,21.7,6.1,0.5,0.2,2.7,30.4,1,2.5,13.1,15.3,4.7,30.4,36.3,0.1,0,1.9,2.2,0.7,0.4,0.2,0.6,0.4,0.1,0.4,0.2,0.9,0.8,0,0.7,0.1,0,0,3.4,17.1,1,0,0.1,0.1,0.5,0,48.5,51.5,CF,1
Robert Berić,2018-2019,27,Saint-Étienne,0.7,0.1,0.8,0.7,0,0,0,0.6,0.6,0.1,0.7,0,0.7,0.1,0.1,-0.1,0.2,2.8,0.24,0.47,1.5,51.4,10.4,15.3,68,0.6,0.6,0.3,0,1.2,112.7,26,6.1,8.5,71.2,1.9,3,64.1,0.2,0.5,33.3,12.2,45.7,16.6,0.5,0.4,0.5,2.5,1.2,19,4,0.2,0.1,2,26.3,0.2,1.5,14.1,10.7,4.7,26.3,38.8,0,0,2.5,1.8,0.9,0.4,0.1,0.8,0.6,0.2,0.5,0.3,1.2,0.2,0,0.3,0,0,0,1.8,13.5,1.8,0,0,0,0.2,0,33.3,66.7,CF,0
Robert Berić,2017-2018,26,Saint-Étienne,0.6,0.1,0.7,0.5,0.1,0.2,0.1,0.6,0.4,0.1,0.6,0.1,0.5,0,0.1,0,0.22,2,0.26,0.5,1,52.2,10.9,15.7,69.2,0.3,0.3,0,0,0.6,119.1,18.5,6.5,9,72.1,2,2.9,67.6,0.3,0.4,80,10.7,46.9,20.6,1.2,0.4,0.7,1.2,0.8,16,4.1,0.2,0.1,1.2,23.1,0.4,1.4,11.8,10.2,3.1,23,31.4,0,0,2.3,1.8,0.5,0.3,0.1,1.3,0.8,0.1,0.7,0.4,1,0.3,0,1.3,0.1,0,0,2.1,13.7,2,0.1,0,0.1,0.3,0,33.3,66.7,CF,0
Roger Assalé,2020-2021,26,Dijon,0.1,0.1,0.2,0.1,0,0,0,0.1,0.1,0,0.2,0,0.2,0,0,0.1,0.11,1.2,0.09,0.33,0.3,27.3,12.8,19.7,65.2,0.3,0.9,0.5,0,1.5,199.7,41.4,7.4,10.9,68,3.9,5.9,66.7,1.2,1.5,78.6,22.1,135.5,60.4,2.4,1.5,1,3.3,2.1,23.9,6.3,0.3,0.1,1,29.8,0.2,3.4,13.6,13.2,2.9,29.8,23.8,0,0.1,1.3,2.9,1.1,0.9,0.4,0.9,0.8,0.3,0.4,0.2,1.3,0.2,0,0.7,0.1,0,0,2.6,18.6,1,0.1,0,0.2,0.7,0,43.5,56.5,CF,0
Sekou Mara,2021-2022,19,Bordeaux,0.6,0,0.6,0.5,0.1,0.1,0,0.5,0.4,0.1,0.6,0,0.5,0.1,0.1,-0.1,0.12,3.7,0.14,0.31,1.6,43.2,12.8,19.2,66.8,0.7,1.1,0.5,0.1,1.5,183.4,42.5,7.4,10.4,70.5,3.7,5.1,72.5,0.8,1.2,66.7,20.6,103.6,32.8,0.7,0.5,0.4,3.5,1.6,22.6,4.7,0.4,0.2,2.4,34.4,0.6,2.5,16.4,16.1,4.6,34.3,46.9,0.2,0,2.1,2.4,0.8,0.4,0.1,0.7,0.7,0,0.7,0.2,1,0.6,0,0.2,0.1,0,0,3.4,16.6,2.5,0,0.1,0,0.4,0,32.3,67.7,CF,0
Serhou Guirassy,2021-2022,25,Rennes,0.8,0,0.8,0.8,0,0,0,0.7,0.7,0,0.8,0.1,0.8,0.1,0.1,0,0.18,4.1,0.2,0.53,1.5,37,20.8,26,79.9,0.4,0.9,0.4,0,2,289.7,37.8,13.2,15.4,85.6,4.5,6,75,1.7,1.9,86.4,24.5,110.4,33,0.7,0.6,0.2,3.2,1.4,33,7.6,0.1,0.1,2,38.6,0.6,2.3,17.5,19,6.1,38.6,52.1,0.1,0,1.9,3.1,0.4,0.2,0.1,0.5,0.4,0,0.4,0.1,0.4,0.7,0,0.4,0,0,0,2.7,24.4,1.6,0.1,0.1,0.3,0.1,0,43.8,56.3,CF,1
Serhou Guirassy,2020-2021,24,Rennes,0.5,0.1,0.6,0.5,0.1,0.1,0,0.5,0.4,0.1,0.6,0.1,0.6,0,0,-0.1,0.17,2.6,0.18,0.38,1.2,47.1,18.9,25.1,75.4,1.4,1.2,0.4,0,1.8,269.9,38,11.2,13.8,80.8,5,6.8,73.1,1.3,1.7,78.8,20.8,102.8,32.1,0.9,0.7,0.4,3.4,1.6,30.9,7.7,0.3,0.1,2.8,36.2,1.1,2,18.9,15.6,4.9,36.2,55.2,0.2,0,1.9,2.8,0.2,0.1,0.1,0.1,0.5,0.1,0.5,0.3,0.5,0.9,0,0.3,0.1,0,0,1.9,23.8,1.3,0.1,0,0.4,0.2,0,63.2,36.8,CF,1
Serhou Guirassy,2019-2020,23,Amiens,0.4,0.1,0.5,0.3,0.1,0.2,0,0.4,0.3,0,0.5,0.1,0.3,0,0,0.1,0.14,1.9,0.15,0.4,0.7,36.6,20.6,29.1,70.7,0.7,1.7,0.3,0,2.4,272.8,45.8,13.6,17.5,77.8,4.7,6.8,68.5,1,1.5,65.6,24.6,115.9,41.4,1.4,1.5,0.5,3.6,1.9,34.1,8.3,0.3,0.1,1.7,40.7,1.4,2.3,23.4,15.2,3.4,40.5,48.9,0.3,0,1.9,3,0.3,0.1,0.1,0.2,0.6,0.3,0.3,0.2,0.5,1,0,0.7,0.2,0,0,2.9,27.8,1.2,0.1,0,0.2,0.4,0,46.9,53.1,CF,0
Serhou Guirassy,2018-2019,22,Amiens,0.2,0.1,0.3,0.2,0,0,0,0.3,0.3,0.1,0.4,0.1,0.4,-0.1,-0.1,0,0.15,2.2,0.11,0.33,0.7,33.3,16.9,26.7,63.3,1,1.1,0.7,0.1,2.5,218.8,48.4,11.5,16.4,70.3,3.6,6.2,59.2,0.7,1.2,60,23.6,116,43.2,1.3,1.2,0.3,3.7,2.5,34.8,7.5,0.3,0.2,2.3,40.3,1.1,2.8,20.7,17.5,3.2,40.3,60.7,0,0.1,1.3,3.2,0.6,0.4,0,0.3,0.6,0,0.6,0.3,0.9,1.1,0,0.6,0,0,0,3.1,26.2,0.4,0.1,0,0.2,0.8,0,37.5,62.5,CF,0
Simon Banza,2020-2021,23,Lens,0.3,0.1,0.5,0.3,0.1,0.1,0,0.4,0.3,0.1,0.5,0.1,0.5,-0.1,-0.1,0,0.15,2.2,0.12,0.33,0.8,35.3,15,21.1,71,0.8,1.8,0.5,0.1,2.2,215.9,38.1,7.7,10.4,73.6,5.4,6.6,82.2,0.9,1.4,61.9,19.2,88,35.6,1.1,0.9,0.3,3.4,1.4,26.2,7.5,0.3,0.3,2.1,33.5,1.1,2.4,15.2,16.3,4.3,33.4,47.5,0.4,0.1,1.9,2.2,0.9,0.4,0.1,0.9,1,0.1,1,0.5,1.3,1,0,0.6,0.1,0,0,2.7,20,0.9,0.1,0,0.1,0.7,0,39.1,60.9,CF,0
Stéphane Bahoken,2018-2019,26,Angers,0.4,0,0.4,0.3,0.1,0.1,0,0.3,0.3,0.1,0.4,0.1,0.4,0.1,0.1,-0.1,0.11,2.3,0.14,0.3,1.1,46.9,12.2,17.5,70,0.8,0.6,0.4,0.1,1.2,157.8,25.2,6.4,8.5,75.1,3.5,4.7,75.8,0.5,0.9,62.5,16.7,85,25.5,1.1,0.8,0.6,3.7,2.2,20.3,6.3,0.1,0.1,1.8,28.6,0.1,1,13.9,14,3.8,28.5,32.8,0.1,0,2,1.3,0.5,0.3,0.1,0.7,1.3,0.1,1.2,0.3,0.8,0.2,0,1.1,0,0,0,1.6,15.2,2.3,0.1,0.1,0,1.1,0,35.3,64.7,CF,0
Stéphane Bahoken,2019-2020,27,Angers,0.4,0,0.4,0.3,0.1,0.1,0,0.3,0.3,0.1,0.4,0.1,0.3,0.1,0,-0.1,0.14,1.8,0.17,0.38,0.8,44.4,14.2,19.3,73.7,1.1,0.5,0.4,0.2,0.8,183.8,26.3,8.3,9.9,84,3.5,5.1,68.6,0.5,1.4,35.7,19.3,95.9,25.8,1.6,0.6,0.8,3.7,2.3,24.1,7.3,0.2,0.2,1.9,28.8,0.3,1.4,13.6,14.1,4.2,28.7,23.4,0.3,0,2.4,1.2,0.7,0.4,0.1,0.6,0.4,0.1,0.3,0.2,0.9,0.2,0,0.6,0,0,0,2.1,17.3,1.9,0,0,0,1.5,0,45.5,54.5,CF,0
Stéphane Bahoken,2017-2018,25,Strasbourg,0.4,0.1,0.4,0.4,0,0,0,0.4,0.4,0.1,0.5,0.1,0.5,0,0,0,0.18,2,0.19,0.47,0.8,40.5,12.7,18.4,68.8,0.7,0.4,0.9,0.4,1.2,169.6,37.9,7.7,9.4,82.7,3.5,4.9,71.1,0.5,1.1,47.6,18.4,101.8,41.8,1.7,0.7,0.6,2.9,1.8,20.3,6.7,0.1,0.1,1.7,28.1,0.1,2.1,12,14.3,3.2,28.1,34.1,0.3,0,2.5,1.1,0.9,0.6,0.2,1,1,0.1,0.9,0.5,1.4,0.1,0,1.1,0,0.1,0,2.6,16.9,1.5,0.1,0,0,2.3,0.1,36.8,63.2,CF,0
Stéphane Bahoken,2020-2021,28,Angers,0.3,0.1,0.4,0.3,0,0.1,0.1,0.5,0.4,0.1,0.5,0,0.5,-0.1,-0.1,0.1,0.13,3.3,0.1,0.26,1.3,39,13,18.5,70.3,0.6,0.8,0.4,0.1,1.2,175.5,23.9,7.5,9.4,79.9,3.9,5.2,74.5,0.6,0.8,73.3,19.4,108.5,41.6,1.9,1,0.8,3.9,1.9,23.6,6.1,0.2,0.1,1.2,31.1,0.5,1.2,14.8,15.4,4,31,32.1,0.2,0,1.7,1.6,0.5,0.3,0.2,0.4,0.5,0,0.5,0.5,1,0.5,0,0.9,0,0,0,2.2,16.9,1.6,0,0.1,0,1.1,0,58.3,41.7,CF,0
Stevan Jovetić,2017-2018,27,Monaco,1,0.1,1.1,1,0,0,0,0.6,0.6,0.1,0.7,0.1,0.7,0.3,0.3,0.1,0.17,4.2,0.23,0.53,1.8,42.9,20.6,30.7,66.9,1,1.9,1,0,3.8,298.7,76.6,12.2,16.9,72.3,6,8.8,67.6,1.1,2,52.9,28.2,143.7,77.1,2.3,2.7,0.4,3.1,2.2,35.3,7.4,0.7,0.4,3.3,42.2,0.4,1.6,21.5,20.4,4.5,42.2,45.6,0.1,0,1.8,1.3,0.5,0.5,0,1.1,0.6,0,0.6,0.4,0.8,0.4,0,0.8,0,0,0,4.3,29.9,0.6,0,0.4,0.2,0.5,0,54.5,45.5,SS,0
Steve Mounié,2021-2022,26,Brest,0.4,0.1,0.4,0.3,0.1,0.1,0,0.5,0.4,0,0.5,0,0.4,-0.1,-0.1,0,0.15,2.8,0.1,0.3,0.9,31.9,16.7,28.1,59.3,0.7,1.8,0.5,0,2.5,223.4,60.2,10.3,15.6,65.9,4.7,8.6,54.8,0.5,1,56,21,105.5,35,1.1,1.1,0.2,3.5,0.9,31.4,4.1,0.4,0.2,1.9,39.7,0.6,3.3,21.4,15.4,4.5,39.6,65,0.1,0,1.7,1.1,0.7,0.2,0.2,0.9,0.5,0,0.5,0.2,0.9,0.5,0,0.4,0,0,0,2.5,28,0,0,0.1,0.2,0.4,0,32,68,CF,0
Steve Mounié,2020-2021,25,Brest,0.3,0.1,0.4,0.3,0,0.1,0,0.4,0.4,0.1,0.5,0.1,0.4,-0.1,-0.1,0,0.13,2.6,0.1,0.24,1.1,42.3,14.4,25.2,57,0.6,1.1,0.4,0.1,1.6,201.9,43.9,8.4,13.6,61.9,4.5,7.8,57.6,0.7,1.1,61.8,16.6,73.6,23.3,0.9,0.6,0.2,2.3,1.2,27.5,4.7,0.3,0.2,1.6,35.6,1.4,3.6,16.3,16,5.2,35.5,71,0.2,0,2.3,0.9,0.5,0.4,0.1,0.8,0.6,0.1,0.5,0.4,0.9,1.3,0,0.7,0,0,0,2.6,24.7,0.3,0,0,0.1,0.4,0,48.1,51.9,CF,0
Suk Hyun-jun,2017-2018,26,Troyes,0.5,0,0.5,0.5,0,0,0,0.4,0.4,0.1,0.5,0,0.5,0.1,0.1,-0.1,0.18,2.3,0.2,0.6,0.8,33.3,12.8,23.9,53.6,0.9,0.7,0.3,0.1,1.3,150.4,37.5,8.7,12.5,69.3,2.5,6.1,40.7,0.5,0.9,50,16.6,93.5,35.4,1.9,0.9,0.8,3.5,1.4,27.7,6.3,0.1,0,1.7,35,0.5,3.2,15.3,16.9,4.7,35,52.4,0.4,0,3.3,2.6,0.5,0.4,0.1,0.6,0.8,0,0.8,0.1,0.5,0.5,0,0.3,0,0,0,2.2,21.3,2.4,0.1,0,0.1,1.1,0,26.9,73.1,CF,0
Suk Hyun-jun,2018-2019,27,Reims,0.3,0,0.3,0.3,0,0,0,0.4,0.4,0.1,0.4,0,0.4,0,0,-0.1,0.16,2.4,0.14,0.43,0.8,33.3,9.9,19.7,50,0.9,1.7,0.5,0.3,1.7,138.9,29.4,6.1,9.8,62.8,3,5.7,52,0.3,1.5,23.1,13.8,73.5,26.6,1.2,0.3,0.6,3.6,1.1,24.3,5.2,0.1,0,1.1,30.9,0.6,1.7,13.6,15.5,4.3,30.9,54.8,0.3,0,2.7,1.8,1.2,0.9,0,0.9,0.2,0.1,0.1,0.2,1.5,0.5,0.1,1.5,0,0,0,1.2,18.8,0.9,0,0,0,1.4,0,54.5,45.5,CF,0
Terem Moffi,2020-2021,21,Lorient,0.6,0.1,0.7,0.6,0,0,0,0.4,0.4,0.1,0.6,0.1,0.6,0.2,0.2,-0.1,0.17,2.4,0.24,0.54,1,43.6,11.5,16.8,68.2,1.1,0.6,0.6,0,1.5,156.6,29.4,6.9,9.6,71.6,3,4.2,71.9,0.6,1,60.9,15.6,82.5,34.9,1.5,1.5,0.8,4.1,1.9,20.4,5.7,0.3,0.1,2.4,28.9,0.3,1,13.3,15.2,4.3,28.8,32.8,0.1,0,1.3,0.8,0.6,0.3,0.2,0.7,0.2,0.1,0.1,0.2,0.7,0.3,0,0.5,0,0,0,2.5,14.9,1.8,0,0,0,0.2,0,41.4,58.6,CF,0
Terem Moffi,2021-2022,22,Lorient,0.3,0.1,0.4,0.2,0.1,0.1,0,0.4,0.3,0.1,0.5,0.1,0.4,-0.1,-0.1,0,0.16,1.9,0.1,0.3,0.7,34.5,13.7,18.8,72.8,1.1,1.1,0.5,0.1,1.6,190.9,38.3,7.9,9.9,79.8,3.7,5.2,71.3,0.9,1.3,66.7,17.3,97.3,45.4,1.7,1.1,1.1,3.3,1.4,21.4,5.1,0.3,0.2,2.3,29.2,1,2.3,14.2,13.1,4.6,29.2,34.9,0,0,0.8,0.6,0.6,0.3,0.3,0.8,0.4,0.1,0.3,0.1,0.7,0.7,0,0.5,0,0,0,2.4,17.5,1.3,0,0.2,0.1,0.2,0,52.4,47.6,CF,0
Thierry Ambrose,2020-2021,23,Metz,0,0.1,0.1,0,0,0,0,0.1,0.1,0.2,0.3,0.1,0.3,-0.1,-0.1,0,0.05,2.3,0,0,0.7,31.6,19.6,29,67.5,1.3,2.5,1.1,0.2,3.6,308.4,76.9,9.9,13.5,73.5,6.1,7.8,78.5,1.9,3.6,53.3,26.7,172.6,69.3,3.1,2,1.1,3.9,3.1,33.1,9.2,0.2,0.2,3,40.2,0.6,1.6,19.6,19.6,4.2,40.2,42,0.5,0,2.6,1.1,0.8,0.5,0.2,1.2,0.2,0,0.2,0.2,1.1,0.5,0,0.4,0,0,0,3.9,27.4,1.6,0.1,0.1,0.2,2.3,0.4,58.1,41.9,CF,0
Tino Kadewere,2020-2021,24,Lyon,0.4,0.1,0.6,0.4,0,0,0,0.4,0.4,0.2,0.6,0.1,0.6,0,0,0,0.17,2.6,0.17,0.43,1,39,20.3,28.1,72.1,0.9,0.9,0.9,0.2,1.7,278.6,52.3,12,14.9,80.4,6,8.6,69.8,0.9,1.7,52.6,24.9,107,47.3,1.6,1.1,0.8,2.4,1.5,28.9,8.3,0.5,0.4,3.1,40.9,1.6,5.6,15.6,20.3,5.4,40.9,46.5,0.2,0,1.6,1.1,1.6,1,0.8,1.4,0.7,0.1,0.6,0.9,2.5,1.4,0,0.4,0,0,0,5.2,27.7,0.4,0,0.1,0.1,1.5,0,52.7,47.3,CF,0
Umut Bozok,2018-2019,21,Nîmes,0.1,0.2,0.4,0.1,0,0.1,0.1,0.3,0.2,0.1,0.5,0.1,0.3,-0.2,-0.1,0.1,0.1,2,0.07,0.22,0.7,32.1,15.7,21.3,74,1,1.1,0.2,0,1.1,224.9,35.9,9,11.4,79.5,4.7,5.8,80,0.9,1.5,65,21.6,105.7,31,1,0.8,0.4,2.4,2.6,25,5.4,0.4,0.3,2.6,31,0.1,1.6,14.8,15.1,3.1,30.9,32.1,0.1,0,1,2.2,0.7,0.4,0.1,0.1,0.2,0,0.2,0.4,1,0.1,0,0.8,0,0,0,2.9,18.9,2.3,0,0.2,0,0.3,0,48,52,CF,0
Valère Germain,2017-2018,27,Marseille,0.4,0.2,0.6,0.4,0,0,0,0.4,0.4,0.2,0.6,0.1,0.6,0,0,0,0.15,2.5,0.15,0.32,1.2,47.5,16.4,22.5,72.7,1,0.7,0.6,0.2,1.5,192.7,31.3,8.9,11.4,77.8,3.5,5.2,68,0.7,1.3,51.6,18.1,61.6,23.9,0.8,0.6,0.2,1.2,0.8,21.7,6.1,0.4,0.2,2.4,29.7,0.8,2,12.6,15.4,4.1,29.7,33.3,0.1,0,1,0.6,0.7,0.5,0.1,0.6,0.5,0,0.5,0.2,0.9,0.8,0,0.5,0,0,0,2.2,20.6,1.7,0,0.3,0.1,1.1,0,44.4,55.6,CF,0
Valère Germain,2018-2019,28,Marseille,0.3,0.1,0.4,0.3,0,0,0,0.2,0.2,0.1,0.3,0.1,0.3,0.1,0.1,0,0.09,2.2,0.15,0.42,0.8,35.8,19.2,25.4,75.4,0.8,1.1,0.2,0,1.2,220.9,38.7,11.3,13.6,83,4.5,6.1,74,0.4,0.7,56.3,17,50.4,14.5,0.4,0.1,0.2,1.8,0.7,23.8,4.6,0.3,0.2,1.9,35.1,1.3,3.6,18.3,13.4,4.2,35.1,40.2,0,0,0.9,0.8,1.6,1,0.3,1,0.8,0.2,0.6,0.2,1.8,1.2,0,0.2,0,0,0,2.4,24,1.3,0.2,0,0,0.9,0,37.5,62.5,CF,0
Victor Osimhen,2019-2020,20,Lille,0.5,0.2,0.7,0.4,0.1,0.1,0,0.6,0.5,0.1,0.7,0.1,0.6,-0.1,-0.1,0,0.16,3.3,0.13,0.34,1.3,38.6,8.6,14.7,58.6,0.8,0.6,0.2,0.1,0.4,103.9,20.1,5.7,8.4,67.6,1.6,3,53.9,0.4,0.8,45,12.6,69.8,29.2,1.4,0.7,0.9,2.9,1.5,18.7,5.8,0.3,0.2,1.8,26.4,1.4,1.8,8.9,15.8,5.6,26.2,43.4,0.2,0,2.2,1.6,0.3,0.2,0,0.4,0.3,0,0.3,0.4,0.7,1.3,0,1.3,0.1,0,0,2.1,13.6,1.1,0,0,0,0.9,0,39.5,60.5,CF,1
Wissam Ben Yedder,2019-2020,28,Monaco,0.7,0.2,0.9,0.6,0.1,0.1,0,0.6,0.5,0.3,0.9,0.2,0.8,0.2,0.1,-0.1,0.2,2.5,0.25,0.45,1.4,54.1,24.6,34.1,72.2,1.9,2.4,1.3,0.2,4.2,319.1,96.4,16.2,19.5,83.2,6.1,8.4,72.4,0.9,2.1,43.1,26.2,150.1,76.9,3,1.9,1.2,2.1,1.6,33.1,8.7,0.4,0.2,3.7,43.7,0.3,2.5,18.8,22.9,6,43.5,26.1,0,0,0.4,0.7,0.9,0.7,0.3,0.5,0.5,0,0.5,0.2,1.1,0,0,0.3,0,0,0,3.2,32.3,1.6,0.2,0.5,0.1,1.3,0,60.7,39.3,CF,0
Yaya Sanogo,2017-2018,24,Toulouse,0.4,0,0.4,0.4,0,0,0,0.5,0.5,0,0.5,0,0.5,-0.1,-0.1,0,0.16,2.9,0.12,0.27,1.3,44.9,10.6,19,55.9,0.7,1.4,0.4,0,2,148.4,32.1,6.5,10.2,63.4,3.2,5.7,56.8,0.5,1,56.3,18.7,61.9,19.6,0.6,0.5,0.2,3.2,1.8,24.7,5.7,0.3,0.1,2.3,29.9,1,1.8,11.4,16.8,5.4,29.9,50.6,0.4,0,3.2,2.4,0.7,0.4,0.2,0.5,0.4,0.1,0.3,0.4,1,0.8,0.1,0.7,0.1,0,0,2.6,18.3,0.7,0.1,0.1,0.2,0.3,0,51.9,48.1,CF,0
Yaya Sanogo,2019-2020,26,Toulouse,0.3,0.1,0.4,0.2,0.1,0.1,0,0.3,0.2,0.1,0.4,0.1,0.3,0,0,0,0.1,2.5,0.08,0.2,1,40,11.1,17.1,64.7,0.8,0.4,0.2,0,0.8,136.1,19.7,7.4,10.6,70.1,2.9,4.2,69,0.1,0.2,50,15,47.4,14.4,0.4,0.2,0,2.5,1.2,21.4,4.4,0.2,0.1,1.8,29.1,1.4,2.9,13.6,12.9,4.4,29,43,0.1,0,2.8,2.2,0.6,0.3,0.1,0.1,0.4,0.1,0.3,0.7,1.3,1.4,0,0.5,0,0,0,2.2,15.8,1.2,0.1,0.1,0,0,0,33.3,66.7,CF,0
Yaya Sanogo,2018-2019,25,Toulouse,0.2,0,0.2,0.1,0.1,0.1,0,0.6,0.5,0.1,0.6,0.1,0.6,-0.4,-0.4,-0.1,0.16,3.3,0.04,0.12,1.2,37.8,11.9,18.8,63.3,0.8,0.4,0.3,0,1,146.5,23.2,7.4,11.4,64.6,2.8,3.6,78,0.4,0.9,50,16.4,47,14.1,0.6,0.3,0.5,2.8,1.7,24.5,6.5,0.4,0.1,2.7,30.3,1.2,2.3,11.4,16.8,6.5,30.3,51.6,0.2,0,3,2,0.3,0.1,0.1,0.1,0.2,0,0.2,0.2,0.5,1.1,0,0.4,0.1,0.1,0,3,18.2,0.4,0,0,0.1,0.1,0,26.7,73.3,CF,0
Yoane Wissa,2020-2021,23,Lorient,0.3,0.1,0.5,0.2,0.1,0.2,0,0.4,0.3,0.1,0.5,0.1,0.4,-0.1,-0.1,0,0.17,1.8,0.12,0.32,0.6,36.5,18.5,25.1,73.5,1,1.1,0.5,0,2.1,254.3,62.1,10.3,12.5,82.7,5.9,7.8,75.9,0.7,1.9,36.8,22.5,144.1,77.7,2.7,1.8,0.8,2.4,1,25.9,6.2,0.5,0.3,3,36.6,0.9,5.2,18.1,14.3,3.1,36.4,60.3,0.1,0,1,2.9,1.2,0.7,0.4,0.8,0.8,0.1,0.7,0.7,1.9,0.5,0,0.3,0.1,0,0,4.8,24.6,0.4,0.2,0.2,0.1,1,0,56.1,43.9,CF,1
Zinedine Ferhat,2019-2020,26,Nîmes,0.1,0.2,0.3,0.1,0,0,0,0.2,0.2,0.2,0.4,0.2,0.4,0,-0.1,0.09,1.8,0.07,0.23,0.5,28.9,23.5,37.6,62.6,2,2.2,1.5,0.7,3.3,381.9,140.6,12.8,16.7,76.3,7.1,11.2,63.2,2.5,5.9,42.6,28.9,195.1,91.5,3.4,1.7,1.4,2.3,1.7,34.1,7.9,0.2,0.2,4,2.2,49,0.9,5,18.8,25.8,3.2,49,60.2,0,0,0.7,2.2,1,0.6,0.6,1.2,0.6,0.1,0.5,0.6,1.7,0.7,0,0.3,0,0,0,4.6,32.5,4.8,1.7,0.1,0.2,6.6,2.4,48.1,51.9,RW,0
Zinedine Ferhat,2020-2021,27,Nîmes,0.2,0.3,0.5,0.2,0,0,0,0.2,0.2,0.2,0.4,0.2,0.4,0,0.1,0.08,1.9,0.08,0.23,0.7,36.1,24.9,37.8,65.9,1.5,2.3,1.5,0.5,3.7,394.7,117.6,13.2,16.7,78.7,7.6,11.9,64.4,2.6,5.5,46.7,29.9,176.6,76.8,2.8,2.2,1.1,2.7,1.5,37.8,8.1,0.6,0.4,3.4,2.2,51.3,1.3,6.9,21.3,23.7,3.3,51.3,51.4,0.1,0,0.7,2,1.1,0.6,0.5,0.6,0.7,0,0.7,1,2.1,1.2,0,0.3,0.1,0,0,4.4,35.2,2.4,0.5,0.2,0.3,3.8,1.2,50,50,RW,0
Renaud Ripart,2020-2021,27,Nîmes,0.3,0,0.3,0.1,0.2,0.2,0,0.3,0.2,0.1,0.4,0.1,0.2,0,-0.1,0.09,1.8,0.08,0.26,0.6,31.1,23.7,35.2,67.4,0.6,2.3,0.6,0.2,3.7,383,115.5,12.1,15.4,78.7,8.4,11.6,72.3,2.1,4.1,51.1,25.6,117.1,50.2,1.2,0.9,0.3,2.1,1.5,30.5,4.5,0.1,0.1,2,1.2,49,1.9,9.7,24.2,15.9,2.3,48.8,48.3,0.1,0,0.9,1.9,1.5,0.9,0.8,1.7,1.7,0.4,1.4,1.1,2.6,1.6,0,0.1,0,0,0,4.8,31.9,3.3,0.7,0.1,0.3,1.8,0,38.9,61.1,CF,0
Renaud Ripart,2021-2022,28,Troyes,0.1,0.1,0.2,0.1,0,0,0,0.1,0.1,0.1,0.3,0.1,0.3,-0.1,0,0.07,1.9,0.05,0.15,0.6,31.7,22.1,32.1,68.9,0.8,1.9,0.6,0.3,2.9,338.3,79.9,12.1,15.7,77.3,6.8,9.4,72.6,1.7,3.2,53.7,29.8,156.8,68.6,1.9,1.3,0.3,2.5,1.7,32.4,7,0.1,0.1,2.4,1.6,45.1,1.5,7.5,21.6,16.6,2.9,45.1,40.2,0.1,0,1.1,1.9,1.8,1,0.9,1.5,1,0,1,0.9,2.7,1,0,0.2,0,0,0,4.6,30,2.1,0.1,0,0.2,2.3,0,47.9,52.1,CF,0
Rui Fonte,2018-2019,28,Lille,0.1,0,0.1,0.1,0,0,0,0.1,0.1,0,0.1,0,0.1,0.1,0,0.05,1.9,0.08,0.25,0.6,30.8,21.2,27.3,77.9,1,1.1,0.1,0,2.4,258.7,59.7,13.5,16.4,82.5,4,5.2,77.8,1,1.6,63.6,16.5,75.5,23.5,0.9,1.1,0.4,1,2.4,25.8,5.7,0.1,0.1,1.9,1.7,37.8,1.1,2.3,19.1,16.7,2.7,37.8,56.1,0.1,0,3.2,0.6,3.6,1.7,0.9,0.7,0.6,0,0.6,0.3,3.9,1.1,0,0.3,0,0,0,3.3,25.4,1.9,0.3,0,0,0.3,0,33.3,66.7,CF,0
Wesley Saïd,2017-2018,22,Dijon,0.4,0.1,0.5,0.4,0,0,0,0.2,0.2,0.1,0.3,0.1,0.3,0.2,0,0.09,2.4,0.18,0.39,1.1,46.9,18.4,24.8,74.3,0.7,1.4,0.4,0,2.3,253.9,57.7,10.7,12.7,84.2,5.6,7.8,71.9,0.8,2,39,21.7,118.8,60.5,1.7,1.5,0.4,1.7,1.3,24.2,6.1,0.5,0.2,2.4,1.4,33.8,0.3,4,16.4,14.1,3.3,33.8,34.8,0.2,0,1.9,0.9,1.6,1.1,0.3,0.9,0.7,0,0.7,0.7,2.3,0.2,0,0.3,0,0,0,3.5,22.8,1.8,0.1,0.2,0,0.9,0.1,66.7,33.3,CF,0
Wesley Saïd,2018-2019,23,Dijon,0.2,0,0.2,0.2,0,0,0,0.2,0.2,0.1,0.3,0.1,0.3,0,-0.1,0.07,2.3,0.07,0.16,1,43.1,17,23.9,71.1,1,1.3,1.2,0,3.1,253.3,63,9,11.1,81.3,6,7.7,78.2,1,2.2,44.4,18.9,154,82.8,2.7,1.6,1,1.8,1.2,22.9,6.4,0.3,0.1,2.6,1.5,32.4,0.4,2.9,12.8,17.7,3.5,32.4,36.5,0.2,0,2,0.5,1,0.7,0.2,0.6,0.4,0,0.4,0.4,1.4,0.4,0,0.3,0,0,0,3.4,21.9,1.8,0.5,0.1,0.2,1.4,0.3,67.2,32.8,CF,0
Wesley Saïd,2019-2020,24,Toulouse,0.2,0.1,0.2,0.2,0,0,0,0.3,0.3,0.2,0.4,0.1,0.4,-0.1,-0.1,0.13,1.9,0.08,0.2,0.8,40,25.9,32.4,79.9,0.9,2.6,1,0.2,3.9,394.3,121.1,14.7,16.6,88.3,8.1,9.9,81.3,2.1,3.5,60,26,186.2,106.1,3.3,1.8,0.7,1.9,1.3,29.5,6.5,0.2,0.2,2.9,1.6,43.4,1.2,6.8,22,15.3,3.2,43.4,46.4,0.2,0,0.9,0.6,1.6,0.7,0.2,0.9,0.5,0,0.5,0.7,2.2,0.6,0,0.1,0,0,0,4.9,30.3,1.9,0.7,0.1,0.1,1.6,0.2,68.3,31.7,CF,0
Wesley Saïd,2021-2022,26,Lens,0.7,0,0.7,0.7,0,0,0,0.6,0.6,0.1,0.7,0.1,0.7,0.1,-0.1,0.17,3.6,0.19,0.5,1.4,38.5,22.6,31.9,70.7,1.9,2.5,0.6,0,4.4,342.7,90.3,11.7,14,83.3,7.6,11,68.8,1.8,3.3,54.2,27.7,180.3,104.4,2.9,2.3,1,2.5,0.7,33.9,6.7,0.7,0.3,3.9,2.8,42,0,1.1,23,18.4,5.4,42,46.2,0.3,0,2.3,0.8,1.4,0.7,0.1,1.1,0.6,0,0.6,0.3,1.7,0,0,0.4,0.1,0,0,2.3,30.6,0.8,0.4,0,0.3,1.4,0,76.9,23.1,CF,0
Yacine Bammou,2017-2018,25,Nantes,0.4,0,0.4,0.4,0,0,0,0.1,0.1,0,0.2,0.1,0.2,0.2,0,0.05,2.7,0.14,0.43,0.9,31.8,23.7,33.8,70.2,0.7,1,0.9,0.1,2.2,326.7,81.1,14.5,17.4,83.6,6,8.1,73.8,1.6,3.8,41.9,25.4,127.2,57.1,1.9,1.5,0.4,1.7,1.6,30.5,7.3,0,0,2.1,1.6,46.6,1.5,9.1,19.1,19.2,2.9,46.6,33.3,0.2,0.1,2.4,1,2.2,1.4,0.5,1.2,2,0.5,1.5,0.7,3,1.1,0,0.6,0,0,0,6.5,33.5,0,0,0.1,0.5,2.1,0,28.6,71.4,CF,0
Yacine Bammou,2018-2019,26,Caen,0.2,0,0.2,0.1,0.1,0.1,0,0.1,0.1,0,0.2,0.1,0.1,0.1,0,0.04,1.6,0.06,0.25,0.4,25,22.9,32.3,71,0.6,0.1,0.5,0.3,1.7,295.5,62.7,15.8,17.9,88,5.1,7.4,68.4,0.9,2.9,30,21.8,97,40.2,1.2,1.3,0.4,2,1.7,27.5,6.1,0.1,0.1,1.9,1.7,44.1,2,7.4,20.3,16.8,2.3,44,44.4,0.2,0,0.9,0.9,1.4,0.7,0.3,0.5,1.4,0.3,1.1,0.9,2.2,1.7,0,0.3,0,0,0,4.6,31.6,0.5,0,0,0.3,2.4,0,50,50,CF,0
